Date,1/N Equal Weight,MVO Max-Sharpe (Sample),MVO Max-Sharpe (Ledoit-Wolf),MVO Max-Sharpe (LW + Shrunk Means),Michaud Resampled (Sample),Black-Litterman (Momentum views),Minimum Variance (Ledoit-Wolf),Risk Parity (Ledoit-Wolf)
2012-02-01,0.00151785405104099,0.0052419479167387095,0.005069511174436991,0.0026045415475342004,0.0004253996321381681,0.004230781251350901,0.0022754276356073966,0.0014785743100094173
2012-02-02,0.0017442917826251403,-0.0020150408174690604,-0.0020013458502329273,-0.0008959524126002094,-0.001022473905111232,-0.0012722099258951625,-0.00032101983697085945,0.0007309881142891772
2012-02-03,0.012979026527592863,0.01054122752125286,0.010555553678390561,0.003818886943410593,0.009201643970795592,0.0043546911933138865,0.0027877049546876087,0.009684888821847704
2012-02-06,-0.0003246958749475448,0.0006452926842273055,0.0005805121033126692,0.0020025020617711053,0.000901170532824791,0.0036441558763355975,0.0009010782652507654,0.00041039186609337364
2012-02-07,0.0030609442372422357,0.006694275490109591,0.006689745299273131,0.006549349380139402,0.006243238469091361,0.006527376253260497,0.004064811427814119,0.003616739413546899
2012-02-08,0.004489994203524805,0.00257148325542067,0.0026231237474634295,0.0024619604655311544,0.003305322852678483,0.0030087053446323786,0.0016019533931916907,0.0029591759225033876
2012-02-09,0.0009773462510178632,0.00628711104952151,0.006347673369277773,0.007801378921835189,0.006826260782506699,0.007822845628959296,0.002092266960996181,0.001499065383591791
2012-02-10,-0.00601688802825584,-0.000900863806691965,-0.0008787683322502016,1.8944615292060263e-05,-0.0017726658366891135,-0.0025954286739852117,-0.0026199997644188455,-0.004809618934253024
2012-02-13,0.009927903973538488,0.012698811242020547,0.012727183521774155,0.007864144908432236,0.01129460652813874,0.00825191150074911,0.0033041638882089774,0.008323099342797846
2012-02-14,0.0019451326940922442,0.007649609421439996,0.007635372243036231,0.006884827464761933,0.006304144080746532,0.005660236433698396,0.0036057604495123297,0.0024748741866060797
2012-02-15,-0.007778570544551333,-0.012009741653921657,-0.01205756649656764,-0.008729673137760074,-0.010535103047328187,-0.008039735035783702,-0.004270129927998911,-0.0067134330327364156
2012-02-16,0.010446475969542401,0.007011125359242643,0.006934960080819064,0.007057141531668476,0.00670710012401643,0.011103688786974875,0.010268222506564229,0.010056252827052026
2012-02-17,0.0011397671419979272,0.003559812693476161,0.0035596738839063224,0.001984857819542052,0.0027796683338121575,0.0008136239818135049,1.064625885605075e-05,0.0013716994024106643
2012-02-21,0.005601393608768435,0.00908019457183995,0.009132238587863162,0.005790628947059062,0.008107637986955352,0.008590037360124647,0.001311685156464959,0.004523457933453656
2012-02-22,-0.003929160476676796,-0.0005771091699416919,-0.0006561259200006386,-0.001658613883286586,-0.002052288722366402,-0.0018179864346540286,-0.0009689844605353937,-0.0030561433265401394
2012-02-23,0.005145604255902381,0.0028471531267597605,0.0028275829947024267,0.005882081998803468,0.003850829252675325,0.005641433918900374,0.007569733022574354,0.0059260616787071285
2012-02-24,0.002237559211242246,0.004101153751894238,0.0041717957251212745,0.005167578784382565,0.004593991727924962,0.005733738055948789,0.0032318210371917733,0.0027556709891163322
2012-02-27,9.414089929005165e-05,0.0002808004752949955,0.0002954264088084191,0.0009626750456128708,0.0006734985115190995,0.0010749739514410717,-6.502959941434572e-05,0.00014030739307346884
2012-02-28,0.00568469010834316,0.005892198627687639,0.005943468344372871,0.0058529203534214425,0.006848699821492943,0.007294763752500044,0.005916167935729133,0.006000325134045692
2012-02-29,-0.0033105354793540043,0.002954999394163993,0.002785426776299449,0.00535932431597419,0.001466685692269376,0.0029764380670034285,0.001739117996438777,-0.0017232570561092064
2012-03-01,0.0067811783331976905,0.00093138938938786,0.0008757746185297233,-0.0002563360418101901,0.001023196697680362,0.003079715765787583,-0.001036711321259487,0.004253634196397904
2012-03-02,-0.0019266143414585768,-0.002443712897885253,-0.002480235036180667,-0.0013433031412558583,-0.002100566799738801,-0.0023587859358006336,-0.0015653333936926916,-0.0020616660368216744
2012-03-05,-0.0066582722370135405,-0.00889741430367863,-0.009008803370891716,-0.005213515852235284,-0.007661763265924271,-0.00540070013662064,-0.0013927177036943128,-0.004548136072332509
2012-03-06,-0.012437271331178668,-0.011444496375190849,-0.011595344396495899,-0.006573644164742709,-0.009612458572621385,-0.007378766723771579,-0.006086892335439131,-0.010435302775582023
2012-03-07,0.007729757322051611,0.006233246786337743,0.006318138673176765,0.0024229274269531587,0.005885135426870525,0.003989547074525923,0.0014670392387128306,0.005814793854971523
2012-03-08,0.00938390839058778,0.012504385638154814,0.012615906691028966,0.010251992186197656,0.012513612842962818,0.010146612599550409,0.0073239612324915715,0.00867132839838769
2012-03-09,0.0001375903907905318,0.003917761967341615,0.0038984112123321424,0.003294823407835823,0.0017672051450017268,-0.00012911028826168014,0.001379744470450861,0.0002846796445949984
2012-03-12,0.0015353162282865096,0.004779051796377498,0.004645600012386453,0.008578582480782693,0.00503099502977844,0.006237243240911239,0.008767903318171122,0.0038411716837929433
2012-03-13,0.019718104342939746,0.014950353292575436,0.01511797652105451,0.010625595794206077,0.014483994251152543,0.013765646791313646,0.007674173805158668,0.015757893222944297
2012-03-14,-0.0038460971763083496,0.006267997489146859,0.006333938501869696,0.005492211204590314,0.005385313601237396,0.005836339221804376,-0.00108893269337762,-0.002730735338867807
2012-03-15,0.004494736849646186,-0.00038536371665987,-0.0003682746059766595,-0.0014119240958421209,-0.0005841740450285293,-0.0011486028970369988,-0.00010116903841883573,0.0027355228855761027
2012-03-16,-0.0007761897946159113,-0.0013910909091137125,-0.0013823273293175342,-0.0019604329750410043,-0.0008161687000907136,-0.000624849070745892,-0.002170237469424685,-0.0011848738289803595
2012-03-19,0.004091228472914654,0.006850931918093828,0.006877164177685691,0.006507780751805914,0.00692700759352971,0.006620864090436607,0.0017648445729603335,0.003447945682638398
2012-03-20,-0.0006640264879747004,-0.0021868073752602246,-0.002328718649400874,0.001402263832277928,-0.0005115174263368161,0.0005985185031700535,0.00019455242205390633,-0.00033969729458083187
2012-03-21,-0.0023770196466270654,-0.0021531151172414775,-0.0022374149715777003,0.0005614284830115501,-0.0019692281095817776,-0.002616165662091441,0.001060084004501416,-0.0016079547881496792
2012-03-22,-0.005182825342790465,-0.003428282576122821,-0.003523881635135284,-0.0005829403500033914,-0.004289255683429638,-0.003597590251756655,-0.0003521848142066242,-0.003746621636906977
2012-03-23,0.0045251488899229475,-0.0002973135874678734,-0.0002647957833563641,-0.000546484061230812,0.0013319299188030431,0.0010243011999380158,0.0010877559046027496,0.0033055217665207692
2012-03-26,0.015500602430773336,0.013315568243128961,0.013338478179913738,0.011204031923567115,0.014403154387438777,0.016461106615463406,0.009016841755670635,0.013863672864404375
2012-03-27,2.8569216959706267e-05,0.002643119671585925,0.002621177396523011,0.0027496763833458893,0.0028861865768181616,0.003038194844882991,0.0011068317040323628,0.000151424135650835
2012-03-28,-0.0031226905654148096,-0.002244577532746539,-0.002331682608442187,0.0011068982139661454,-0.003061991338576875,-0.0023122809086547624,-0.0002139337705108213,-0.002489150355116987
2012-03-29,0.003937501552293998,0.00984705541926667,0.009952398828574127,0.004788494758792172,0.007234396799679077,0.00457773998324984,0.0016168263614690925,0.003988657503394499
2012-03-30,0.003570655901161901,0.0022189103516108144,0.0022125253227733843,0.0009957387182699673,0.0006403652058675213,0.00011399874157813628,0.0031347150601823692,0.003512326759201212
2012-04-02,0.003616475392982599,0.008510465486351038,0.008414314285673408,0.009817971740272657,0.007511734775363488,0.007024125849652396,0.007169092055476778,0.004278936061800076
2012-04-03,-0.004676095854139972,0.0039212589507662265,0.003937815725869598,0.002547983986010971,0.002140808737616906,0.00010241876720518128,-0.0023544619036806047,-0.004045258013002706
2012-04-04,-0.010875783494722624,-0.002627536740023806,-0.002727024551450463,-0.0017288151240431038,-0.005624695035835292,-0.009416456046235644,-0.0030611540488668654,-0.008581174938284475
2012-04-05,0.0011892961425952198,0.007412022535654206,0.007398831664246153,0.00601613206506868,0.00534968605092101,0.005471794417611475,0.0036104899634614718,0.0017961710168803435
2012-04-09,-0.009533435432866999,-0.004620583191673688,-0.004644483509522623,-0.0049591600665762625,-0.006466784311280782,-0.006676781204123627,-0.006680885776618961,-0.008712186266595867
2012-04-10,-0.01762607101308844,-0.012797082108369273,-0.01284947442852824,-0.011063893302629468,-0.014718595955899638,-0.014816247465495924,-0.01134817090507001,-0.01582739889487439
2012-04-11,0.005948281019421131,0.0031266756086865133,0.003134339930685348,0.0022557646306131662,0.0033625397854804007,0.0005028726899327651,0.0017680579662018303,0.004485997813974851
2012-04-12,0.01394544445491186,0.004497881565469042,0.004531117875744561,0.0017239288439729883,0.006638404912098883,0.005828273823674346,0.0026272029251774853,0.010369163214955401
2012-04-13,-0.014375097948243987,-0.008069045260877927,-0.008081484625830915,-0.009164927137815249,-0.010332682525137526,-0.010801340265360282,-0.00849896749637058,-0.011983382879994231
2012-04-16,0.002640341363173926,-0.004369558054192146,-0.004441028232538002,-0.002921480729381254,-0.00463225072172424,-0.0042035085560364616,0.0058302281075484075,0.0038273140339422085
2012-04-17,0.012711180509662467,0.018888340423344196,0.01892062178656384,0.018167136978143983,0.0196482559543254,0.01941356309285469,0.011159614744848279,0.012399015762897925
2012-04-18,-0.0040754028013521015,-0.004045833562188794,-0.00400039684868414,-0.0034588282794508762,-0.002382154545329085,-0.003894144646798492,-0.005097017308905327,-0.004156058910962601
2012-04-19,-0.005718795526984288,-0.004415072517131913,-0.00441206049609455,-0.005720686112714701,-0.00648760830463857,-0.007768924511342257,-0.0051892319019349875,-0.0050761701299565365
2012-04-20,0.0019988467105187535,0.000750474090443376,0.0007014203873487723,0.0022358058481721788,-0.0002377160573278081,0.005615780402020043,0.009110783293591718,0.004293348215182569
2012-04-23,-0.005419543755724288,-0.00449994833547418,-0.004519689493727719,-0.0054790095717037746,-0.005380984142040801,-0.005764393649338895,-0.006608241298563855,-0.005705675084552664
2012-04-24,0.002088276217935725,-0.00188965217144621,-0.0018869948645774404,-0.0009361287680391683,-0.001234193185097321,-0.002048625230681833,0.002981158221503799,0.002587880912683138
2012-04-25,0.010032381951955438,0.02367255252755096,0.023712852684087515,0.02334507665865515,0.022317738159821854,0.02464355505217397,0.0146777619933125,0.01132852247552485
2012-04-26,0.003965467107011067,-0.0004394818463460126,-0.00041924499190482134,0.00026686050326962807,0.0019562867700437803,0.001044801462859457,0.003295924386571114,0.003465064815985075
2012-04-27,0.006755627199889647,3.53955787066873e-05,0.0004482941293986187,-0.004903178036949507,0.006275164763163366,0.005278000532025651,-0.004651780807304662,0.0037280492037370383
2012-04-30,-0.004525275037936316,-0.014094503076153453,-0.014015178820216079,-0.0139837196163064,-0.011549174944727292,-0.008355502213286847,-0.005803045605989543,-0.004868416973347611
2012-05-01,0.0047681874680676195,0.0035537248856623016,0.0035284946028562025,0.002451610232874879,0.0037460322751030617,0.0026007379531696184,0.00012951177244246992,0.003787367820013099
2012-05-02,-0.003695268416766928,0.001309978091210251,0.0013003181435826683,0.0017922402089316503,0.0012945802442347887,0.00023054665016242204,0.002438106111696925,-0.0018669183128036115
2012-05-03,-0.006383540164831114,-0.005451436344848348,-0.005449641569934216,-0.0032771347569708897,-0.004788082050989795,-0.003100710930541095,0.0007097961869049207,-0.004316905566113638
2012-05-04,-0.017025928476622654,-0.013367313178784035,-0.013386389909012752,-0.011642662319760189,-0.014475261625101932,-0.016317300068540153,-0.008347930250947821,-0.014459470254142959
2012-05-07,0.0014315742750496963,0.00476956330453393,0.004793367671893423,0.005197180095635412,0.0035835947153477488,0.0009621568491271493,0.0020098658474900777,0.0013694032937894285
2012-05-08,-0.003329889913259221,-0.0009531243851714777,-0.0009384294174140662,0.00011202043453906185,-0.0015922743959199126,-0.0023084994910206325,-0.0008763181549419352,-0.002671105370618654
2012-05-09,-0.007124247456073651,-0.00452007169126023,-0.004513770388867466,-0.004435106953028289,-0.005815874145296052,-0.0035648974557067614,-0.0059483877180759315,-0.006930921294757808
2012-05-10,0.0036505623474687443,0.007771569386726629,0.007777290030779982,0.007253763825801007,0.006167649681873,0.005267289083249693,0.006542104370244051,0.004731555165850665
2012-05-11,-0.00460961588374853,-0.0016720689741409611,-0.0016583123664839494,-0.0024324604927532523,-0.0017799182501569977,-0.0003897691978274054,-0.001586667121339369,-0.003924196499335175
2012-05-14,-0.010911376977126519,-0.005567928870099159,-0.005583744850345851,-0.00414378646162461,-0.007717378734730884,-0.009813906475612866,-0.004252618620922077,-0.009009164198932273
2012-05-15,-0.004588727648047075,-0.006284606516497648,-0.006241189559571536,-0.0040756587471794115,-0.005688355834400194,-0.005646752645245168,-0.003366920332478651,-0.004360143476089373
2012-05-16,-0.005034552927782432,-0.0033524359450487484,-0.003358195506378503,-0.002073522176384235,-0.0034009732771851375,-0.0028613800698670255,-0.00048068925756195036,-0.003101466298707667
2012-05-17,-0.0163328474303166,-0.016840423640625213,-0.016826720430915043,-0.013534971973577892,-0.01802823036399548,-0.013652452432941109,-0.011413162074391137,-0.014331754764190241
2012-05-18,-0.010730534992799301,-0.007553193974055961,-0.007581775908382826,-0.007354508713129593,-0.008225005706168353,-0.008352306977822743,-0.005933730559666617,-0.009346029457895422
2012-05-21,0.01454810422216024,0.02165483093497711,0.02166819033767342,0.01869579289500245,0.022493513348593952,0.019650180894555724,0.009119558411918138,0.012919648575701936
2012-05-22,0.0008376992219434332,0.0004636520810124001,0.00042685642474271646,-0.0007847924306630949,-0.0015892017839737038,-0.002113584366531973,-0.0006428948555473601,0.0002825388848761712
2012-05-23,0.0026212946325283593,0.00413855019742293,0.004136763518550746,0.0012688249497065929,0.005054370998170521,0.0011587667063455154,-0.0036681898770537513,0.0004953870739814459
2012-05-24,0.00047294976345724216,0.006258349943248476,0.006218386332456083,0.005042352573397135,0.004899743067337203,0.003170047411842125,0.004563813341620149,0.00246841111822782
2012-05-25,-0.004158223223634683,-0.002738905728290608,-0.0027461323733265486,-0.002003018055394934,-0.004118227271126873,-0.004509767605853865,-0.003085422111932856,-0.00413330392326372
2012-05-29,0.010767127501212226,0.0073986476846212845,0.0073935198546424274,0.00707033225443654,0.008737396480471338,0.008834004474336687,0.006886348375082063,0.009231418015908321
2012-05-30,-0.013426582044105295,-0.0018536787608102179,-0.0018884848011366806,-0.002281704992951772,-0.00536871949073725,-0.005696528944296508,-0.007762908304020932,-0.011785705279159786
2012-05-31,-0.0016030417110287631,-0.0002823752153365833,-0.00025020075386494867,-0.00024771383317756523,-0.0011541053964079229,-0.0021212387007015776,0.001707763493003167,-0.0008375133823186331
2012-06-01,-0.022258065725404674,-0.020288327299834097,-0.020280015224556136,-0.0183228920492855,-0.020682237515344815,-0.019814610351966078,-0.016765457712829224,-0.02023617977182879
2012-06-04,-0.0010980535811121461,0.006882812975856911,0.006902190050566359,0.004057986432850935,0.006556346686936054,0.006393012842359713,0.0043406727477177665,0.001077848810132176
2012-06-05,0.004243470396964488,0.0038085031515155965,0.0037947401821094573,0.002292888286762773,0.0014151732963079144,-0.0014846038558429253,-0.0018501265329563532,0.002105029255469626
2012-06-06,0.024329499500435947,0.02027788321536783,0.02025888964344902,0.016817170462482434,0.020318065161928578,0.01943241302802634,0.013971776357492915,0.02177285469803758
2012-06-07,-0.0003290615810740416,0.002177511867126558,0.002167103719303398,0.0032934064634364546,0.002310594291492496,0.0033284240304469748,0.004616194860094458,0.00173068872454607
2012-06-08,0.009964030038574379,0.012347199538694564,0.012314223011434366,0.01009281857199018,0.011051203309793811,0.009401117070218179,0.008188330493189122,0.009047646163708789
2012-06-11,-0.012071847913481926,-0.010498771821445319,-0.01048430053520022,-0.00882591240679087,-0.010297014498661605,-0.012204184163046472,-0.009555174411311262,-0.011260691304761039
2012-06-12,0.01217430055965485,0.007460476523253101,0.007435321921674509,0.0065320320285147115,0.008032695696650993,0.008830327893595058,0.008724281016110336,0.010813930666839111
2012-06-13,-0.005866848802680291,-0.0035622922071596452,-0.003538123361190193,-0.0011712888155592793,-0.004615809345763444,-0.003212484996820475,0.0011931548579742213,-0.003974592160933321
2012-06-14,0.009407538930006565,0.01152398428071244,0.011489423843546787,0.010390764978611244,0.010040043517500097,0.009243583418382606,0.009634980666814119,0.01021604244598806
2012-06-15,0.009737300566222906,0.0017921041259079118,0.0018250945083806425,0.0013348285118357506,0.003885130337826004,0.007465865264941973,0.004844999251678139,0.007977138032574604
2012-06-18,0.0011591502182819458,0.009211195897985469,0.00922660031148026,0.005959741818924336,0.0075696383003733825,0.004829074544861589,0.0017284139806494903,0.0011506521835940031
2012-06-19,0.01527294868201401,0.0038574579571331036,0.0038484782810703777,0.0018286309026280811,0.005579693113875184,0.0069484651658218155,0.0035999385790923544,0.01132221622580798
2012-06-20,-0.0014984791365508787,-0.0058307771825062416,-0.005833494923252913,-0.009083827501168429,-0.005933440327966166,-0.003683248736881861,-0.0073164220787820256,-0.0037547056364074516
2012-06-21,-0.022455968699427342,-0.015895999024179597,-0.015869149231998114,-0.013646258633542185,-0.016673368374455766,-0.0169372396190568,-0.012846521270195588,-0.01989586964066581
2012-06-22,0.006429669675512839,0.007296353904874708,0.00728552737338739,0.005426734138354705,0.0066909482349162275,0.006744042143574935,0.004249454021809207,0.005782438407032853
2012-06-25,-0.014647609715986554,-0.010159245805683725,-0.010158964961120232,-0.009222437307035869,-0.010632496078440412,-0.01131332331812196,-0.006224072032693373,-0.012199553592210033
2012-06-26,0.007481357581254455,0.008173011351677806,0.008198820661643458,0.005542280711484215,0.007881169890664896,0.005673472594479589,0.0015400380479229092,0.006288897002302063
2012-06-27,0.010135470324208473,0.007196852684975719,0.0072059397711017326,0.009378750165263572,0.0071234276154834575,0.0072085217482737995,0.008694574256104426,0.009463586256882817
2012-06-28,-0.0006756669860643605,-0.0006079728678021201,-0.0006391472306305213,0.0005146475373529746,-0.0002848704258454626,-0.002865667054618881,0.001771796577107354,0.00018994635085478606
2012-06-29,0.019848544711768,0.013530343480656182,0.013539575100888879,0.013339539050335247,0.016862043570331053,0.020986589124259547,0.017401181863207604,0.018856932600720633
2012-07-02,-0.001264414221963328,-0.0013943271212878416,-0.0014716027897421213,0.0022637016512567776,-0.0006050593506263802,0.004028034826589755,0.003591561181707892,-0.00019932159761992807
2012-07-03,0.005016487433314953,-0.00671183015838972,-0.006764131441384991,-0.0023954658354271574,-0.0026261133554844607,0.002668518066050396,0.002273738383304469,0.0034626423990768984
2012-07-05,-0.005083821005562927,0.005233657201956454,0.0052646184238680505,0.0030193227460248995,0.0028924385181321455,0.0008296266876242075,-0.0009552662522616107,-0.003577822987678836
2012-07-06,-0.008014625122453767,-0.0027549686637982074,-0.0027666243808769364,-0.002884825849566619,-0.004028777778244508,-0.005974578217184057,-0.0039032691328728664,-0.0064601631610501364
2012-07-09,-0.003057571439122664,0.001843806330215747,0.0018895310599886805,0.0019251487929456967,0.0011999204268584585,0.0004685501076966414,0.00044311030784394134,-0.001977575505186402
2012-07-10,-0.007252410307946322,-0.002284191551048309,-0.002410765967406525,-0.0006077388664568195,-0.00400891108940904,-0.0040358598056544626,0.0004529632486622859,-0.004854805640327808
2012-07-11,-0.0016461569434823575,-0.004354785591007215,-0.004350998172533038,-0.004348620126319758,-0.0038563274501244305,-0.004386419042189504,-0.00451981383173039,-0.002099955552584243
2012-07-12,-0.006740885599571755,-0.009415479761783141,-0.009512268277904634,-0.003534400980050756,-0.008287449117893364,-0.003898383635011604,0.00201297800735456,-0.003653047784939356
2012-07-13,0.01920906856326221,0.010858826326602733,0.010853671508305407,0.01202076765647564,0.01172498286796575,0.014758094568490865,0.015033318441851629,0.017538153280781454
2012-07-16,-0.0041301719590775,-0.003913575452100915,-0.003968902173918654,-0.0030981026919543186,-0.0034976364370605806,-0.0026757665407280973,-0.002250043324651063,-0.0036701460204574543
2012-07-17,0.003943422407241881,0.0026715347448331705,0.002704132340112242,0.003996251036661791,0.004159759056010959,0.0046317606532604305,0.00670436046148204,0.005030719572005404
2012-07-18,0.007161180328360217,0.0040426589319180195,0.0039855809754481,0.003772322449866472,0.004469198105293337,0.005907332015762323,0.0056209414203303165,0.006066900609305925
2012-07-19,0.002102980844231439,0.0007802346863468035,0.000838070487393594,0.0019436739642355594,0.002961803571001509,0.006582930395246933,0.0025163433104038457,0.0021661625300750664
2012-07-20,-0.008140754156256813,-0.003500609860266901,-0.0034828512395007616,-0.005282584443717098,-0.004410046729314776,-0.007511135004902636,-0.00748468132125768,-0.0070773328163130644
2012-07-23,-0.00498560948683846,-0.004226788853317509,-0.004238675949571502,-0.004263554400301683,-0.005155499507712991,-0.007529721231375741,-0.007278781696693715,-0.005980075696615517
2012-07-24,-0.0043396599283265225,-0.002220503341453961,-0.0021771662498604183,-0.004432253981695555,-0.004004831488677252,-0.005950431559799463,-0.007458761125329061,-0.0051353480602934765
2012-07-25,-0.00478379080398017,-0.018249454945215127,-0.018378990277429508,-0.013431319637024153,-0.016163691609461073,-0.012115806864769763,-0.005970797191276578,-0.005495492641016675
2012-07-26,0.014750764174288111,0.016237953269373495,0.016132001594591605,0.016371287534074686,0.015069488820975474,0.01438802468894207,0.01674424888942405,0.01534110694753843
2012-07-27,0.02211954905679181,0.018710577723823008,0.018941648345920825,0.014987247906052215,0.019829927792141877,0.018372431668513656,0.011546942591360798,0.019052973005640572
2012-07-30,-0.001767891174141889,0.004875113600935066,0.004826005015186929,0.005768714744989634,0.004517606717430622,0.003992837307565944,0.0035148954103616514,-9.778116284975269e-05
2012-07-31,-0.006435036289258567,-0.0076848355136480695,-0.007775384190153223,-0.0037309623379291335,-0.00616769408236939,-0.001373182091758074,-0.0039051843994856172,-0.0066037725561716165
2012-08-01,-0.003447586015197679,-0.003908774638847756,-0.003917285407858073,-0.0034691191861446757,-0.003060296337739188,-0.0032288658674249904,-0.002530813513385022,-0.002989248067936323
2012-08-02,-0.00812870738689675,-0.006111087526374015,-0.006084826366686613,-0.007500286338007478,-0.0064449023068430256,-0.00700306774821613,-0.008736584893872634,-0.00839366162596955
2012-08-03,0.019156925192256313,0.01354354749894826,0.01355317891955199,0.01429141928779698,0.014281593264701131,0.016495442338401167,0.01679118415444214,0.018590771643914872
2012-08-06,0.0021615589477934627,-0.002038375082760835,-0.002050441136046799,-0.0006147896035252343,-0.0015154819090404947,0.0013944178494085246,-0.0006362856933657124,0.000894805983220115
2012-08-07,0.0074040932363317324,0.00024909556110985775,0.0003284700613606084,-0.003515853666661628,0.001577057650275382,0.0011597166122001568,-0.0015531295708236525,0.005197468577213593
2012-08-08,0.0015665171910101972,-0.0002092164216567216,-0.0002165199461738876,0.0005389330969609585,0.00035995102891117625,0.000755209292820469,0.001955520643791564,0.0017958638061215115
2012-08-09,0.003371139114686894,-0.0008886861284027603,-0.0009100885692084892,-0.00036525870809589467,-0.000694351784310987,0.0013465591896701934,-0.0010989973011752419,0.001750663323611068
2012-08-10,0.00030806915046022176,-0.00019557398519221003,-0.00021782944170134488,0.0011240632337476963,6.560066406646747e-05,0.0004341658267357218,0.0017912582130821253,0.0006554642197664773
2012-08-13,-0.00023187561665150014,-0.00031293098494333815,-0.0003075182863018222,-0.0006156460023067911,-0.0002149123516542728,0.00012568551281377793,-0.002405957708936257,-0.0011378283345169216
2012-08-14,0.0015883629668167476,0.009544007814401123,0.009542373458834241,0.007410725429366716,0.007260950506950081,0.004378021535477616,0.0031900267780196057,0.002555575658085285
2012-08-15,0.0013481703121174249,0.002518502305569381,0.0025749603896234596,-0.0009514255764025981,0.002301261639948482,0.0007181303417913565,-0.0016474382453309788,0.0009370713799365937
2012-08-16,0.00951250824615224,0.011201008523319178,0.011242259015382006,0.007724816466910145,0.01020233646077684,0.009643147666602125,0.005659407890823864,0.00859046202038627
2012-08-17,0.0003062165652476523,0.004651638292929361,0.004656620804001532,0.0039189222361484255,0.0033734909860854145,0.003736448910960588,0.00047697752694175755,0.0002090919245325562
2012-08-20,0.0021681790007814783,0.002693132511830898,0.002694585471615607,0.002586201846166425,0.0025330190156283017,0.0023893376767680774,-0.0002936493677090368,0.001030457820368369
2012-08-21,-0.0016998148880321695,-0.006201585627483297,-0.0062015678405553665,-0.005775559963044574,-0.0054667072399159355,-0.00480740895446774,-0.003401258608936475,-0.002220361783784597
2012-08-22,0.0011528659780213335,0.004257598988510969,0.004291476052554977,0.002064941142616794,0.004034407799392792,0.0032885246995668638,-0.00022739430819895823,0.0010372234964253213
2012-08-23,-0.009184618518805698,-0.008590220955788874,-0.008598746904964316,-0.008152599110547665,-0.00832662205786594,-0.007606041297996691,-0.008051322213312728,-0.008399904531396052
2012-08-24,0.006532230497307223,0.007156255601801886,0.0071659104280754615,0.006224152612820388,0.006890661987857927,0.007047000884797816,0.005668888577216036,0.006398887753642946
2012-08-27,-0.0014376219979668203,0.002460454443855342,0.0024684879668541715,0.002797179743453171,0.0023203289895397106,0.003217986570809961,0.0014469588409107281,-0.000671515127632083
2012-08-28,-0.0008984735425328072,0.0003115376585116625,0.00031305785339275083,-0.0003461425429409637,-9.80489434831977e-05,0.0002090251101656282,-0.0016917385831909382,-0.0008958039094568715
2012-08-29,0.0004618707228474239,-0.0011972173943525233,-0.0011779738099685355,-0.002740024081465897,-0.0014314820577580045,-0.0016910194019972291,-0.0025674104181285795,-0.0004298176146009247
2012-08-30,-0.007689852074360792,-0.006847123753843332,-0.006842463463120896,-0.006703643559071604,-0.006665678301104094,-0.007343092072501056,-0.0051968524158066964,-0.006578875363013936
2012-08-31,0.004932047051201094,0.0024830873658792108,0.0024726792192988345,0.003004508792710192,0.0025276538108665036,0.004986125736416103,0.004251986860783763,0.004663814006899303
2012-09-04,-0.00649955489209475,0.0026621483868685125,0.0026906942666942157,0.002449015168973556,0.0012739475343332973,0.0011833998513324229,-0.0007792975811260483,-0.004243303750998351
2012-09-05,0.0016496551221911737,-0.002251348399273323,-0.0022803969007045843,-0.0015763958031160819,-0.0021394727565046123,-0.0014949417231442386,8.631266195990861e-06,0.0009598827528205511
2012-09-06,0.020384000947016867,0.013445360248033111,0.013515177911995746,0.012680640487007677,0.014021335925166856,0.014448024249276381,0.01250715060773988,0.017969936779641982
2012-09-07,0.006210423413443689,0.0018592459167847686,0.0019006844351687757,0.0006233642434219089,0.002248780035356779,0.003184491630432218,0.0005506329755506911,0.004700927681839273
2012-09-10,-0.007244551769772456,-0.00806951700782621,-0.008185372909312982,-0.005355257294791471,-0.00764704327375243,-0.007239016026248768,-0.002339149617146874,-0.005747449012676764
2012-09-11,0.0021263920490317556,-0.004729814776575858,-0.00478619106683098,-0.003069637383663948,-0.003894125808672877,-0.0020622401006287205,-0.0014962391200019631,0.00046378607319930154
2012-09-12,0.002966160967514009,0.0027807330755036386,0.002854152540458843,0.0021626972325214933,0.0027797187541505064,0.0020588431643260297,-0.0011195365510254796,0.0016274831327838246
2012-09-13,0.017504648200131312,0.020387861907577465,0.02035266343306974,0.018793992840243634,0.019227008461948136,0.017944362313850215,0.01610915009137459,0.017085162134494514
2012-09-14,0.006766859197303354,0.004257140252065916,0.0043776194495273035,0.002961055170530802,0.004770791141500252,0.003194281348224859,-0.0011984197789974838,0.004711826262564722
2012-09-17,-0.0045089357633968374,0.0006892478721056694,0.0007023118536133577,0.0010135743595902635,-4.064987983554147e-05,0.0010224677286432282,0.0006451763419001999,-0.002779143017889507
2012-09-18,0.002693687643114062,0.002710718677838342,0.0027700257952756324,0.0018973424694996854,0.002449818098228418,0.0019894794163448637,0.0018131786158070984,0.002361622603323843
2012-09-19,0.0009956679840308347,0.002518154465951161,0.0025201755771595558,0.002060603073414713,0.0017871358224892386,0.00037395806596340897,0.0004234747981470832,0.0005616242460613208
2012-09-20,0.000320268656169187,0.00027914481802260305,0.0002257208584679482,0.0012256328031268193,0.0009674144014080177,0.002437248322840979,0.004015280478805616,0.0017102537091442382
2012-09-21,-0.0017206721800523406,-0.00029628931191050256,-0.00030008266751602175,-0.0011678540645021496,0.0003530166351517483,-0.0021265692484564447,-0.0012881798829186275,-0.0014013377641178826
2012-09-24,-0.001988708686931906,-0.0011035027478231152,-0.0012118387584016954,-6.458735049852393e-05,-0.0016971481856253856,-0.0022383593487722564,0.0011278286806699622,-0.0011257939614721657
2012-09-25,-0.010414298425385105,-0.006525613874898251,-0.006541554319629661,-0.005933902927329648,-0.006321404194065128,-0.007964937793855764,-0.0043644166931802175,-0.007994641744203501
2012-09-26,-0.006934319849919879,-0.004902672493962257,-0.004989073505129782,-0.004441283603362822,-0.005631778069192794,-0.005079226882319099,-0.003591098474580612,-0.005967731091194195
2012-09-27,0.009151463284275962,0.013358539943723047,0.013425073759774753,0.010463190878537088,0.012099528535401749,0.011406048360647958,0.005850521990726998,0.00822893734660024
2012-09-28,-0.006014291028757723,-0.005860711641880623,-0.005947389423416771,-0.004177210777574825,-0.0058182566626669985,-0.0070487526313463,-0.003818630583016236,-0.005365501774672654
2012-10-01,0.00214397814573708,0.0007939483811747472,0.0007262975873654209,-3.2827182965045054e-05,0.001031532651145195,-0.0009042958683690427,0.0006447203239543509,0.0021566969426445315
2012-10-02,0.00044801715479336757,-0.00019512378265007513,-0.0001506099944670325,-0.0012276275451283958,-0.00010092619134871583,-0.0005566270209803603,-0.0010239573389571044,-0.00011784124807823204
2012-10-03,0.004005400181960939,0.009084063443790535,0.009139820367854545,0.009095157449192204,0.008100358771614191,0.007248519977378853,0.004498280945485655,0.004183089922247696
2012-10-04,0.010301651298024295,0.0019097269762293756,0.0020264138521965958,0.0007622671952256521,0.0034254404680871264,0.003144150435198334,0.0029367752672462277,0.007967935360569944
2012-10-05,-0.0026384662007299386,0.0006766791672359052,0.000561472016161968,0.001759749124066845,-0.0002902622331923954,-0.0018641722283917472,0.000734365562096384,-0.0011785738000898993
2012-10-08,-0.0033722581061862433,-0.009347653609606321,-0.009276220993786999,-0.010662928224649093,-0.008173586431408086,-0.0069163356608673565,-0.005537573611182123,-0.00372803705981839
2012-10-09,-0.008803054650922348,-0.006900268953307642,-0.0070067222509537785,-0.006908789326658171,-0.007644508638213865,-0.008835730585891377,-0.007594615892745793,-0.008338430838688127
2012-10-10,-0.010680194705952939,-0.008339830615863186,-0.008355072327980495,-0.007471665649396275,-0.00926974237684397,-0.008355343822706751,-0.006776662472006256,-0.010222009961160516
2012-10-11,5.590264369459419e-05,-0.006206386225990124,-0.006164692145615325,-0.006977905600126899,-0.005194527253540637,-0.005188349665307235,-0.003646104756086954,-0.0008676148192454658
2012-10-12,-0.0029780769702379972,0.0007047152312009697,0.0006040670804448034,0.0012256611659382521,-5.428508263560783e-05,-8.306396609469857e-05,8.290302372637726e-05,-0.002063758423023865
2012-10-15,0.01027765340095299,0.007497605967736298,0.007585807113579257,0.00839154309274548,0.008035542922015582,0.007496424981842553,0.007174891069377853,0.00926697147825295
2012-10-16,0.007919541877118519,0.006733221256633781,0.006857553338068811,0.008192941230364292,0.006836759274721382,0.00845001105073595,0.008106660813925304,0.007255439499254335
2012-10-17,0.007929059556705864,0.004835424031417457,0.004928450280421881,0.007279696118083656,0.00480694037962448,0.006980924681741607,0.010913269261414449,0.008617608029970025
2012-10-18,-0.0010075044074753237,-0.0012822237322903662,-0.001323039041400631,-0.0001508045420860471,-0.0011615775850706278,-0.001511445600225425,0.0037460418600614442,0.00040970655327043914
2012-10-19,-0.018516398998614347,-0.01240039539142379,-0.012422483443475296,-0.012328949936175171,-0.013288557010745161,-0.016212220014500844,-0.013520173712309957,-0.016340150806475218
2012-10-22,-0.0006079131701478557,0.006554027461664669,0.006616298907906382,0.006571835186298891,0.005935186385058744,0.0038948064379675795,0.0009177213208775292,-0.00029302579683188057
2012-10-23,-0.012097509743918322,-0.015367903156173535,-0.015359831331786533,-0.015855013122355932,-0.014882702188597663,-0.016266449535231153,-0.01379176627936185,-0.012804228500100101
2012-10-24,-0.003059008090183446,-0.0028397039679627367,-0.0030568225156544226,-0.001339410454599399,-0.0027587138338366346,-0.0024584935109914774,-0.0014610270485968524,-0.0024863484173589523
2012-10-25,0.0018493426015957493,-0.000488521001697273,-0.0006238730586602959,0.002558522414758846,0.00014919416883940606,0.000972024889373424,0.006825644355461291,0.0035961683073293393
2012-10-26,0.001489707584299227,-0.003232380110056443,-0.0030626248798558686,-0.005679296960074076,-0.0021554251373244737,0.0016348695755148412,-0.0031433830815774666,0.0005035404413831213
2012-10-31,0.0036528452658641797,0.0034704375576140034,0.003469196892232018,0.0032470192986711055,0.0022775562426424756,-0.0005423956757039106,0.001926855006077366,0.0030736261378205842
2012-11-01,0.01511144085325622,0.00574800390000374,0.0057523378232127165,0.0043716444542334365,0.006041263301052702,0.009063595850893558,0.006077075747973559,0.011878199600438233
2012-11-02,-0.009359464768544878,-0.01140701378388087,-0.0114780654519826,-0.009803775618809407,-0.010893589988861474,-0.013030794875521057,-0.006021712403707635,-0.008422336705078193
2012-11-05,0.004169917348268992,-8.260948876515073e-05,6.947771026699634e-05,0.0006198252073326138,0.0012238318893129652,0.00333704555257075,-0.0018619418096093021,0.0018673841270420155
2012-11-06,0.008280940333053488,0.005182684161745499,0.005109225724951427,0.002610016104321211,0.005057164918808921,0.00669613462708063,0.0035495834957715022,0.0073274120381756624
2012-11-07,-0.027878023342386204,-0.022712273032819086,-0.022867277332577318,-0.018975915589921177,-0.0220815844491401,-0.028505840549261863,-0.016820109433593022,-0.024380170644035304
2012-11-08,-0.013309328817958876,-0.017285467208477234,-0.017340898816940342,-0.017294823853932106,-0.017226965058759314,-0.01683534087923788,-0.013214278391992518,-0.013589110087420808
2012-11-09,-0.0009020142960034505,0.0013484690961309553,0.001371534809768482,0.0029061289764686915,0.0014734721067155565,0.003396167236767722,0.00119000805639069,-0.0002462212218443671
2012-11-12,-0.003995382071342202,-0.00519370700421129,-0.005116522264737244,-0.0036715740493821203,-0.0039431485330202465,-0.0043464793423131365,-0.005121646924218459,-0.003965701196747995
2012-11-13,-0.003912221648212144,0.008456987509430025,0.008331374688880233,0.008020782776666735,0.006413191615989744,-0.0028374196730770462,-0.0012684702648253499,-0.002632594828570478
2012-11-14,-0.014047517975441237,-0.01335406963368313,-0.013397779453410141,-0.011744288134317826,-0.0130534231383711,-0.011770762550585068,-0.006674526231665312,-0.011948807418840413
2012-11-15,-0.002055810743894382,-0.0035517790936218097,-0.0037200604657818825,-0.004415387423287287,-0.004511835997971114,-0.005415933577580412,-0.0028251189933992116,-0.002308135340425177
2012-11-16,0.004218520715467244,0.009325524237282945,0.009371703843165546,0.008462457434562198,0.008806787457967591,0.006375028095179758,0.005005376493729452,0.004918831999918716
2012-11-19,0.019933350506659453,0.025971683938065704,0.025933170060035593,0.02444037629841378,0.02445930623305559,0.026201735664864723,0.015548559724698485,0.018419046235706116
2012-11-20,0.0005524159943171014,0.0010441448638875972,0.001061704688759102,0.0014622956652126096,0.0017409881596330834,0.0003523185538687468,0.0018937714367934788,0.0012245058024087374
2012-11-21,0.004283619443859132,0.0019060946037059434,0.001958597446169552,0.0008589503874310012,0.0027790582053210944,0.00393652055940108,0.00035911938354615813,0.003283719616800962
2012-11-23,0.012673919963194002,0.010496645928864456,0.010453303935592961,0.01116786850354412,0.01093223620648942,0.013215044668583475,0.011728442408857509,0.01248009452034382
2012-11-26,0.001588907557025232,0.0041402597356603454,0.004315595761721136,0.004751939590877496,0.00425593901414878,0.004097877760240731,0.00016682111630950125,0.0006079301824413186
2012-11-27,-0.007002453685201582,-0.005404464416125521,-0.005584939779763487,-0.0043342843867277825,-0.005797277702414894,-0.007286702334485695,-0.004306689609413716,-0.006568749618547698
2012-11-28,0.008040012341429259,0.005149468359476828,0.005130352513715408,0.005252381042870846,0.006059148540034975,0.00684017458896613,0.005831637220800712,0.00765813966581419
2012-11-29,0.00336989586097447,0.008217849191463067,0.00814238928349531,0.004496223942784372,0.006317466732914667,0.004867111328947349,0.0035468097183488645,0.0036862135602224733
2012-11-30,-5.98342335036417e-05,0.0032064041713433244,0.003234909419368215,0.0041699954121861005,0.003347304191013478,-0.000502220070326187,0.0033893379418281633,0.0012127909329151532
2012-12-03,-0.0068473441505110255,-0.003880566306276867,-0.00384842830023846,-0.0033408013633868805,-0.004610673879227201,-0.004382417263273486,-0.005846978907164013,-0.006520176643006748
2012-12-04,-0.0028791125673027773,-0.00832355835566001,-0.008295736269049891,-0.007620601099107893,-0.0068829354933926945,-0.006455086969115009,-0.0038141925714411107,-0.003478986762242786
2012-12-05,0.0023292015458136195,-0.008560247745101224,-0.008556846940016904,-0.007953303464989125,-0.005710300115140288,-0.007059739211772609,0.0008635370130547493,0.002169347440681646
2012-12-06,0.0033009602187958897,0.005363213984229898,0.0053446030919226395,0.0055633418583569405,0.004373800191352473,0.005201199376969612,0.003686747123625489,0.003441383669113174
2012-12-07,0.0031880928973706535,-0.0015088230152593418,-0.0015258603458806475,-0.0010303346904326771,-0.00026357106813224007,0.00016599555140084377,0.002019007051985877,0.0030019765262996323
2012-12-10,0.00043528764875322423,-0.006788293083187513,-0.00679662524020308,-0.0062760089374146455,-0.006128057314397917,-0.0051688719572686725,-0.0004908375335862525,-0.0004210783600664403
2012-12-11,0.00875466194459995,0.00707091054744402,0.007090624204462159,0.006510939664934101,0.007070561286189214,0.00898120848896844,0.006847084317170848,0.007963809544604628
2012-12-12,-0.0007379580199228242,-0.000478495482860275,-0.0004286105479852642,-0.0013693424035117197,-0.0002859804496480045,-0.00043184483798597295,-0.0024800412677995487,-0.0008324723371100351
2012-12-13,-0.00261539026342672,-0.005551220419160896,-0.005586344030848345,-0.00450853450320865,-0.005077082113048581,-0.00504471111168292,-0.0015518738417179545,-0.0028479518241384394
2012-12-14,-0.00412658644458308,-0.01088866197582683,-0.010921013567901539,-0.009807137997347337,-0.009444744013065165,-0.010315655409604774,-0.0063233869819441235,-0.004789434402342474
2012-12-17,0.01020386680500307,0.010967463269786037,0.011029146572193227,0.010136471111066525,0.010899379616383431,0.011189079283782544,0.006351192557896512,0.009042648554057564
2012-12-18,0.010776081456527642,0.006462504641326472,0.006549394418896348,0.004606912482876924,0.006689807658322833,0.009598054981198922,0.004903245182544147,0.00890612915963751
2012-12-19,-0.007383517173983556,-0.011302951243700066,-0.011278397300121479,-0.010838262916372132,-0.01078424885150453,-0.010405943666544015,-0.00855278700143669,-0.008068767447472536
2012-12-20,0.006893425679899812,0.002718242862064457,0.0027466548656247536,0.0014851551602035329,0.0036584943631912115,0.005133292548946455,0.004010318293613313,0.006304421219098577
2012-12-21,-0.011285811601241647,-0.0095683167044458,-0.009596820784203985,-0.00920670202878604,-0.009461160513379752,-0.010084854122759501,-0.00885694612052812,-0.010634207712128196
2012-12-24,-0.0027054899722637193,-0.00011252961431951203,-9.393539040636334e-05,-0.0004967150125754216,-0.00042981915425377437,-0.0010864716807924557,-0.0021069808743956475,-0.0024860795870690344
2012-12-26,-0.006229247677292604,-0.010403971929879408,-0.010446566619927045,-0.00817855305085513,-0.009915812173600935,-0.009569384416923121,-0.006674394126073291,-0.006600632327571909
2012-12-27,-0.001044334080053777,0.0009334710825221748,0.0009395024944718333,0.000521196976975391,0.0006431459576858867,-0.00013517485671166174,0.00018081795259528022,-0.0005827285099571089
2012-12-28,-0.011895009574103721,-0.011011061031647063,-0.011004655606923652,-0.010767072014308487,-0.011197107667161976,-0.011711127168139268,-0.011995650009824943,-0.012146462623831233
2012-12-31,0.016554699810441997,0.01919465797357711,0.019214374393865086,0.01842517961266532,0.01808172779255046,0.019400983634346725,0.013396887248184886,0.015475254856391674
2013-01-02,0.026407756754306844,0.01968111744411294,0.019633934827924415,0.020778620049962004,0.02221309329004373,0.025484847315730974,0.02361676523018419,0.025215602495733958
2013-01-03,-0.005050257645552447,-0.01162438993655901,-0.011747767760238337,-0.006953024381727402,-0.00754236529381358,-0.0052691816350091125,-0.003598854391605455,-0.005169664437331245
2013-01-04,0.00481151202595087,-0.0027699048175301444,-0.002773965828270497,-0.0012058067633031744,-0.0004943405400663625,-0.000359867688711657,0.0007827365980022094,0.003329616902534971
2013-01-07,-0.0030175029648361607,-0.0028616211068811515,-0.002789806864555877,-0.0046027780780527605,-0.0028225218093548277,-0.0020193173446103607,-0.004798899830775638,-0.0033189162404149153
2013-01-08,-0.003054278591906212,0.0014077739634144049,0.0013622615721529119,0.0026146946055467524,0.0008949824902613202,-0.00045785769715556146,0.0011368316590290029,-0.0017904184458038541
2013-01-09,-2.6409010750239048e-05,-0.0005923487779144754,-0.0005568891389839958,-0.0011707059556674837,-0.0007991250124744775,-0.0014794409876972558,-0.0002032280257541208,0.00035079525495418373
2013-01-10,0.006806980871872259,0.009395685712068058,0.009411600628955963,0.008405497794185424,0.007483155034497813,0.007938853588427719,0.00471143842703059,0.006264028965624613
2013-01-11,0.0019401767557070126,-0.00045986323555213815,-0.00046360101421139,7.510518815267986e-05,0.0006544499004179638,0.0014739705095792033,0.0015323502251649579,0.0018910697208143201
2013-01-14,-0.0004320999836735506,-0.004901458480517817,-0.004872800970783686,-0.004348064304955157,-0.0019315717081538342,-0.004128529325395092,-0.0004361376862271893,0.00010135097695562756
2013-01-15,0.00039869283703386493,-0.003351822043753394,-0.0033540284885978933,-0.0022505260770423474,-0.0008997949345598277,-0.0029132554473144667,0.0009297484276942214,0.0008151839771777247
2013-01-16,0.003914669379518676,0.005915046139152169,0.005901764492187267,0.0048824993812990325,0.002841245026952599,0.009059402107975734,0.0005369193677238204,0.002603074193662014
2013-01-17,0.0050162923259002845,0.005339433830786389,0.005370625303967591,0.004728207844525212,0.00547423830299576,0.0028891129989696562,0.003176109030975205,0.004893056895761916
2013-01-18,0.005330337634405158,0.003250769871747883,0.0032500808094839684,0.0036618476571259606,0.0039005447671249804,0.004086513071742015,0.00386407769113406,0.0049492289192594185
2013-01-22,0.002028557954951715,0.007194442961675707,0.007277224168015017,0.0035352054453354764,0.003746580084628137,0.0013127313228391557,-0.0017931593700852844,0.0012533787653619122
2013-01-23,-0.0007484389216603216,0.005334225952189131,0.005272764487973536,0.0063973382403532675,0.0038719169870633507,0.003396692974929394,0.0032963301872195316,0.00037932835089260486
2013-01-24,-0.00345916590194284,-0.01760513221756288,-0.017548258294840413,-0.014691393277348586,-0.009576351636572555,-0.017462356491352193,-0.006870605798700358,-0.003698519455345717
2013-01-25,0.007843574916963414,0.0027792627523837155,0.0026399218481849562,0.007787410995883315,0.00814882088616864,0.007685779788100255,0.01148147349693307,0.009179733577494353
2013-01-28,-0.0012439357449594013,0.0007606296102811161,0.0006804591496605283,0.00195055636499597,-0.0005456932635330425,-0.0011873393859612724,0.0004122250415341533,-0.001194639748367532
2013-01-29,0.003096552240756223,0.004888304229083262,0.004767663832964342,0.007560973080279254,0.0030163457157925677,0.0049943756766046565,0.008947959180734655,0.004642804139415313
2013-01-30,0.00012463579381982726,-0.0021362315260304854,-0.0020958684662093496,-0.002906464589418234,-0.00011827808225262082,0.001112693492290262,-0.0025800758367583443,-0.0004914863651557244
2013-01-31,-0.00568097543438606,-0.005209567396052828,-0.005300899217947519,-0.002707550014058535,-0.005160496045082952,-0.005925120835551967,-0.002573663825455652,-0.005176280758415919
2013-02-01,0.00791897630898708,0.004348434444410021,0.004310774196325751,0.005093415265976287,0.004766040161911178,0.0063462277186703275,0.006396501976058344,0.00736535219051726
2013-02-04,-0.011053731444633175,-0.009144245594199019,-0.009152600700111257,-0.00809586279506691,-0.009473528128599584,-0.011902570970818038,-0.007939660201318866,-0.010126549445390376
2013-02-05,0.013786761559233529,0.009591667189683184,0.00975151053760448,0.008296596751061536,0.012112418694886218,0.015469081644560623,0.009523323014203777,0.012660987849058891
2013-02-06,-0.0012786333824074125,0.00166437213699,0.0015639280349490914,0.003110645454294847,0.0007743997254159307,-0.0008660455868858552,0.002899008623973076,-7.916745589708896e-05
2013-02-07,-0.001992600709583958,0.00015520657176160135,0.00013782794447947389,0.0012581551804669022,0.001722198909627659,0.0008063381457197316,0.0034593391381909644,-0.0006371281272977702
2013-02-08,0.006231981427274658,0.003944882909370895,0.004039408336423911,0.0022773878680277804,0.004347636266648358,0.005680703707910517,0.0018946758781743789,0.004993174125584865
2013-02-11,-0.0009295258905139825,-0.002798328190567023,-0.0028723187454584576,-0.0025891594548337338,-0.0029748579715725976,-0.0011007695918719973,0.0001282148827426166,-0.0010912600037610298
2013-02-12,0.0004625456413542839,0.0034819101672998176,0.0034591490008004655,0.0013415110114063378,0.00014595173815568074,-0.0009451876152474226,-0.002900323897621404,-0.0004238974774729565
2013-02-13,0.0022030712998124535,0.005210802454485686,0.005271821665616461,0.0027021886001317164,0.004008386627076588,0.0048794687152982075,0.0012227751668139053,0.0023291346146772085
2013-02-14,0.0015930003694299977,-0.0005798554102288689,-0.0006096427549849848,-0.0014352150625185356,-0.001595902363386248,0.000556302900533101,-0.0018334566657273177,0.00029127172624265896
2013-02-15,-0.0023526750005743446,-0.0006141041551229742,-0.0006261885959536473,0.0019244322475766573,-0.00011201363730950487,-0.0034032313610397047,0.0018382983706528577,-0.001183877679401646
2013-02-19,0.005990540156084023,0.006540647324569493,0.006479449181660213,0.007110357097775077,0.00559021972904139,0.009211435854317385,0.007599736694873682,0.006415267083254239
2013-02-20,-0.011523648316382085,-0.008647797526359469,-0.008747197933805961,-0.006209464040841217,-0.009084443539975395,-0.010643473229758227,-0.0044307159874517055,-0.009530049965774556
2013-02-21,-0.007758042062418813,-0.007328100096465784,-0.007332396168594046,-0.007105471063594382,-0.006983973142152711,-0.00658926722460329,-0.0035412526894170737,-0.006387747286308976
2013-02-22,0.007949349121117999,0.004151581146224936,0.004115993787423555,0.006644609630868548,0.00575853022542816,0.007822831319304058,0.006235391051018224,0.007127244676009559
2013-02-25,-0.019563668653935995,-0.015033742890599888,-0.015075526438693476,-0.015111926900476358,-0.01628078214523887,-0.019136977626505458,-0.013569030681137018,-0.017940215672509252
2013-02-26,0.008353937590189764,0.012810563317793733,0.01279066052676181,0.013616707556739938,0.012575208687947592,0.007672208684491588,0.006172421648814375,0.008025524528384897
2013-02-27,0.013637758462018423,0.006754073763284962,0.006775798403967803,0.006999390375242109,0.007284459583219549,0.011349402485644644,0.007416238067266212,0.01167890832932339
2013-02-28,-0.0006768834899957277,-0.001412631485469773,-0.0013855527022974545,-0.00028151520192687407,-0.0005134925974896731,-0.0017003158935530172,-0.0009991835993358178,-0.0007174964992248123
2013-03-01,0.0007445680715720826,0.005157874212131208,0.005131386697440954,0.004995445577747892,0.00327721016358562,0.0010515965889106305,0.003020372958604245,0.0013835940338884356
2013-03-04,0.002698523714397716,0.011017733628620574,0.011010581699843813,0.010172964477743074,0.008477661037161077,0.005620174003081901,0.005433037119083162,0.003513788114083205
2013-03-05,0.006803675014915855,0.004471397533670984,0.0045262882396623905,0.003926421478990694,0.005526997289424074,0.006776142725513079,0.005390353150306559,0.006280572127199235
2013-03-06,-0.0002307125092972928,0.0004571718254540169,0.00040991850506855165,0.0010802905421491982,-6.845774155117557e-05,0.0001253382295176575,-6.451173856092396e-05,-0.00013688791707189285
2013-03-07,0.001826417247123624,-0.0006267549968387298,-0.0006177201685830802,-0.0005676668709208021,0.0003839628962241104,0.0018956956072910813,0.0005544498948215626,0.0011725026872200228
2013-03-08,0.0014160770746707296,0.006044408231625997,0.006042852803715304,0.006100956336146268,0.005305911511824135,0.000785682846820901,0.003670208013712095,0.002246847334622659
2013-03-11,0.001252761264598945,0.0005600610892295688,0.0005600716043301368,0.0010191286960068435,0.0014706802198087843,0.0012155332977992206,0.0017530055755372587,0.0014428336718070867
2013-03-12,-0.003685605215523524,-0.003946718770098445,-0.00394021974372305,-0.004638957679321654,-0.004151930803881543,-0.0026938489263279575,-0.005823879823212308,-0.0038990696710263784
2013-03-13,-0.00019729636540033457,0.0009158136181615095,0.0009258093469504125,0.0006928719367944591,0.0008341150019528509,-1.520942149935145e-05,0.0004498966796853132,-6.797604425912152e-05
2013-03-14,0.003849627192355376,0.0003720913739500009,0.0003151046198313079,0.002068909665370988,0.0012279065579310355,0.002767080022127777,0.006128886202812156,0.004311471918583276
2013-03-15,-0.003203207004003228,-0.005761593462617176,-0.005732411028073758,-0.005477765106087329,-0.003697229305989147,-0.004969907560079423,-0.0014217451958203897,-0.0029638927032558104
2013-03-18,-0.0023080086323942206,-0.002361399621406135,-0.002336973910650353,-0.001959014229834577,-0.000657681366325269,-0.003428913340416062,-0.001096452399232839,-0.0018823087952530848
2013-03-19,-0.0005473925778430866,0.004509339283007341,0.00446111406520866,0.005295068946288284,0.0036500072088347935,0.00013969986143935742,0.0074257042393786055,0.0018314979948443888
2013-03-20,0.0030238308036025785,0.005990070770398592,0.005951135619989056,0.006418933714761987,0.004732768541802157,0.004016048485331547,0.006522411607309264,0.003904214380761939
2013-03-21,-0.007050690960216599,-0.002905056727857569,-0.0029336487668850664,-0.0021701368438582502,-0.0026552919202194047,-0.0065732203672485,-0.003392114072464092,-0.005633761408771254
2013-03-22,0.00677837141028137,0.007117414357867835,0.007167867200171152,0.006416108211510174,0.007017717799564949,0.00862403837811132,0.005831970861468028,0.006343448466320956
2013-03-25,-0.002224786577542215,-0.002163296260752956,-0.0021711810821192223,-0.0018525701166295372,-0.0012992627975633164,-0.002773091395936289,-0.0011749370780497204,-0.0018765432011043082
2013-03-26,0.007600206949577304,0.011717461727370093,0.011692458355504032,0.01168701759365054,0.010648959366574395,0.008940129589066537,0.009825819961998716,0.008469108989011431
2013-03-27,-0.00023143850933560195,-0.001656005027177776,-0.0016314482786464746,-0.0027374885132327442,-0.0017253868361907232,-0.0008953158263903527,-0.0032642235168414135,-0.0008707330679645908
2013-03-28,0.0008560512650670482,0.0035899605752669483,0.0035525570552934482,0.0036957367648051687,0.0025531657827133625,-0.0011506758402938244,0.0031728244202933187,0.0013517305603580887
2013-04-01,-0.0029517534614817986,-3.339772432364718e-05,-0.0001059851548976809,0.0004582436463835826,7.00822930688183e-05,-0.0013949980514701421,-0.0003411123308084685,-0.001393183935132547
2013-04-02,0.006952596725218196,0.01200412327316247,0.011997823402866592,0.011983042639775787,0.012949432440899633,0.007629770959279192,0.009590170997215264,0.008249680537860904
2013-04-03,-0.009370327666124445,-0.007743828964659971,-0.007721488767543527,-0.007557982569485033,-0.0067810195547506336,-0.010269179903918069,-0.006369429822129846,-0.008401181440135463
2013-04-04,0.004308409999597584,0.0060512552490226135,0.006011384959429433,0.0062645371303029496,0.00526223190445374,0.0029486124068043296,0.005656262038292503,0.004531134360651334
2013-04-05,-0.0018686669972436398,-0.005094011058565218,-0.005095933174050105,-0.005009205610329914,-0.004555955683353208,-0.004925123220073213,-0.003654924696352646,-0.0028107208311936027
2013-04-08,0.0037723566992307056,0.006683839988216311,0.006657344153623734,0.006832585376994826,0.005464724801097498,0.005230082878680875,0.004232594388357658,0.003979357268589778
2013-04-09,0.006130102186447939,-0.0020635629028776803,-0.0020387100339409603,-0.0024484330280868383,-0.0005201287701004365,0.004196166464468076,-1.0680949622754454e-05,0.004040401561070661
2013-04-10,0.0112564683126124,0.009112807716097127,0.009136030142762097,0.008996995107705574,0.009509119514552244,0.010718903745999597,0.011051273030102005,0.010828759233987295
2013-04-11,-0.00065991515247521,0.0040704598549179405,0.004086088123875786,0.0034734705903649576,0.0031159202590209656,0.002234586652259951,-0.0013768134422138534,-0.00016987262239698264
2013-04-12,0.0008086374989089151,0.006454143260832046,0.0064633640423164,0.005939032679462386,0.00479383252290333,0.0010890346299110565,9.856667023533383e-05,0.0007236399601762145
2013-04-15,-0.019626978719092802,-0.013092427871497558,-0.013082933976276023,-0.013265509229262507,-0.01413439865570465,-0.018322821223659358,-0.012897992285103799,-0.017980431971472255
2013-04-16,0.012330411559803967,0.01540331502569714,0.015287772900732799,0.016554584873659017,0.015192833634531278,0.013321028066865637,0.019029266214450002,0.014137240150410957
2013-04-17,-0.012807832195371849,-0.003964752656173243,-0.00407865864485113,-0.0034667295028552036,-0.006857054694540232,-0.013371963030400669,-0.006812724354939292,-0.01081905618305723
2013-04-18,-0.00915539361783424,-0.004773000168393549,-0.0048197229017913346,-0.004190073331386213,-0.00770711386540357,-0.007664593543074361,-0.004547624452494792,-0.007799932958454936
2013-04-19,0.009796428050814265,0.016123556320389865,0.016089159265417985,0.016371461884479466,0.014713106050497249,0.011552245694520513,0.015457755711419274,0.011377886636760648
2013-04-22,0.006446044439309073,0.0012368050846707224,0.0012758329781543676,0.0009587930492651608,0.001981180837966612,0.006749758542947459,0.004496929313775988,0.005433155307890125
2013-04-23,0.008513852139406586,0.00516727751777446,0.0052220693841575905,0.004550175078991581,0.004761718893674605,0.009565152204511485,0.005211930154493283,0.007198712727805701
2013-04-24,0.002665520641026431,-0.015147154571230947,-0.015115853959109193,-0.015516469311684378,-0.010917005786403866,-0.004434571993285674,-0.0113464455319493,-0.002059446845967261
2013-04-25,0.004208880731367826,0.0028545232210379634,0.002882107517810928,0.0022707444019236522,0.00367720273566019,0.0036290950091559804,0.002337897476544226,0.0033604876104729176
2013-04-26,-0.0033995600020617633,-0.004769072551503495,-0.00483072304672616,-0.002302255359438621,-0.0037451731785806963,-0.007235970081051146,0.0005745649149264676,-0.0023835315498681453
2013-04-29,0.007869422919158264,0.004575772387161781,0.004581081677009324,0.0054634809855276245,0.006246354690758071,0.005687457606611712,0.009716590971996064,0.008133905357486482
2013-04-30,0.005319738785328543,-0.00032330817707248993,-0.0002678531992461597,-0.0006339006314450835,0.0016190678048364493,0.005472235425805216,0.002317343976296682,0.004208624642580316
2013-05-01,-0.011587818751996881,-0.006092881307504738,-0.006097234686342379,-0.006031152430027609,-0.0077139038642806135,-0.01073587392505626,-0.006441780430336719,-0.010002279441147177
2013-05-02,0.008336950575100532,0.0066117996290568914,0.006612262746146458,0.00658958440165569,0.007685766292496732,0.00899828032800265,0.00688640534448659,0.0079385040669675
2013-05-03,0.008548582450929931,0.005911589445230181,0.0059142314180522515,0.005843098129765245,0.006231782077694037,0.00866564346590648,0.006116508863826642,0.007897361171171458
2013-05-06,0.0036715192048868417,-0.0027049396351019883,-0.002717636163719117,-0.002604368856837014,-0.00045269602547148846,-0.0023782045816015396,-0.004720879794468336,0.0015882590303830657
2013-05-07,0.004954545411846922,0.006788540186174474,0.006788790514447918,0.0066656494870593885,0.005219325668631036,0.007232156860898176,0.0063103754678017765,0.005177577632133001
2013-05-08,0.00524732070813716,-0.00020743420558455572,-0.00021586328368294883,-0.00028254412333739154,0.0011293635479878716,0.002129585928820399,-0.001338451570199184,0.003820716309062666
2013-05-09,-0.004215047252184245,-0.004211431643825758,-0.004208393843901592,-0.004303176929658203,-0.004321624095957488,-0.002803875578162862,-0.006095482103770533,-0.004399173956254443
2013-05-10,0.0034885194420464227,0.0035872827602716484,0.0035953970884818887,0.003512903047768301,0.00383782285482015,0.0035200857347079673,0.0030927862860872235,0.0031859054057334912
2013-05-13,-0.000508276132342278,0.000977726561789627,0.0009795502531886324,0.0010166714114796527,0.001405205892381467,0.0011314510355544538,-3.7860678034240536e-05,-0.0004261875656326186
2013-05-14,0.008781480815055032,0.00850489309743896,0.008528530988093808,0.008543168591817585,0.007716250140519243,0.010106460877914225,0.008648946954384673,0.00851434229820347
2013-05-15,0.0034375603458085546,0.008577434781658955,0.008596889045457523,0.00867014810106359,0.005927321051287571,0.004920086042754956,0.007579621485341637,0.00422266246780123
2013-05-16,-0.002755369271875363,-0.00544816921689284,-0.00545486165021325,-0.005353829655380782,-0.004312928273759842,-0.0051106191026547565,-0.002642357839626408,-0.002776346944211583
2013-05-17,0.011231491152758899,0.00270064305883011,0.002714622488124707,0.0027049437476760474,0.005483953628139915,0.008189787415238126,0.005285929421111835,0.009269829072433344
2013-05-20,0.00014050157606892988,-0.006232116591074699,-0.006243529674939241,-0.006143229316564969,-0.0040416717276809955,-0.0037222897915341058,-0.005183441807697364,-0.0012934669427374645
2013-05-21,0.0046488362192822485,0.006061566612030722,0.006064280856277637,0.005993250471831191,0.005691949854617517,0.00548014632949001,0.0011699419820556667,0.003802029391831274
2013-05-22,-0.0059638709818277125,-0.0012801284695584947,-0.0012895393341005867,-0.0011880937383690338,-0.0027624315693143275,-0.005408103627251304,-0.004032012522956596,-0.005307476389035726
2013-05-23,-0.00387759240270924,-0.0071084785890220825,-0.007114574933732798,-0.007159838519502637,-0.006887534615458768,-0.005773364858005392,-0.0064178680264692645,-0.004448174737567978
2013-05-24,0.002304409830778953,0.006575797401569217,0.006573112661734104,0.0065982189838924565,0.003980255227068907,0.0032430603426694127,0.0069725752578178035,0.003730335145943231
2013-05-28,0.0074865966252744,0.0018594207675062258,0.0018757421718524903,0.00186129513357014,0.004671590471862386,0.007168484669310526,0.0017694882108916232,0.006052447658341897
2013-05-29,-0.006175705433399403,-0.01726452236581777,-0.017271075110730782,-0.017246850389643353,-0.013630669703475262,-0.012945194272729,-0.017109242657389445,-0.009173028831918395
2013-05-30,0.005003614979869564,0.0011310454941269033,0.0011254902607358286,0.0011288900450141526,0.003484424506039696,0.002769186661539358,0.002008935798886835,0.004077474461599673
2013-05-31,-0.012977362676593884,-0.015371241082206444,-0.015367818189686577,-0.015446999703968345,-0.01313581378423112,-0.012859328422437755,-0.014753251156798264,-0.01385846123667811
2013-06-03,0.0069128042088946184,0.008982667790685683,0.008932242738658003,0.009191906217472567,0.00829440121610614,0.008354222434441505,0.010643820976354412,0.007969923999913142
2013-06-04,-0.004873039980780258,-0.009689159392659574,-0.009695422664993014,-0.007643521266076703,-0.007437572841076379,-0.007152547675334353,-0.0014347936980697584,-0.004157151075570353
2013-06-05,-0.011900645706753532,-0.009090447384525913,-0.009061679433740588,-0.010032852387447999,-0.009966374010899282,-0.010517495448458591,-0.009226527280863484,-0.011031750663744067
2013-06-06,0.0041655488639849025,0.011468881568018174,0.011444229487432844,0.01147782279324594,0.010169462772564808,0.0101987883351784,0.00652361367130605,0.004786152479404171
2013-06-07,0.01507458028296238,0.014915074880787582,0.014952789473438477,0.0142546650499491,0.015152410137525774,0.018337780919885915,0.012755543104298273,0.014343117495979829
2013-06-10,0.0011030252118857664,-0.0026175360013193094,-0.0026168928792053014,-0.0024235908956492525,-0.0016206713932359618,0.000997638945171575,-0.000585323821770567,0.0008806083470871418
2013-06-11,-0.008752737765144292,-0.004298393203527429,-0.004356922282748643,-0.0031345555414782345,-0.00450751741237565,-0.00854332841998029,-0.004060169630175636,-0.007144300114324986
2013-06-12,-0.006895791674512153,-0.009561113110109654,-0.009574296024064344,-0.010082541520914368,-0.009512118647206025,-0.009035792398478515,-0.007787416311338502,-0.0071747502839066835
2013-06-13,0.012817751873303918,0.008044789384328954,0.008042190229713198,0.008878018192578496,0.008432867747100614,0.01106803633737119,0.009647524206742197,0.011800853479384088
2013-06-14,-0.005883092240436372,-0.0014897495988466236,-0.0015068029284774909,-0.0008979112797684596,-0.0019382930899580764,-0.003905565834496749,-0.0009180779184921883,-0.004438193540193813
2013-06-17,0.00842845813767501,0.008207124910975194,0.008203573728889912,0.007656898502198306,0.007733070972979261,0.008854467864419568,0.009602903287613929,0.008666836269691558
2013-06-18,0.005788947991081317,0.007127975155089672,0.007149505202061146,0.0073846858834585305,0.008114701137978297,0.007168874748477494,0.006137294679960714,0.0061772772879786775
2013-06-19,-0.009130037551904224,-0.01633011871829093,-0.01632000115504828,-0.016597222036662806,-0.01556046689434687,-0.015209431082637614,-0.015307585334741858,-0.01098680665607421
2013-06-20,-0.02530212556747946,-0.029058082661243434,-0.02900874787882224,-0.02935045875955722,-0.028025260604320867,-0.029369989922868323,-0.029403073844592398,-0.02625385105218392
2013-06-21,0.002254313296119026,0.007015024559416272,0.006885936467834197,0.009750495633006118,0.006726444282942889,0.005981858740771839,0.010748844806699909,0.004846848560574157
2013-06-24,-0.00835081609722621,0.0012870757465792693,0.001277858620274408,-0.00013934322183972725,-0.0007558105039319196,-0.001896953614067054,-0.0011033318387112523,-0.006191203127618783
2013-06-25,0.005582474312441743,0.005225226864465027,0.005230736445556161,0.005579793878805583,0.004751395801637637,0.007048755600059353,0.004747125472286395,0.004947025943565109
2013-06-26,0.00886721911535826,0.014561174774923025,0.014558218661271605,0.014140853619017513,0.014031909934553388,0.012990163718508585,0.0127348879469813,0.010271869223045238
2013-06-27,0.0034907085248769842,0.003571910579663662,0.003546839809455582,0.0031382229217116198,0.003627833729640484,0.0044943549493909885,0.0011334084661656085,0.0030359852591641534
2013-06-28,-0.001258403063435387,0.002480864573489283,0.002525396066626273,0.0019817895979212796,0.0022026743872294308,-0.001658990483332845,-0.0006485259820888656,-0.0009736676954528178
2013-07-01,0.004810441539929267,0.0003559429653736679,0.0004051361433594636,0.0013543833176838938,0.0012285635327156097,0.004976647432431314,0.0055422992735389975,0.005006916795799787
2013-07-02,0.0007412114508240641,0.0012181564251443344,0.0012607991685338327,0.002021426678168403,0.0017321240186329856,0.0021587001335636735,0.000977116309023307,0.0008200813898127102
2013-07-03,0.0009243952830793045,0.001810544856270191,0.001812091332449528,0.0019332194879075892,0.0020359878619748972,0.0015390601540605786,0.001530626578584382,0.0012057293567873106
2013-07-05,0.006950142261227699,0.0037893077289934407,0.0037789978313995665,0.00327612652050413,0.004380243188857547,0.007831967194224188,0.0021576800412856922,0.005665096877394804
2013-07-08,0.006801980733510016,0.007869866269740955,0.00787533910177185,0.00734290272291771,0.007973662728457453,0.007221783464281151,0.005099974146366648,0.006670731209507785
2013-07-09,0.010096676674010707,0.006224322009963368,0.006239989424444259,0.006801423890693048,0.006684810786749873,0.008025688462899971,0.008057727538980153,0.009533688403516427
2013-07-10,-0.0002664621674304257,0.002480255875982218,0.002456929467400837,0.00164539524266627,0.0012588310355896581,0.0003450180876538589,0.0015861019091683026,-3.863865576936298e-06
2013-07-11,0.01223762119094407,0.013203846541925524,0.013181732863079665,0.012005567228622116,0.012783271597732071,0.012139999148754743,0.012325051902478235,0.012059083455343789
2013-07-12,0.004368099602501063,0.007058622826417782,0.007084995782607573,0.006630767622860079,0.006037611049392044,0.005768242334361906,0.0047928490627362486,0.004475823074752805
2013-07-15,0.002590402570714634,0.005426575912728326,0.005393939771411338,0.0047548027523052205,0.0045187683644944965,0.003915686993552825,0.0047830319559922785,0.002811514327898834
2013-07-16,-0.0025890681819058514,-0.0030632157602484833,-0.003076503123784713,-0.004116628909245801,-0.00341467243334026,-0.0027896253197861043,-0.004887235671933499,-0.003282730257077149
2013-07-17,-0.0007526785617361087,-0.0022191007373003613,-0.002171880218909794,-0.0007585398306841906,-0.0009580587116534423,5.018027368208777e-05,-0.00011002684469574309,-0.0005845103573515198
2013-07-18,0.005982882832098024,-0.000519188524428893,-0.0005152253195797041,0.0001903686773498947,0.002452737830290763,0.0033055401126342865,0.001729272823179695,0.005458778757857052
2013-07-19,-0.004692192111638183,-0.0077618010367972445,-0.007521053524290666,-0.00174801006136438,-0.006001517178695681,-0.006242404256592171,-0.0013251279404634664,-0.0030581029929299675
2013-07-22,0.002300260080758454,0.0015465222019617197,0.001501336436734002,0.0004613349380755416,0.0016041877042967112,0.0026487120262306263,-1.352307308100098e-05,0.0015823854307825957
2013-07-23,-0.0012787938221380246,-0.0011061030228213253,-0.0011100703660075206,-0.0008140563471853435,-0.0009790150707805756,-0.0013980986515513827,-0.0018071564248970384,-0.0012110177252444565
2013-07-24,-0.0006217712821098287,-0.0034438903967471957,-0.0034323766050644577,-0.0028258315348714813,-0.0009346254353890249,0.00032591568914797087,-7.45815334949329e-05,-0.0005312099322792863
2013-07-25,-3.365012184874949e-05,-0.003110450349721683,-0.003063031468968469,-0.00259198515558956,-0.002540966046182369,-0.00041930793358579965,0.00037619592436799465,0.00012717513803295333
2013-07-26,0.00042249546440253916,0.0013303551524070922,0.0013453064037516338,0.0003467638416787544,0.0011641340217178886,0.0021623791263323255,0.0005747415277066459,0.0005367996825336174
2013-07-29,-0.0014259503098112969,0.000818705994278135,0.0008063351169502742,0.0010564068220360046,0.0009955511422929941,-0.003329557535911909,0.0018187562561449155,-0.0007711032609605262
2013-07-30,0.0023218526944979168,0.005437458749099067,0.005412166583821598,0.005413079026764356,0.004436951511533005,0.00044689655662000227,0.006840941364368636,0.003076224089948676
2013-07-31,0.0010854332457732596,0.001382005046346002,0.0013733943609666177,0.0011182842709704932,0.0015433525184591623,0.0016517124438264474,-0.00043127169285850364,0.0006844661078819758
2013-08-01,0.008070678432118061,0.008279817877249407,0.008289271577848645,0.008735721574727684,0.007749545913940725,0.006459992869996878,0.00987096806462251,0.00790516104811645
2013-08-02,7.516223187997717e-05,0.0020062444887716246,0.0020153601187118397,0.0025013340045723087,0.0032896021614601256,0.00046201106951127,0.0004282874409928805,-0.0001256931857960275
2013-08-05,-0.0016688057972770176,-0.002644849678459793,-0.002664079642329842,-0.0030926377293510887,-0.003463751484301558,-0.0027767323155709622,-0.002359097409555755,-0.0017776781043596923
2013-08-06,-0.004471419709748625,0.0009074309772307831,0.0009079422419584482,0.0010150960556034594,-0.00011945051215012104,-0.002819060814678198,1.858382518959978e-05,-0.0029075404631333512
2013-08-07,-0.0023404158693250965,-0.004127196540526068,-0.004131889131982813,-0.003991652822858849,-0.003601000493857809,-0.001893158215956925,-0.000553893228855018,-0.0019978338364794457
2013-08-08,0.003863928921873816,0.002865639973101519,0.0028597756239905348,0.002750260770456592,0.0035417227523959482,0.002760179246450889,0.0022502248737588104,0.00357802448311606
2013-08-09,-0.005223222227494162,-0.007431966909358434,-0.007427763508754293,-0.007579611475602155,-0.0075099935366756965,-0.006083499942303838,-0.0063545200048502615,-0.00548826601305985
2013-08-12,-0.0008814725172070492,-0.002412792996289048,-0.0024051254851660264,-0.002020282431178244,-0.0013732853223038521,-0.0011004145936790444,-0.0018214305748663895,-0.0012817985557657119
2013-08-13,0.004461567833028424,0.003862407192611439,0.003847866277103984,0.0035610825613325847,0.0037581180120660473,0.003443498210439433,0.003499955996496329,0.004060902350259132
2013-08-14,-0.0032112076060006878,-0.014110850172518452,-0.014101860897082097,-0.013048460896660896,-0.011897491137846883,-0.0065923833000709475,-0.007845770215447523,-0.0049367972999672105
2013-08-15,-0.010981982348828745,-0.016424348041884085,-0.016421820634898276,-0.01587611505703468,-0.01604238187008855,-0.013411923653925517,-0.012330555768101825,-0.01155861929662727
2013-08-16,-0.001597153834988596,-0.003288499637538078,-0.0032912603655333994,-0.0031249088413856096,-0.0026447032841052653,-0.0017700541851333185,-0.003405056298713127,-0.0020641467849146222
2013-08-19,-0.006048499858271605,0.0004086822135511703,0.00040500695661727093,-0.00021620440306824307,-0.0008684180968573374,-0.005125471691080019,-0.0012496620528160696,-0.0045291537955362005
2013-08-20,0.00012293124243023534,-0.0013724529704296495,-0.0013841446259058587,-0.0026628534779611357,-0.001789058505286878,-0.0007311066826359847,-0.001475453080455602,-0.0003729397233127596
2013-08-21,-0.006823061322531188,-0.00881578573236752,-0.008814739410096473,-0.008697652460203265,-0.008381680349924925,-0.006218706828066911,-0.007312568844088041,-0.006802965079164003
2013-08-22,0.0071606420312602115,0.0019517936408983694,0.0019607949457303153,0.00158022782174716,0.0033234448438270725,0.007394602501750391,0.0027854607998647474,0.005936799018539496
2013-08-23,0.007240139601124129,0.004282559096078664,0.0042757882151522875,0.0040290640299374125,0.006776292051640764,0.010173914426247377,0.00911224570761604,0.007784639282977901
2013-08-26,-0.005689099776497342,-0.004652089593340736,-0.0046604676781971666,-0.004925429534388348,-0.004535764514168483,-0.007672698717129722,-0.00997527199958459,-0.006582664003954908
2013-08-27,-0.013169124516245079,-0.00958485822107058,-0.009586562102938956,-0.008864926832056974,-0.011073873738369766,-0.014754243553179669,-0.00874498142166602,-0.01172602121014421
2013-08-28,0.003502374328238078,0.002202358313908803,0.0022060518029085596,0.0025971018152259884,0.0029660535647617614,0.0033837648154009248,0.00033105548602541113,0.003183762251612432
2013-08-29,0.0005352056361112023,0.0019822387145917997,0.00197102731501686,0.0005038264322527741,0.0014806021651838641,0.0012090549984922205,0.00036053283001091785,0.0003361071718588349
2013-08-30,-0.0026224576990372395,-0.0026661429458977315,-0.0026620603415606903,-0.001798231579893672,-0.0029193754478041845,-0.0028468939733133913,0.00015518476890497013,-0.001977151111055453
2013-09-03,0.0005274977787841362,-0.0007425790585016134,-0.0008209146630743236,-0.0018234374273944365,-0.0016819807929180364,-0.000793500889899601,-0.0036929739344333523,-0.0008111952188361027
2013-09-04,0.007212529378479271,0.00444149511072478,0.004443089611667617,0.0037968530891603347,0.004939712893943682,0.005560806140764374,0.00556370229946368,0.006619823424835802
2013-09-05,-0.0011830731271457173,-0.002676787077376175,-0.002650944671007349,-0.003333436700313719,-0.0030262802390191856,-0.0008665727623399233,-0.002741230987602483,-0.0016827537027104267
2013-09-06,0.0014808842843256897,2.0579227336003925e-05,2.4722306442681585e-05,2.8514035961269002e-05,0.0003072818788709686,0.001596573481113861,0.001177094961254177,0.0012141878764715397
2013-09-09,0.011157282644242317,0.007705487496935781,0.007710135371349125,0.008254856848876502,0.008480022684417499,0.010288201008461506,0.007701508679967217,0.010106725354228852
2013-09-10,0.008142057851752371,0.005812849024509292,0.005871657744474401,0.0054431406302708485,0.006063853794074481,0.006560583910691475,0.003300212134256242,0.006415891465522572
2013-09-11,0.0011223475029915608,0.0007449788689601888,0.0007123590115836187,-0.00012601762473596345,-0.0008137233159131174,-0.0008936183697426658,-0.001549789699603732,0.0007683125887669728
2013-09-12,-0.003459094201769708,-0.0010029011753991401,-0.0010041276574535019,-0.0006259132230154174,-0.0008771575660290187,-0.003252713555977227,-0.001478347920992995,-0.0027744636502523568
2013-09-13,0.0014156057505287922,-0.0012104546574157604,-0.0012514818093605218,-0.0008016208319684415,-0.0012167749560213492,0.0008324912200052825,0.001011072212909525,0.0011909909849743272
2013-09-16,0.0027633214734865685,0.004308280658840369,0.004193151814313012,0.0039878120540119966,0.0023945133503380234,0.0010557813539522343,0.003044719703649612,0.002662157421451372
2013-09-17,0.001798249400390306,-0.0008142912164841309,-0.0007519101537539763,-0.0003935814024851325,0.0008250728630248005,0.0032867177231665767,-0.0004790576504932753,0.001214867548420262
2013-09-18,0.012875324200048333,0.01487538087847784,0.014911977241224506,0.016094931494098796,0.01687134062565132,0.011896548680280228,0.018053931805678936,0.014273352639011083
2013-09-19,-0.0018858691620347035,-0.00028612920806170283,-0.00025294393638364276,0.0012694742384360413,0.001254365852161765,-0.0005001987808957997,-0.00030618214093180995,-0.001467506547188857
2013-09-20,-0.007987538203619304,-0.01226371300460738,-0.012280255503785198,-0.012750348174654147,-0.012017154801578278,-0.006343677840458528,-0.009834949465940546,-0.008689910080045937
2013-09-23,-0.003995951591934888,0.0006931822112645758,0.0007256613252046851,0.00039952438311252614,-4.8904082554535044e-05,-0.0027853651829913284,-0.0008618102320858689,-0.002726481388867108
2013-09-24,-0.0038420851737174244,-0.002095483627856942,-0.002066381639964754,-0.00281350239639222,-0.002166978829578836,-0.005298168934374625,-0.0042186280052466385,-0.0035695205045919165
2013-09-25,-0.004228557047660564,-0.00943905713122506,-0.009396827243544958,-0.009701607862354855,-0.008461647445569098,-0.0038024691864565474,-0.009604899088467733,-0.005862731857974257
2013-09-26,0.0036603429926662656,0.003805516342708648,0.003833493487523265,0.003918142666977431,0.00455797651189882,0.004877974895846071,0.0045786956326898665,0.003959731665377664
2013-09-27,-0.0038825428772929493,-0.004285458998065428,-0.0042055244895988775,-0.0044153963680165775,-0.003626114252000767,-0.0024460632276396277,-0.0054176733992440385,-0.0041502051131364626
2013-09-30,-0.006660594691338173,-0.0051975623745550426,-0.005116335882638268,-0.0056687741671966885,-0.0048773865935949345,-0.007567237738708821,-0.007452670754152901,-0.006724897319934753
2013-10-01,0.007026562529178326,0.007624610746696181,0.00763806985793436,0.007431264494443868,0.007314243833372869,0.009210845139596469,0.006429401204104401,0.006885430247259183
2013-10-02,0.0006842869117680284,0.0006496509661042538,0.000719455045725681,0.0004265211424969717,0.0008937891202454029,0.0013293243949474842,-0.0015305958636059325,0.00013261786025275946
2013-10-03,-0.008250490931373866,-0.00651670129155435,-0.006543555892869812,-0.006486412630100746,-0.007308309677131475,-0.008100861069510135,-0.007127489149113542,-0.008041269711149934
2013-10-04,0.00507282473537729,0.003879872848087551,0.003926626693618651,0.0034544520897852315,0.003880096188439097,0.005035665025971303,0.004089817329638423,0.0047401869457277535
2013-10-07,-0.008511404226444141,-0.008203085642273344,-0.008264259982410538,-0.007398827984323786,-0.0077786465673923555,-0.00996620423317407,-0.006065318738311842,-0.007837672135481144
2013-10-08,-0.008241268103764354,-0.005397133245700125,-0.00555292517695305,-0.00433869181462232,-0.006200527854367088,-0.009545863806718624,-0.0016140949107895652,-0.006651986380496022
2013-10-09,0.00037921875231394786,0.001957950912248929,0.0019002998940009785,0.0027273498104813942,0.0017200337758160877,0.00023023080807660357,0.0028136120829498346,0.0008957057699610083
2013-10-10,0.01814755184825656,0.020539025510320386,0.02062786294076102,0.019195385578640645,0.019600145127926627,0.019239732439441548,0.01785912698121539,0.01785959297459727
2013-10-11,0.007521187741355684,0.009759028822644344,0.009741664409037787,0.009849133130550358,0.009074572467736575,0.009636845974357433,0.008184645148340941,0.007785637393340039
2013-10-14,0.004155074377012458,0.001074339996314455,0.001081439717451671,0.0010296527306945524,0.0013379401119475443,0.004028853328028825,0.0017397505025351645,0.0036150108034125328
2013-10-15,-0.00724562920277827,-0.009037441538170543,-0.008978549345570408,-0.009040067226115722,-0.00846941080272512,-0.006645605357785689,-0.007208557834083806,-0.007333344107262718
2013-10-16,0.012792422323642194,0.011543492578776515,0.011573197911930233,0.011287745324208398,0.011417589801772321,0.01276393517961516,0.013025767610560957,0.012283420524525468
2013-10-17,0.0018061517921741377,0.00307699866173472,0.0030544748321377213,0.005634262645215715,0.0049366467102924805,0.0012217741565441198,0.008767312609450073,0.0035857769900975445
2013-10-18,0.00408371500200766,-0.0045743751312861125,-0.004500750733680503,-0.0037644133085985576,-0.0022091678927159686,0.003292700777622448,0.0009416757381266461,0.0028202116475375405
2013-10-21,0.0008069394178551459,-0.0021841508902311624,-0.0021350131677747575,-0.0017885741653763665,-0.0007069559273225057,9.999461152987443e-05,-0.0007766970304509124,0.0002608767740979179
2013-10-22,0.005555779245585368,0.010259900324263604,0.010093911983841686,0.010715159775619876,0.00849148659599086,0.004450684284062367,0.011048040106799384,0.007124274519516582
2013-10-23,-0.010286449594752112,-0.002018073889801575,-0.0021497962424841255,-0.0007222137751733415,-0.002489820081704064,-0.007019864443646995,-0.0008881124400371698,-0.007523270472701182
2013-10-24,0.003986342539534338,0.004626428732374066,0.0046534275889567045,0.004670588231113548,0.00513691365401403,0.004897676698270015,0.0004189377479593137,0.003316047195378591
2013-10-25,0.009897237430630978,0.004738897415800247,0.004935787821772397,0.003015385974964868,0.0051415358804145495,0.015174329595278202,0.003967156484104839,0.00837447741945474
2013-10-28,-0.0010241310624886646,-0.0011472250153893304,-0.0012579918745684315,0.00026543438416948284,-0.0010820287716176713,-0.0006267589812215535,0.003452456274715132,7.209602950863925e-06
2013-10-29,0.0049136117203809615,0.011551903918074924,0.011449835561869737,0.011183974484156867,0.009488318355652225,0.005169605721865533,0.007731199065376337,0.005915520002532482
2013-10-30,-0.0019631778169215686,-0.0025234844662547218,-0.0024539826047874636,-0.0027757759161793905,-0.0017574193584953823,-0.0014010535685798908,-0.004000110251818123,-0.0023892419447187896
2013-10-31,-0.002567890300676945,-0.003452712774755562,-0.0034750026218901553,-0.003937450324000724,-0.003747520420138706,-0.0025833512387638535,-0.004064861309215351,-0.0025471431712743575
2013-11-01,0.0029431465384177624,0.0073692129824094454,0.007335119835891746,0.007841934000929252,0.007193440294797515,0.0030078212941337945,0.010148240620580395,0.004119882140494635
2013-11-04,0.0012272914195159412,0.0007835200928718589,0.0008104351230313611,0.0009303869336640957,0.0005627696631946844,0.0029695524689177244,0.0013278421723803557,0.001513155919393716
2013-11-05,0.00012046316146507863,-0.0030648401318263963,-0.0030311260821536123,-0.0028857793806924548,-0.002395128196575169,0.0007187699437614103,-0.0018299971439251772,-0.0002065110926061653
2013-11-06,0.010211044834272265,0.007581693422630709,0.007598718947734895,0.008288022687342966,0.008017732195879645,0.011369439138224413,0.011106015053228724,0.010664866654414684
2013-11-07,-0.013080890340612439,-0.01129401691599008,-0.011366214246565254,-0.010590911260263347,-0.011663706391665363,-0.013174576873928867,-0.009016929983489352,-0.011999161783858958
2013-11-08,0.014748476244032638,0.00645089690019085,0.006499642710675824,0.005973506663626615,0.007888370084278673,0.014920146105833254,0.0065454063626821934,0.012149619489358443
2013-11-11,0.00044707749737527003,-0.0009664085687919322,-0.000951509386780014,-0.0014046778424703366,-0.0010511879251965395,0.0009117513811780498,-0.0021059724291893067,-0.00023800095818993228
2013-11-12,-0.0033543994934499555,-0.0024463921629674923,-0.0025142735453655973,-0.0018288910441361939,-0.0024454711153917286,-0.004854197650517977,-0.0029192167475167174,-0.003207974079818099
2013-11-13,0.008235248463689393,0.00904922926965468,0.009091547412334977,0.008751725005315736,0.009021799405852127,0.007384716250268042,0.0055469104173779815,0.007775577091183816
2013-11-14,0.0076878454119795325,0.013009251383787612,0.013003823210135934,0.012394569845445291,0.011929958710626742,0.008420949207505801,0.009262700598525742,0.008218199557441963
2013-11-15,0.005349989543533384,0.00771127346016387,0.007674913806855477,0.0076366550310342785,0.0071098646735134885,0.005132489913527882,0.00647106832969313,0.005761829181996969
2013-11-18,-0.002466177949806192,-0.0023120170977404264,-0.002355806694397611,-0.0023033945359569596,-0.0025733509527725573,-0.0018577221651463471,-0.0014179146018095112,-0.0024568849390443903
2013-11-19,-0.0007730158316198166,-0.0019025258067262296,-0.0019035334068981946,-0.0019044868377839919,-0.0018333589932966188,0.001440473108405893,-0.0032647837394482737,-0.0012739432363645387
2013-11-20,-0.004618960466944322,-0.0029386103380975026,-0.00294933201376657,-0.0026646794502006577,-0.0035564229978589657,-0.0010145811082801215,-0.002547845526338799,-0.0040638334759781625
2013-11-21,0.007456862423764532,0.004448554509269176,0.004509277379140864,0.003912456517846774,0.00509567175028347,0.008972850833547374,0.0042784014643366675,0.006597937264936959
2013-11-22,0.0032889226318835174,0.002227472146142828,0.0022390729816748056,0.001964795075810155,0.0018497078278501,0.0049843879836337646,0.0030785266263397837,0.003160949443295813
2013-11-25,0.0049955979210885015,0.0036946535408830528,0.0036949615434072047,0.0035194472259434395,0.0035200513144606482,0.004209142155323864,0.0014626984413523836,0.00397720344256669
2013-11-26,-0.0007339745045427115,0.000409064495114686,0.00047069387270837204,-0.0002684138273351122,0.00038695625777429576,-0.0018101469615220411,-0.002878425318471267,-0.0010812163436906275
2013-11-27,0.0035766828621006663,0.0016530425770306945,0.001723187319055075,0.0012808597631055463,0.002465206423353461,0.0038579790148671744,0.000873431618557019,0.002833364786737791
2013-11-29,0.0019730196202927264,0.0012624877282980673,0.001336291706519388,0.0008702064701777701,0.0014085578650837594,0.0038410605028997846,-0.00026104388055658845,0.0014967046505498516
2013-12-02,-0.003145723711119097,-0.00667418068082648,-0.006633889979921981,-0.006976255012807853,-0.005944904643983451,-0.0030848605018323205,-0.006205273118973453,-0.003958319388257525
2013-12-03,-0.0006270693314491815,-0.002504928591314015,-0.0025415206226363507,-0.0014227599736404972,-0.002014342555440307,-0.0035668489486706534,0.002276373141437693,0.00012246901483581318
2013-12-04,0.0019444629717644268,-0.0005157011039710335,-0.00045577826031695245,-0.0010736058471915166,9.953841716892065e-05,0.0014289244337863938,-0.0007618096662083129,0.0011564182248835486
2013-12-05,-0.00897692238892045,-0.00640514463204489,-0.00645925162518568,-0.00587216593129658,-0.0074267763187588764,-0.00881123717190524,-0.007835997526362437,-0.008492142707414163
2013-12-06,0.009778551391000923,0.012458551407261487,0.012377250087642455,0.013417773156479518,0.012288109606504394,0.010503525987303641,0.01454329584346814,0.011099907713234991
2013-12-09,0.001376518954100625,-0.0004685251690368375,-0.00045132387526625184,-0.0003668178234178532,3.816867362171905e-06,0.0019534644660936795,-0.0001534639594527043,0.0010398498197099482
2013-12-10,-0.0009906324357736862,-0.006822059489060339,-0.006769828258467392,-0.008186369967112084,-0.006554626376060857,-0.0024439768494367575,-0.0075212621035779526,-0.0029463963516566105
2013-12-11,-0.009375730987191466,-0.0068630529027574605,-0.00692341754457404,-0.005669066425912694,-0.006954934261269696,-0.009640837431409532,-0.00578558362463355,-0.008397777088357983
2013-12-12,-0.005995791394419747,-0.008543979091209963,-0.00844399529064821,-0.009913702673161384,-0.008398580403257139,-0.007357943584770155,-0.010061169300496609,-0.007225009277276984
2013-12-13,-0.001953663702586539,0.0003924032624047502,0.00037312179813175916,0.0002351380862204433,-0.0003161261621066336,-0.000998223554434352,-0.0008311972110113253,-0.0017598936123573994
2013-12-16,0.005875993249125466,0.002232847863767873,0.0022932396504846686,0.0012235254126378159,0.002572709378859672,0.005447067384188653,0.0017801577103293553,0.004765758035872425
2013-12-17,-0.005250236977023759,-0.006047891986205034,-0.006053989368037138,-0.006099690174755312,-0.005958162672467182,-0.006643397797484019,-0.005226478106990062,-0.005350989080476265
2013-12-18,0.017420059977409474,0.017229024425945427,0.017226808799133186,0.01640885413127502,0.016866329292231086,0.017623402282679557,0.01716040201341218,0.01737126477961204
2013-12-19,-0.0017108048193017478,-0.0030699112516940907,-0.0030604076094522537,-0.003526207100784884,-0.0030744426776503353,-0.0030188554257591926,-0.003286723792983892,-0.001970127152446044
2013-12-20,0.006927401798615618,0.006969163841598958,0.007018975198979538,0.006196124852618556,0.006865369100863772,0.006465787470307571,0.0048044390045516305,0.0062530843578139095
2013-12-23,0.005374549704602494,0.003895512620782249,0.003949560092337823,0.003050444769326033,0.003908930602915195,0.0036181902887300055,0.0018927324042299354,0.004398004028033142
2013-12-24,0.0019347271440803837,-0.0005539571115987796,-0.0005465471090786433,-0.0001970019280810309,1.1805438155487735e-05,0.00022264795884696653,0.0010792984633745117,0.0017966906461395205
2013-12-26,0.0049724757651592455,0.005454590323831443,0.005438594167402222,0.00549295494568014,0.005282021674113624,0.007138766775699024,0.004637288783845506,0.005226609636516999
2013-12-27,-0.0004350749703191381,-0.001589173136134825,-0.0016222794962963416,-0.001021613052098913,-0.0012543907665145682,-0.0032328951137446937,0.0009226583611037231,-4.498934518826214e-05
2013-12-30,-0.0010679039858714212,2.4714608097831103e-05,2.043050894684484e-06,0.0003960401202207642,0.0001508679632591381,-0.003709615031021629,0.0008741452572389452,-0.0006070830332753907
2013-12-31,0.004574686158066665,0.0030070110782334236,0.003076867522746607,0.0018542857966625803,0.0031279000955499736,0.004467952262765085,0.0011889245266401005,0.003783048376330145
2014-01-02,-0.008126360889952111,-0.007374772097135329,-0.007339915420735976,-0.008431310303389505,-0.007860522389498303,-0.007244345168396005,-0.01088012662503457,-0.008842079147863946
2014-01-03,-0.001215438424525206,0.001543695883654106,0.001548037225815646,0.000868188942261483,0.0007083368650793176,-0.0019679046515149734,0.0003821576933518145,-0.0008727090539438764
2014-01-06,-0.0018915774126615492,-0.002063412370124862,-0.0020508589523177134,-0.0022327459971756003,-0.0021953914845531664,-0.0028523041592014575,0.0006350323331218988,-0.0017106466590363079
2014-01-07,0.007423698109806365,0.010162817839839855,0.010073853200370131,0.011088059399605443,0.009709824990363325,0.007024177740521331,0.011607485968102349,0.008614477610572324
2014-01-08,-0.0011056628895588227,0.0017042806944560507,0.0017593025158719744,-0.000643915282944385,-4.4406124785734136e-05,-0.0025172280113205936,-0.0026830622484455002,-0.001979589981850549
2014-01-09,-0.0035107926048756344,0.0013436350124060858,0.0013143342796086976,0.0017756366432870596,0.0006143024862179658,-0.0031223000555719027,0.0007335277274505003,-0.0022866764875245638
2014-01-10,0.0011198880058393978,0.0011625132726362786,0.0012063771606720675,0.0015068140837259936,0.0014033130380430858,-4.8450860143267604e-05,0.003925301040863971,0.0015359460911694711
2014-01-13,-0.012242067371143084,-0.008971698685037555,-0.009013613454147196,-0.007985277829164583,-0.009299914980372193,-0.013089275858403915,-0.008074798955989504,-0.011280212230755482
2014-01-14,0.008549670280776356,0.004519052932704382,0.004524879941098403,0.0049767941653027226,0.0056016513671155455,0.010017667430437305,0.005713017615252003,0.007714618922937344
2014-01-15,0.008254430806346358,0.004042494799530116,0.004101460485221642,0.0036134107031835505,0.005239652472923684,0.008588311707504515,0.002873817072694962,0.006678247180561314
2014-01-16,-0.0032569192542204473,-0.0025029406262896403,-0.002477320917927406,-0.0016336614385212833,-0.002557753448398148,-0.00281389264991605,-0.0011772243267827998,-0.0026637603219004102
2014-01-17,-0.0039141249708684045,-0.0002075296715760011,-0.00020645579440470296,-0.001889802930598261,-0.001991211518064473,-0.004322379873287541,-0.0025527525231984205,-0.0036521999540725103
2014-01-21,0.0025369349525299345,0.0025800164998901476,0.002541905832096125,0.002738749946943342,0.0027204755126080116,0.0028960468653043137,0.0040035246246850065,0.0031478691078383747
2014-01-22,-0.002324132727616668,-0.0011675650548556016,-0.0011867496781832187,-0.0012469535029029366,-0.0013422872579473832,-0.002768211570520207,-0.0008136676450687386,-0.0019507230304253165
2014-01-23,-0.008890435468785762,-0.006823721880065081,-0.006846612376051109,-0.006103697034971822,-0.006778968285604647,-0.008374027807198203,-0.008874604404164876,-0.008776168398939799
2014-01-24,-0.01707736128377546,-0.019581382462509067,-0.01961512343301197,-0.015381969917247051,-0.016701640712883603,-0.013699041339790052,-0.016159508224866115,-0.016319679294307998
2014-01-27,-0.0008296755549334067,-0.003915745633407686,-0.0039382634620011014,-0.004104072093629507,-0.004381541849218018,-0.005340858235408419,-0.0042057387289331505,-0.0016113573490200706
2014-01-28,0.0020824629163038733,0.004283438650459992,0.0043200672108070215,0.0027935834444876573,0.002824625384875601,-0.00030420220827520605,0.003135836220092836,0.00233542196405101
2014-01-29,-0.010043952192820393,-0.01298530211044524,-0.01296046037970111,-0.012536447820603591,-0.01187211852975456,-0.009334447264378376,-0.008618191397465558,-0.00997719679023068
2014-01-30,0.009521644284645747,0.016263840977204236,0.0162952668186076,0.012143788704650937,0.013223942253124843,0.009373747682334788,0.004932946613162237,0.008444710936331923
2014-01-31,-0.01162546603750736,-0.016107819890076702,-0.01614592739421039,-0.009328830522471687,-0.011837389742309634,-0.019866643291640673,-0.003925152322466485,-0.009881041239043653
2014-02-03,-0.018494478049922214,-0.018742845910600603,-0.018812162646871133,-0.017479096161107655,-0.01826045539533072,-0.02301109648058386,-0.015509674524244677,-0.01766341716681641
2014-02-04,0.002809357057481421,-0.0017196328311027687,-0.001705880975591878,-0.0017009953411476486,-0.0005361137564263707,0.002415215257322023,-7.17128159818392e-05,0.0019338150973577939
2014-02-05,-0.0017412451220802927,0.0012594325441905863,0.0012212006740972559,0.0014286704707076048,0.0004128355730528277,-0.002135242416860139,0.0011502887377736748,-0.0011008493437971723
2014-02-06,0.012085251745960202,0.011127527380243585,0.01120472506710768,0.010003427484482241,0.011086958509723521,0.01201314911459761,0.009209236926647879,0.011363649262072117
2014-02-07,0.009245024890327302,0.0092331370048373,0.009247691420542825,0.00904644634620344,0.009274709814788284,0.010241242144796603,0.010024970250608556,0.009190112628540748
2014-02-10,0.0020434405864926397,0.0025172279162557487,0.0025167987907268596,0.0037363974143744816,0.003414207447695272,0.0013867105843881067,0.005832024678021019,0.002897341319319402
2014-02-11,0.011159568292756106,0.010086289302267293,0.010079218602398132,0.010400264936311077,0.010398361658800148,0.011484178102322717,0.011494391648425806,0.011053265037385351
2014-02-12,-0.000542612344139104,-0.005257581503364528,-0.005202851925443119,-0.004460863785520908,-0.0036729875902277165,-0.005934406092350963,-0.0032364503904523945,-0.0012106679293470979
2014-02-13,0.008694860076652544,0.007468196685551209,0.007493409001752438,0.0067311198082620205,0.00788639142922154,0.008695874887635124,0.0064783071608276455,0.00798729753247418
2014-02-14,0.009289227345668838,0.008286884792793048,0.008171268280603883,0.008704884985132333,0.007146871923662479,0.008407541669948504,0.010832030422103234,0.009714656463708282
2014-02-18,-0.003894210696780198,-0.004284443779609348,-0.004203954676566535,-0.0047884254208721,-0.003417002878224773,-0.0027689259356219464,-0.0066204833846010835,-0.0049588637850697115
2014-02-19,-0.006021059546004737,-0.00911293712038641,-0.009192561521467413,-0.007958667424624477,-0.009181799946626823,-0.00694400816971541,-0.005933200728977295,-0.005834750695809632
2014-02-20,0.006682545677360263,0.0048258939980847515,0.004870003018059732,0.00404545940158596,0.004522615695522703,0.0050602233814749376,0.0033397962494603473,0.0058755373289645085
2014-02-21,-0.0020076865695460855,0.00015041226141288,0.0001420949366355284,0.0002655706768388555,-0.00045199921391059217,-0.0015587814459605553,-0.0010361039501777247,-0.0018367848555539412
2014-02-24,0.005678558181156479,0.0028416829615973693,0.0028409408320144713,0.0015832427927076065,0.002777667668328432,0.005978123586896089,0.0009330494114829779,0.004679099407866039
2014-02-25,0.0006353117066253411,0.007857155608645305,0.007821557542528446,0.007579332625120783,0.005235798633630884,0.00011098586655156062,0.0016215326507220684,0.0014714162195030855
2014-02-26,0.00040697003401812815,0.0017486290451322883,0.0017408265097642595,0.0011977788010502088,0.0007819196443714649,-0.0005512971734084049,-0.001491948485615291,0.0002173383715373678
2014-02-27,0.0033199811525048695,0.0022660673740686477,0.0022642264601999695,0.0030919392199590945,0.003387677403589473,0.0052571042272178126,0.0037236451040945084,0.0033751645175119638
2014-02-28,0.004177114363448586,0.006957418439720087,0.0069437058768138105,0.0068216818897961495,0.006300443378116416,0.006613057862732141,0.006323274733179396,0.0046427556878991805
2014-03-03,-0.006300730211547867,-0.006856607346302557,-0.006842142534128071,-0.00705769570815673,-0.006777872364612025,-0.006813447704563824,-0.0073822400778916775,-0.00644204077913868
2014-03-04,0.011976256897994864,0.014277838991819891,0.014292583842226536,0.01401067330327943,0.014060146794521833,0.01290370766988791,0.012830053726181845,0.011910890402123231
2014-03-05,-0.0009348905961515941,-0.0006783566418192555,-0.0005721394439670568,-0.0029195137472488586,-0.0011763658858905401,-0.0001862810216098909,-0.008076584912653506,-0.0027626347731937173
2014-03-06,0.0016221460954517486,-9.110956723323849e-05,-6.314720964317733e-05,-0.0005967705445859561,6.417561862770427e-05,4.950739365572332e-06,0.0014321325373256588,0.0015210437956378886
2014-03-07,0.0026255450432468574,0.003969608575125072,0.003981165154574917,0.0038605574761270134,0.0038536811787974745,0.001213451091919282,0.005130331476205896,0.003024781091118589
2014-03-10,-0.0009007287009862308,-0.0018318943437639623,-0.0018585569850119166,-0.0017249730966772958,-0.002049729711330106,-0.0007973251378631252,0.00021109199929414402,-0.000502637416882723
2014-03-11,-0.0027628725221213735,-0.002467477739429458,-0.002539974090584707,-0.0008489033544195612,-0.0019441994016903275,-0.00043930414945103635,-1.261587321255142e-05,-0.0020360380866389916
2014-03-12,0.002179074129690095,0.002160434943517142,0.00214083890181338,0.00232189210302991,0.0023524539376074127,0.0028208638592530644,0.00399081093270337,0.0025982188213313773
2014-03-13,-0.008596251781714193,-0.003072464332246061,-0.0030849304425744073,-0.00389893818113074,-0.004560972725396906,-0.0073617431645729425,-0.0019871970658104088,-0.00722791244298715
2014-03-14,-0.0023958349716156624,0.000296085999934137,0.00029718825418800776,7.148958452218857e-05,-0.00026341161243337297,-0.003362268822504455,-0.0012917662360748539,-0.0020284092127658138
2014-03-17,0.007060621916244347,0.007835358982364982,0.007829882577481628,0.007803884145062279,0.007516452772220239,0.0077346797468456074,0.008162289289866509,0.007256718660311856
2014-03-18,0.00873033806232626,0.003392346933445811,0.003420877497969821,0.003355239371674923,0.005020639485868061,0.012809028110374543,0.0025743033367335855,0.007404004645241491
2014-03-19,-0.002256864612012466,-0.0038527099630274453,-0.003839434233425587,-0.003699171683782976,-0.0034797196658284957,-0.0029953855252325967,-0.005117966606276614,-0.0029997039401956638
2014-03-20,0.006007705529578633,0.0038501449422885248,0.003924331788145441,0.003290778288595364,0.004961948754487189,0.006819523163444918,0.003405707307612138,0.00549151170833917
2014-03-21,0.00039462390559896754,0.002827603318431793,0.0028178527336237824,0.004087958154960658,0.0033989283589137553,-0.0016799512345114787,0.0055046259141440235,0.0015930548479199391
2014-03-24,-0.000948179219374623,-0.005499120304240712,-0.005550515345235207,-0.003277367557598332,-0.003831875942972074,7.391159680070203e-06,0.0003123899641803707,-0.0005476000300268513
2014-03-25,0.0038472186707798617,0.00666381700468488,0.006647522969132957,0.006800529337478434,0.00580868176656435,0.004602321465895898,0.0075481321087425,0.004748899182547506
2014-03-26,-0.008616936370505313,-0.008561135149359966,-0.008645132369306086,-0.0071379642525797315,-0.008580681538256862,-0.011278949818397277,-0.005170924165073698,-0.007444554552260674
2014-03-27,-0.0008687712316800544,-0.0008783931804381417,-0.0008984518023239518,-0.00034025241479174184,-0.0007520577862568656,-0.003975720661005933,0.002488799697057953,-0.00011690193607216681
2014-03-28,0.0051583158103367666,0.0017016747545699484,0.0016960714888847317,0.002015804409593258,0.002656552219938435,0.006641953029716818,0.003580142021766486,0.004882882972212732
2014-03-31,0.004995769979555087,0.005967760443243542,0.0059524673738518,0.006619269724154719,0.006306236896586492,0.005553353384596615,0.006515598687238056,0.005234439749170372
2014-04-01,0.004983251602575844,0.00021575076642887936,0.0002997321746873727,9.427938451000983e-05,0.001301285874844904,0.0066423548068268445,-0.0015523811745461469,0.0032428317292254594
2014-04-02,0.002081511045402662,-0.0008355356200405728,-0.0008365852708053234,-0.00089284243703458,-0.000619310764517822,-7.187933194074958e-05,-0.001112690143231565,0.00141928702544325
2014-04-03,-0.0024665995992991796,-0.0009623180337093862,-0.0010096257341709602,-6.956517103462456e-05,-0.0005825112459094672,-0.004686397172761758,0.00038318674244486317,-0.0019011698327017212
2014-04-04,-0.01076942640345413,-0.006069675352819659,-0.006171154534821421,-0.005528705310422155,-0.0069886165007668755,-0.01449645764473928,-0.0035008105503292475,-0.00887362118823709
2014-04-07,-0.008685512257461725,-0.008315787139369424,-0.008377987519548213,-0.007410045954792888,-0.008546878536850877,-0.008105103301258132,-0.005027438845220389,-0.007710159078685996
2014-04-08,0.0075919453546009485,0.009241456986883279,0.009263830538554174,0.009209489230997736,0.009118397776539888,0.0072297741837157314,0.009519645865763593,0.007867570452200656
2014-04-09,0.007534507047878947,0.0063847060706889724,0.006429910070118838,0.005847338270759117,0.006479023692439023,0.009136226026809302,0.005274660428023603,0.0070364805436302635
2014-04-10,-0.016983852870312566,-0.01645230913981932,-0.016565893987656954,-0.015345671957264884,-0.01685888493606802,-0.021106807817343087,-0.012329642627280424,-0.015711346029533724
2014-04-11,-0.00959788890776303,-0.007478600438241445,-0.0075035342143917605,-0.007127432114116705,-0.00821352432027378,-0.008326546695826664,-0.004793008822361999,-0.008309579361666097
2014-04-14,0.006207684564524474,0.004979496224228663,0.005002455482801649,0.004706811163014191,0.004881308187128619,0.005321041874305488,0.004808185018207789,0.005896864527607404
2014-04-15,0.007695739745098296,0.00767561557652674,0.007706346110115669,0.0077133118693824,0.008194246525208504,0.007274264017447463,0.011575581202635243,0.008729829451227467
2014-04-16,0.008496859284218727,0.003346773531107239,0.00337419593887911,0.0030582223257895613,0.004230913466863662,0.008516501600201787,0.005053022212213598,0.007774624993763357
2014-04-17,0.00010767548290058215,-0.00522121188095892,-0.005237261786064984,-0.004961885770493724,-0.003947236149012601,-0.0004125734137191417,-0.0022855761851232614,-0.0003177379670556979
2014-04-21,0.003866815624708586,0.004167808476102763,0.004207674030962005,0.0037075379332214276,0.004206212438027324,0.0053494459729819255,0.003681265914996512,0.0036952026602630195
2014-04-22,0.003535125618010504,0.0048498458866750305,0.004865098735546525,0.004882780933983533,0.004600606990813105,0.001453639217997349,-0.0003650126644180185,0.002696631573906094
2014-04-23,-0.002298945296993926,-0.004851347001303852,-0.004869322463568193,-0.004221999464672277,-0.0035964939962033204,-0.0044970985553206555,-0.0016939441225096719,-0.0022356864717665292
2014-04-24,0.011163335069336755,0.00990859870946692,0.009942424293400975,0.008922535246230545,0.009533068271928347,0.017216569469109766,0.007157650690067241,0.01016153210631865
2014-04-25,-0.009543510699357327,-0.00859060586738436,-0.008772733779891073,-0.005606227647433348,-0.006628138947292306,-0.013902228540806472,0.0011893419209243472,-0.0066091121734266345
2014-04-28,0.005324104740655589,0.00590389522993795,0.005836715599503162,0.007028611053193634,0.006350102434836025,0.009776336578635414,0.00905065560790641,0.006470829763764563
2014-04-29,8.696465350865878e-05,-0.0019486885400707976,-0.001921986043119328,-0.0023716136882969696,-0.001279435370883819,-0.0007014678934059715,-0.0023881779708677664,-0.0007092798575192294
2014-04-30,0.00309916622341766,0.004925907854559153,0.004928341314314411,0.004419546713457789,0.004481318068698004,0.0022535128949783267,0.006488072633336062,0.0036708275056867024
2014-05-01,-0.0014395267242532928,-0.001303461754984192,-0.0012953663032356788,-0.001885762830275084,-0.0016222144167072905,-0.0025492375307902826,-0.002674233805038617,-0.0018490481525472724
2014-05-02,-0.002922412099554128,-0.007787573737488396,-0.007778757605863995,-0.007701911228530367,-0.007349404458509845,-0.002853718732391486,-0.005885938313093364,-0.0034063970099353913
2014-05-05,-0.0009694375745786799,0.00045016164113409474,0.00046289632254703506,0.0006407982823173342,0.00019693762767292178,0.0006190016588814018,0.0021031539962375057,-0.0003871202329555068
2014-05-06,-0.009907481863606682,-0.009439509374245647,-0.009504179574568283,-0.008175013320660618,-0.009348335673527886,-0.010946344972135869,-0.004833505453015419,-0.008555529749968316
2014-05-07,0.006910587834142001,0.009131447841012719,0.009096582542965637,0.010046021623756785,0.008843165486628779,0.006742447811687757,0.010413351002654947,0.007870237318940765
2014-05-08,-0.0014353961887010325,-0.0027781388607533986,-0.002807510116102141,-0.0028990794931892383,-0.002732660505078921,-0.0018515536962513401,-0.003847391208411377,-0.00212048581724944
2014-05-09,-0.0011814113385991698,-0.0018039301021625098,-0.0018043117157799937,-0.0018264599724996389,-0.0022261162792150957,-0.000979317271056046,-0.0019305829373965633,-0.0011786913896956186
2014-05-12,0.008143864327251782,0.002032423263347294,0.0021894602632226423,0.0008896795546433633,0.003570507747839846,0.009762775658455958,-0.0009877741526556072,0.005787867524221335
2014-05-13,0.0020532021390757826,-0.0020503146069859035,-0.0019740401893021398,-0.0012657264374034138,0.00014587067789673114,0.003973627459546103,0.001652969902665724,0.002031314554784114
2014-05-14,-0.004770659419722878,-0.005507956785872015,-0.005544801205567329,-0.004684188912491005,-0.004697727090519965,-0.0049899519356606525,-0.0016244198523637232,-0.004014183070712218
2014-05-15,-0.009606420671187443,-0.004368521020602034,-0.004394185930930328,-0.0048219666671960315,-0.005745491802047531,-0.010149271538378968,-0.006446940660809863,-0.008927219450376556
2014-05-16,0.003571517334472585,0.0032822249007069537,0.003331400052158928,0.0030452958440381206,0.0035767422912491575,0.004083456557068432,0.0027320488618070016,0.0034642202932337884
2014-05-19,0.0013750202793674227,-0.0035374284128301126,-0.0035104230604151576,-0.0036191857394408666,-0.0025668735364344775,0.0030592876426227544,-0.0027258961295624218,0.00010575722801609011
2014-05-20,-0.0023407743051172547,0.005990092232350586,0.005981781286868326,0.005360547834215135,0.004277608299376956,-0.0009846324572896359,0.0016282910130289707,-0.0013996747199636062
2014-05-21,0.008467338039914729,0.004358922819720501,0.004427291854597337,0.004670499957850627,0.005707261835560695,0.009337695913917754,0.005442830193629122,0.0078312653754804
2014-05-22,0.0013589415349106737,0.004885793635716951,0.0048631123071603,0.004509293072925358,0.003800692929550653,0.0008967525816394595,0.001924180382078644,0.0013578703500829459
2014-05-23,0.0040593012979892595,0.0027679496140295967,0.002829637158418663,0.0021288942235515584,0.0030108586650219316,0.004627337451497571,0.0012275734489153312,0.0032514521492028603
2014-05-27,0.0035537271373240475,0.0019154892548880476,0.001948382021483841,0.0017999154926799932,0.0026664657031743033,0.0046969741755011896,0.001479779528259062,0.0029478928321717834
2014-05-28,-0.0013443436920709262,0.0008012308334435225,0.0007758064491811822,0.000493100391989687,0.00026936204078653603,-0.0018545590110394805,-0.0008633226188107246,-0.0013377266395577792
2014-05-29,0.0054398426848194514,0.003200773418835734,0.0032354102577476507,0.003457260761566383,0.0040660771077132285,0.007453160338071418,0.00530368038794693,0.005290354618157744
2014-05-30,0.0010016696971510974,0.005163180934653733,0.005173772866499782,0.005164816993225019,0.004709437175912656,0.002121207439991446,0.0036588540393818203,0.0017679555286491677
2014-06-02,-0.0003772539204713876,0.0010151937031261937,0.0010478890991860723,0.0006479014758205004,0.0004956723606628355,-0.0018985863611405973,0.0007996160244552186,-0.00017662740564994284
2014-06-03,0.0016496675067032562,0.0011203500421261836,0.001171908288908563,0.0008292461499141979,0.0010040317187376413,0.002319777487735708,0.001201513305103541,0.0015392713657407242
2014-06-04,0.0009351524308123249,0.0013063916850772905,0.001323322301513663,0.0016148067983667858,0.0015395509977247368,0.002554980166488585,0.001285124152728967,0.0009186546259203343
2014-06-05,0.009624391918724218,0.003702228891414583,0.0037016614680731585,0.003191415801779618,0.005384386671293928,0.011137675613160258,0.003531558601984841,0.008079046346839869
2014-06-06,0.005777485957730644,0.0009793747869981662,0.001094807292705946,0.0003790886521248815,0.001976842366746334,0.004480095661787198,0.0009598050694703542,0.00460491492470072
2014-06-09,-0.00015512933556538488,-0.0013177222748889106,-0.0013478679238085878,-0.0013825511180908245,-0.0015596519395393305,0.001999692016070087,-0.0018674808680296806,-0.0004605552800597268
2014-06-10,0.003365755199535414,0.0021601878579597944,0.0021474000336507704,0.0017480634639115422,0.002308845095690959,0.0036568882433478667,0.001350337998268225,0.0028876964637720715
2014-06-11,-0.002848574919669944,-0.005711518122724968,-0.00573117817839075,-0.005025049662686576,-0.00479860320917791,-0.001374652145163191,-0.004581860887747813,-0.0032950639714436347
2014-06-12,-0.006398672372404546,-0.00453548516550395,-0.004504120119846355,-0.004635146140033464,-0.004942294373815104,-0.009446543234767901,-0.0043240083472634305,-0.005851807398185915
2014-06-13,0.001999854434796111,0.0013367017768335376,0.001366038691668292,0.0012358232885285592,0.0018938366791254602,0.0010878013851836066,0.0021335092379630716,0.002088440962197291
2014-06-16,0.0016974032439032172,0.0013865455601673737,0.0013981253482682199,0.0013066521651321494,0.0016139526380991587,0.0016502051645834737,0.0007375875458253134,0.0017787456788371792
2014-06-17,0.0029652271173312705,0.0045958986500749255,0.004664549016783148,0.003242424538298927,0.003553415210422184,-0.00032293874624789165,0.0009948381544526708,0.0026426473275806828
2014-06-18,0.009029179089035777,0.009272889131573647,0.009296948659226034,0.009060107921359917,0.009566152733067712,0.006898149394182429,0.009923856954068055,0.009176992406694895
2014-06-19,-0.0012499358789214154,0.0014183456234488911,0.001401179437299671,0.002605645780369148,0.0012491103551697247,-0.0017272077872071412,0.003592030301299065,0.00021389990607478815
2014-06-20,0.002034051175300089,0.0017862709355842554,0.0018078599025490583,0.001510310607301335,0.0017444936748129969,0.0025295423915410176,0.0027718209654088444,0.0022221743186698895
2014-06-23,0.0009577542964143149,-0.0007158064932540897,-0.0006837282291987101,-0.0017435132854546342,-0.0007331133734679307,0.0004380738781886162,-0.0022139726760688205,0.00042523814325412523
2014-06-24,-0.005908609903444995,-0.0017732819795661658,-0.0017916031349646255,-0.001248699485697946,-0.0021059471902636906,-0.00653041199879556,-0.0012104815271650748,-0.004814889974058989
2014-06-25,0.0040179210478470395,0.006657873374010581,0.0066463862687009545,0.00671757327952438,0.0065742328100091285,0.004441565870899389,0.005608204187108168,0.0041429935087733405
2014-06-26,-0.002449192605112782,-0.00271663716828785,-0.0026948252771736847,-0.0028676441963352284,-0.002750103033160478,-0.0018861263256325644,-0.0022591861289837922,-0.0023007203933163023
2014-06-27,0.001168769550976112,0.0010281788300539052,0.0009825136237127108,0.0014435772601852914,0.0009376542376802188,0.0024323606507676843,0.0010292253725427969,0.0012376409835022084
2014-06-30,0.0008057732784714222,0.0004293549250173889,0.00044707410273248094,0.0004064868132078736,0.0005138354659051103,7.258174781710203e-05,0.0015656169248290386,0.0008097151914405742
2014-07-01,0.005010986935275241,0.0038606414776172215,0.003857725327872208,0.004031063719497574,0.004473434215120031,0.005206623537466815,0.003708871326324914,0.004503675255235207
2014-07-02,-0.0008644501242153213,-0.002415555997190455,-0.002508977685619418,-0.0024710882354553876,-0.002663509355653182,-0.0008384368855968161,-0.0020687349036305758,-0.0010289280869802964
2014-07-03,0.0047398543011640815,0.00037639569180614174,0.0003218967992659749,-0.0002869981226493179,0.00022454880032651836,0.00338512726768192,0.0001161981384281141,0.0036935527357373488
2014-07-07,-0.0022048394524148973,-0.0010982075240296707,-0.0010764857917228143,0.0005871361731997204,-0.00012137130356082437,0.002551961646623191,0.0021620829675643716,-0.0013618947887387156
2014-07-08,-0.006723335120820573,-0.004923270832804749,-0.004989783915747559,-0.0031167212534357613,-0.004813669787652741,-0.004926624184111383,-0.0019377476399773386,-0.005378205624116061
2014-07-09,0.006149642530947963,0.004251366183414262,0.004236190558961184,0.0050480333261313515,0.005071094973077672,0.005939782683235917,0.004415605819351853,0.0056759764789240386
2014-07-10,-0.0046581595531256514,-0.004482663274227527,-0.004459079366832097,-0.0036306336005470508,-0.00378885742452173,-0.00268528928220213,-0.0025765992962237805,-0.004185261435996179
2014-07-11,0.003297851845398103,-0.00028619502484705794,-0.00024823685887009894,-0.0018884999003824232,0.000422601130163347,0.004099954093503166,-0.003425230088395903,0.0013014272188565101
2014-07-14,0.007120425221883275,0.0012043200073768023,0.0012416385882929593,0.0011233467008475717,0.0023100167713132613,0.007703081150245206,0.0024869702387229076,0.005930968756402644
2014-07-15,0.0014198457293148614,0.0006595417710124618,0.0008636408718114552,-0.0014092061014620016,0.0002713401330702858,-0.003322641216878419,-0.0035709099004987976,0.00038931151243914996
2014-07-16,0.00576844131722809,0.00041972985957139386,0.0005219244116725363,0.0006183627294791272,0.0018415953361761161,0.004039993986051149,0.000993407738006269,0.005020965170946301
2014-07-17,-0.006772455760790663,-0.006393241387502746,-0.006453828718636867,-0.007445680125484633,-0.007151662356853827,-0.007081959377803537,-0.00960182025214229,-0.007037367076667245
2014-07-18,0.0048752794173476666,0.005533432664403426,0.005549576809537715,0.005747768921169127,0.005774588820139037,0.006232382318340335,0.007345713852555669,0.00537810730048327
2014-07-21,-0.00060728789078901,-0.002255303969435296,-0.0022271398460951275,-0.0026453915363092717,-0.0020116376605513464,-0.0015714654325051924,-0.00306556577939876,-0.0010641397759411086
2014-07-22,0.0029870539594669676,0.006677574212809123,0.006651900747500106,0.0050707195365378155,0.005148113437130952,0.0019854848980904727,0.0026778835416980673,0.002504933624512873
2014-07-23,0.00030557391052044025,0.0011736311269152644,0.001189098937997013,0.0009845865588047342,0.000647735667995919,0.002732431654617562,0.0009671499205643475,0.000497706615634419
2014-07-24,-0.0024103856486290542,0.0005445945147946052,0.0005316583152976673,0.0003834751279250259,-0.00016483706403180864,-0.0018966095077103118,-0.0004869140209566858,-0.0019528974125020415
2014-07-25,-0.009900434340152753,-0.004515389161845351,-0.0044732428872944485,-0.003934792762321226,-0.005965927195163312,-0.010031279197716403,-0.002741035241480172,-0.007656291318153707
2014-07-28,0.000471330103806622,0.0027748234341928857,0.0027856498257681217,0.002756774952870744,0.0023481973359369412,0.003465790060930729,0.0033067185208905947,0.00100233213006784
2014-07-29,-0.00547533476630957,-0.005122388621270124,-0.005164847029805131,-0.006292591912847589,-0.005828258183677049,-0.006850533129871161,-0.007521000906692832,-0.005993987117096977
2014-07-30,-0.002310462396566293,-0.0022572418245641046,-0.002261765174987662,-0.0032718359396501917,-0.0029884637510581014,-0.005111345292062142,-0.004590453509369485,-0.003212148171021223
2014-07-31,-0.020976045433912183,-0.018732674063330235,-0.018797811537389908,-0.019190048854900166,-0.0199227551331832,-0.023019724881595982,-0.020342521768707322,-0.020619296021277544
2014-08-01,-0.002458455393979264,-0.005460296503912998,-0.005561245848044183,-0.0004994958424479057,-0.0016740199986089443,-0.0022637704112798973,0.0031435814663112183,-0.0011073952658858799
2014-08-04,0.0053400075930643,0.005043206666935696,0.005033571910019408,0.003284233199304154,0.0037451463879003555,0.0054784879119955665,0.0022551001180184382,0.004626575436819991
2014-08-05,-0.008631129942686444,-0.00849538476946543,-0.008451791982312384,-0.00729158702054189,-0.007340608499452728,-0.009547808814400316,-0.008311458765059232,-0.008655904456953856
2014-08-06,0.004940599843178406,0.0029725664975495114,0.00298389496827145,0.004477090298459885,0.0043013824628308495,0.0017261637728069879,0.007253643130178622,0.005600679654427676
2014-08-07,-0.004476256611269935,-0.00180844436778127,-0.0018727755504945875,-0.002515242516515692,-0.002734977645538761,-0.000871635143403604,-0.00407005230590296,-0.00437703907582665
2014-08-08,0.016825536232418115,0.01475914824359048,0.014770764800158043,0.01590078804950501,0.01628121810913119,0.014314027558478326,0.014844108285355428,0.016001030443773878
2014-08-11,0.0015687994466049293,-0.00011304923077615214,-8.532480322731573e-05,0.00037718646820916746,0.0007575533251591438,0.002642429212537545,0.0005537282661567389,0.0014087029699980658
2014-08-12,0.0003254263133882773,0.0002762208803774868,0.00027524720827809546,5.335636291903256e-05,-4.048959400948515e-05,-1.1456588423497394e-05,-0.00045414743218996634,0.00016204098834937675
2014-08-13,0.00801869025972346,0.008409755959578602,0.008388413393239036,0.008239013953984964,0.008275206343218322,0.010321434033008003,0.007252008957536749,0.0077309364471933595
2014-08-14,0.003587679596982918,0.004556827768277705,0.004545672785259525,0.004092203832858576,0.004002047631154859,0.0031655318489967055,0.003149830152198607,0.003420331408705346
2014-08-15,0.0016493600974460954,-0.0017059266390824224,-0.001710581276620271,-0.001072183870869825,-0.0007346308460128848,0.00228274687854646,0.00015964072578777966,0.0015484763168915894
2014-08-18,0.00800597284456539,0.006589513493096444,0.006639135100913629,0.006729589755784859,0.007281210217033873,0.00782304974936432,0.007441252232351703,0.007772106747766516
2014-08-19,0.00839440498384647,0.01725462493619312,0.0172201830497003,0.015423909332794361,0.01354950988274517,0.007494152741234439,0.00883087949398842,0.008752285551813621
2014-08-20,0.001871600344542479,0.006540113615844945,0.006519304831837713,0.005420715330761938,0.004449588011445238,0.00011557458146005395,0.00281451836099067,0.002197527743315053
2014-08-21,0.0029962109376915347,0.005668428824063376,0.005716087205308806,0.004989375325381129,0.00468449437158891,0.0014823378638035845,0.004484719575405416,0.0033345477716966165
2014-08-22,-0.0022259786178581153,-0.0016169970106819642,-0.001600710989240306,-0.0014764018051980354,-0.0014219361695192445,-0.0017481057046835335,-0.0024826651572458225,-0.002378278493376018
2014-08-25,0.005176843251444296,0.0045507351013704955,0.004587225618047697,0.003615276399837386,0.004120125661307705,0.003993533116399828,0.0036650588348958735,0.0047913865956334956
2014-08-26,0.003417212125107927,-2.6914343594253154e-05,6.763222856864815e-05,-0.00047633766258814436,0.000630701312287929,0.0016498945988083769,-0.0007357070576319291,0.0024076375514039405
2014-08-27,0.0018711497544445788,0.00396485943731939,0.0038774560721426266,0.003398252491244813,0.002823753863320455,0.0034265970529738787,0.0021823826657911827,0.002011942084860774
2014-08-28,0.0003257169190116205,0.001896450334958777,0.001839067338478939,0.0018975578160718154,0.0012027996841217359,0.0003879703946931823,0.0013769408729034094,0.0006534029424107857
2014-08-29,0.004497551854659276,0.008358147976855301,0.008340763202313362,0.007180922733971862,0.006756938686001135,0.0041475068233631784,0.004910667694878912,0.004625865336633561
2014-09-02,-0.0029945827107193956,-0.007966062189463718,-0.007940019933240228,-0.00729351250294652,-0.005807842648623107,-0.00217691885803295,-0.004949099510623389,-0.0037950396718376966
2014-09-03,-0.002897737640030873,-0.002566258435332869,-0.0025676624374900703,-0.0027553019165791337,-0.0027244738683246394,-0.006797120058455897,-0.0013025684696889028,-0.0025445011504219295
2014-09-04,0.0032514561799543706,0.0033053595292911186,0.0032932231013254043,0.003491752649536606,0.0035676798555484,0.0002981130608681326,0.0016570584137083344,0.0026773816012282126
2014-09-05,0.004847794147789575,0.008633621499890998,0.008613022814980553,0.008045441626588046,0.007085973118784228,0.006242864099530676,0.005938780488176976,0.005163526835620491
2014-09-08,-0.004195547240330888,-0.0026776339603512556,-0.002684119371749949,-0.003532100413250916,-0.003309050209065356,-0.0036026299881095625,-0.004432271169171553,-0.004285922488437843
2014-09-09,-0.007951770072910369,-0.00803079983673749,-0.008095820557217137,-0.0074584996526825265,-0.007925513660624994,-0.00493305519342746,-0.005479413832718882,-0.007054679697341526
2014-09-10,0.0032497184124355982,0.0027162343189957028,0.002747367078878016,0.0037812433912194354,0.004203748122864059,0.005355500252612222,0.0050757965543482,0.003298096652486482
2014-09-11,-0.0004640351003153409,0.0007694566238960476,0.0007962503824623379,-0.0006096732593056098,-0.0001283640473846992,0.0004131346984279638,-0.001919908416615268,-0.0006226364589873024
2014-09-12,-0.004628473120660503,-0.00646222354038406,-0.00641799645293184,-0.006720352942427232,-0.005749748136078758,-0.004074181929825005,-0.006097500757855645,-0.0053350309975825905
2014-09-15,-0.0007917290962003998,0.0006622180945756728,0.0006591917821126003,0.0009470419857640078,1.9688677135754062e-05,-0.0010371493280830757,0.0018203122885143141,8.477126356476461e-05
2014-09-16,0.006470782723140056,0.009562976673578305,0.009536337832311892,0.009005935860932013,0.008459092563027237,0.005227515214745848,0.007049895315174748,0.0065651820681977835
2014-09-17,0.0001849375046838464,0.0027994800497623817,0.002822168680298498,0.002714842025918429,0.002202010111431063,-0.0003472992128902286,0.001811088450527798,0.0005098162528607286
2014-09-18,0.00530788860710163,0.006303141688633884,0.00634932384204423,0.005062875201228723,0.0059524681870049,0.003587353465548171,0.003302859367892763,0.004632587237571206
2014-09-19,0.0011023162995087432,0.0037458125251550456,0.0037006396061705082,0.003611271304216457,0.002658735830359582,0.0020756719691481518,0.003121697988926364,0.0015565496983460658
2014-09-22,-0.005260283104979724,-0.0036760895196636945,-0.0036905763389966095,-0.0029247421535884,-0.0037751080974175455,-0.005446222149824598,-0.001957703798071253,-0.004445198792447647
2014-09-23,-0.00398566842111292,-0.005047758015247261,-0.005012679662980246,-0.0046523805629354875,-0.00417684191566714,-0.0021549012924537703,-0.00406927985086436,-0.0041044899907322074
2014-09-24,0.008027406178681584,0.010554282881986676,0.01054565676870145,0.009415098121222432,0.009216316302420147,0.004792180542203761,0.006925035744849151,0.00762500024546009
2014-09-25,-0.018111959192170457,-0.016088290605068667,-0.0161031051428977,-0.0155238935721278,-0.016685394042654678,-0.021247432348310613,-0.015377378296938193,-0.017394803320790242
2014-09-26,0.007514050144559858,0.004921783803439439,0.004926333481542811,0.005066709605437758,0.005456987297608018,0.010542933383961284,0.006257224818954965,0.007375644654241231
2014-09-29,-0.003933018881946193,-0.0015034367858408615,-0.0015169769390201981,-0.0019885789941542775,-0.002320775769410921,-0.004868407692280474,-0.003961462768277357,-0.003792170659321359
2014-09-30,-0.0029035180319816334,-0.0028912664632271268,-0.0028803601313204252,-0.0035661349411595378,-0.0028258470967037486,-0.0017823125155517205,-0.003516901993721566,-0.0029749705051224096
2014-10-01,-0.011615228703286462,-0.010124921088631167,-0.010241500413228577,-0.010721223463254548,-0.010972192553972748,-0.012535933929989862,-0.011309642754664395,-0.011221647660993872
2014-10-02,3.7851795317012105e-05,0.000743562813539711,0.000748741088359095,-0.0004444404688093151,0.00011362368462486394,0.000801107893112496,-0.001391221772221951,-0.00025398646597196706
2014-10-03,0.009270116338913281,0.011382532175552296,0.011502757843897982,0.00941398886947864,0.011115346063956588,0.007673167930875913,0.0069422787410176046,0.008686836544522514
2014-10-06,-0.0004610347154074823,-0.004452542706985141,-0.004418125170568388,-0.003966161758823805,-0.003233972209425451,0.00016825168124778855,-0.0009594787495942336,-0.0003368003920752871
2014-10-07,-0.013065945258720624,-0.012705277785994618,-0.012747343894260244,-0.01218431813018539,-0.013040837348560874,-0.013532329664961318,-0.011019946331571329,-0.012420138204859654
2014-10-08,0.01896790676299087,0.02311111658264786,0.023034250413840773,0.021699859629772833,0.02134884612960075,0.02022748219530679,0.01863855592054975,0.018904713873188816
2014-10-09,-0.02006123098665158,-0.019390240752028554,-0.0193723129676604,-0.017906516697976937,-0.018855104129223865,-0.01823551047297678,-0.01788548205901086,-0.019567919334020245
2014-10-10,-0.008168361318583117,-0.009524591933244175,-0.009572270038656239,-0.007328951630949487,-0.008521527350302538,-0.010166504387273845,-0.0027583424403896384,-0.006604488419522436
2014-10-13,-0.012570705839413332,-0.01473078769265801,-0.01473809386451197,-0.014960582685788593,-0.01420059600337742,-0.011997955178055242,-0.014130242799095694,-0.012860847120307994
2014-10-14,-0.0016537014006114958,-0.004928841078334467,-0.004983221508332525,-0.003698149595134259,-0.004062862729437122,-0.0037149479252421846,-0.0029054648971725827,-0.002227807923444014
2014-10-15,-0.00778854528430617,-0.009332126741308455,-0.009413197343956847,-0.007075055011467435,-0.008700979631298122,-0.008898289209481769,-0.004092676600793155,-0.00736383642789229
2014-10-16,0.00018476295850722302,0.005835069920290037,0.005591828956188705,0.0049323778101950655,0.0010637405406561662,-0.0035492635489156044,0.0018719556766744194,0.0008264666707733515
2014-10-17,0.014114307349449629,0.01815597532284996,0.01822580219088432,0.016651101979839877,0.016904037541665362,0.014509503916357636,0.013713094328355657,0.014028777555515903
2014-10-20,0.0076855348033548765,0.009250030474141191,0.009245999497737856,0.009720068409242,0.009208951241783891,0.009138764402296884,0.009451270658582978,0.00792372134909236
2014-10-21,0.01572597368762385,0.017655520532710467,0.017779831568172755,0.016323521586858902,0.016315466563486813,0.018971194962414728,0.009425131894128969,0.013699772614816474
2014-10-22,-0.006151901362113632,-0.0036606239476324465,-0.0038120334873134043,-0.0015217525517047248,-0.003279789361908536,-0.004414681397477582,3.859259406802096e-05,-0.00486240599938248
2014-10-23,0.012837723585144456,0.013822970148513303,0.013729959356351129,0.010387224274869933,0.01224609971979329,0.01418814149729375,0.007261114238226618,0.01200451361602628
2014-10-24,0.0031338008393411165,0.008982158713046084,0.009081974436272677,0.009445896570852597,0.008407837212823566,0.001581589643504966,0.008627704002325043,0.00492917398000281
2014-10-27,-0.001056972048842475,0.002744662658534791,0.002796400357594875,0.002174615089473031,0.002316325234857697,-0.0007894820047543716,-0.0011582147987740932,-0.0011824239788217339
2014-10-28,0.012381189841867757,0.010333279726814526,0.010355096907613381,0.009418793807619341,0.010638847239629712,0.013774028270294503,0.007963621133651344,0.011443460084295198
2014-10-29,-0.002152168441155511,0.00038023755128424597,0.0004043498150558822,-0.0008349366673475744,-0.0002282311848926799,1.5856119299106908e-05,-0.0026020301672394774,-0.0019646071363539352
2014-10-30,0.00398489283408443,0.007908275661763886,0.007803286500651874,0.007493435054828135,0.006806043064217837,0.0016770775901853163,0.006280901807235839,0.004386703908714873
2014-10-31,0.01569105506131585,0.009303697398609811,0.0094091519068078,0.00958183399515411,0.010660439072779582,0.01493768856510802,0.01188308042304076,0.014644352191262033
2014-11-03,-0.0016985829039875,0.0009991958061581485,0.0010829252789423816,0.0014409206223209292,0.0011450455693799988,0.0015538413089637437,-0.0025623402158696518,-0.0021292600411166873
2014-11-04,-0.0014919810517096677,0.004256469176350919,0.004290595287088639,0.005246797898018851,0.003315489817014461,0.00018080916001261826,0.0028175186643026873,-0.0006915627313039963
2014-11-05,0.006500470122567492,0.010019449497714827,0.010036624316030585,0.010056826119240636,0.008747272061476519,0.005350513314051453,0.011448438354680013,0.007791589324270376
2014-11-06,0.005584461233272275,0.004308839846038248,0.0042679239204956865,0.002901615663872592,0.00411029736200752,0.00629162762005997,0.0022660359464325985,0.005055875205115079
2014-11-07,-0.0002830979875562134,-0.005278333443959893,-0.00530282334546317,-0.0038350157505114835,-0.0033891927818058276,0.00013283348947901175,0.0004668192095977908,-0.00010064304376966593
2014-11-10,0.004566422489453492,0.007232022440437191,0.007229434304680815,0.006621555933002288,0.006385252856966783,0.003563476555407785,0.0030345879112061436,0.004095957190033417
2014-11-11,0.0017533125990609744,-0.0008728978736656234,-0.0008731091201595875,-0.0005827651955289115,-0.00036749334374297504,0.0018947053398712388,0.0006843941604697257,0.0014508138997830766
2014-11-12,-0.0029006721852394834,-0.003501098794318591,-0.003514030131440915,-0.003394268286654345,-0.003034600083654082,0.0010716801681147636,-0.003151453718356123,-0.0028389798153413137
2014-11-13,2.3280649033452505e-05,0.0017948769769080553,0.0017772981651527076,0.0003839452309370994,0.0013465620696602176,0.004462588502369247,-0.0012677969815836354,-0.000469426723924693
2014-11-14,0.0020276222929598298,-0.0037686500019635805,-0.0037317640441382194,-0.0036542151951164392,-0.002617364998263594,-0.00036140374167992206,-0.002825649427632082,0.0007666907549084279
2014-11-17,0.00045951503852759146,0.0037932127374751268,0.003789570283230015,0.0032068353939356253,0.00258092296379564,0.00032761656366431247,0.002626833321768718,0.0010551684055399857
2014-11-18,0.004079128273824395,0.002007940554272114,0.002106880156897306,0.002500831511625279,0.0024988185601484414,0.001594059311226026,0.005070066168094911,0.00407000484238651
2014-11-19,0.0009630637993420788,-0.001698137248530518,-0.0017253405230006624,-0.0004109559013375508,-0.0006720605680901048,-0.0008832621950787267,0.004016245327160162,0.0016843398759696093
2014-11-20,0.004093072340350057,0.002294657238946174,0.002287773897361234,0.0013982288997611558,0.002282666220760232,0.004350842047912362,0.0011164899938522765,0.0033911486331885676
2014-11-21,0.006378151647026931,0.0019960037649870976,0.0019680918887372556,0.002301152382389704,0.0028699362540369755,0.0021131454791891713,0.005930783246404392,0.00636120201948609
2014-11-24,-0.0009705203523340256,-0.0021645983233420374,-0.0021640935832434316,-0.002278690257162541,-0.0015668554675398738,0.0005664242018896815,-0.004077968201367077,-0.001805249661496422
2014-11-25,-0.0028997132345918164,-0.0009027780988917211,-0.0008484732805713602,-4.2809762213602554e-05,-0.0013843771307450181,-0.003796590683884271,-0.0009547246046328617,-0.0024651157356124775
2014-11-26,0.0028598727362518783,0.005950058857197016,0.005951667795338178,0.005486596262161303,0.005325252299384964,0.005093295251616059,0.004494889023475723,0.0030720202157881182
2014-11-28,-0.0037577272027050634,0.008971291003412762,0.008937190186061983,0.009733410540378351,0.007340593963263586,0.0029188410760825345,0.00225891386317989,-0.0029897593119974086
2014-12-01,-0.003764925664069385,-0.0018730439032044188,-0.0018588846851045338,-0.0026869204319150963,-0.0031851651127603464,-0.0038506023807780565,-0.002373185295398428,-0.003014239108634964
2014-12-02,0.006304009635354824,0.0025456104408481117,0.0025493996010179654,0.0031007085615799568,0.0031808036795082373,0.004207376143943398,0.005780037126838833,0.006215241974256935
2014-12-03,0.000844834281027218,0.001534384340461159,0.0016048678460685029,-0.00012466325046667226,0.0007655592016981849,0.0017513028742417447,-0.0007035064614722142,0.00048359857928259586
2014-12-04,-0.0023224506319189375,-0.002394834741990759,-0.0024253573800304684,-0.0022856950458027825,-0.0018036258759204227,0.00020470475528422405,-0.002725845385413539,-0.002493850419848398
2014-12-05,0.0005296796557527905,0.0014024168167272588,0.0013960159594263999,0.0013344174285245813,0.002106310475343376,0.00020315936728754203,-0.0009467738009473203,0.00023356836363475075
2014-12-08,-0.010146519222415606,-0.0029244089388941186,-0.0029535336398277545,-0.0021114653676331807,-0.0031157524040535955,-0.00941061301767998,-0.00678492398886954,-0.009480309592496572
2014-12-09,0.00025108555631869756,0.0024783027051309414,0.0025185116564154786,0.0018984685920948596,0.001413559359453087,0.0023815417174719578,-0.0014166348134048157,-0.00039794616827515394
2014-12-10,-0.019614605097797555,-0.01874843792744063,-0.018765922960220505,-0.01813914182198706,-0.018477078935204005,-0.018119400032850508,-0.017097150120470195,-0.01904399224786002
2014-12-11,0.004386294010248815,0.005990151693268775,0.0059884591051555525,0.005767996613382564,0.005902907610512376,0.004740986670944025,0.004456074516494546,0.004357071572151483
2014-12-12,-0.016828458405840463,-0.014664819530805895,-0.014648776997714497,-0.014751335328931248,-0.014720007548843728,-0.014082661446554012,-0.016368521328475105,-0.016786051101323363
2014-12-15,-0.00606527109172994,-0.003922877791387447,-0.003927268041004517,-0.004017862694623231,-0.004525013203613093,-0.005973576732841712,-0.004017214927093726,-0.005680199033416877
2014-12-16,-0.011917248446937423,-0.014295652383171986,-0.014334811854984308,-0.012115722040029087,-0.013948071498565362,-0.016504976711687713,-0.00651682537734799,-0.010609453206947284
2014-12-17,0.022365459992469194,0.022153562302366536,0.02222198841922629,0.021387240345070113,0.021196414715868528,0.0206947557046131,0.023109161990734872,0.022580363405190207
2014-12-18,0.023320796225801743,0.024365958275150534,0.024379430601657148,0.023494307156354255,0.023976537969528477,0.026611143290869554,0.02322415561520197,0.023500501823499942
2014-12-19,0.00548629051707894,0.001028948154632614,0.0010657832060398942,0.00022436814136761463,0.0012627339892978817,0.0034212613161965777,0.0021930115367769787,0.004791243604565842
2014-12-22,0.007067369873390739,0.008206499388283106,0.008194703777445689,0.008041158764763301,0.008335469249249217,0.007181680148827363,0.006603539411302428,0.006768685437573252
2014-12-23,0.004152072513198712,-0.0027810385345843347,-0.0027344214874908124,-0.0026064806476412405,-0.0014430661105139242,0.002323015223179681,0.0035996137757960955,0.004173905381057663
2014-12-24,-0.0014665040083413627,0.0016425960629924408,0.00162807269354448,0.0019268024745495715,0.0011774133413076093,-0.002658671584490291,0.00016588861902233631,-0.001046590475658138
2014-12-26,0.0031795719144154244,0.004189000645817842,0.004170416781356323,0.0047191299000048925,0.00419948258804248,0.0035104342134353317,0.004070197254342434,0.0031982660314395783
2014-12-29,0.0007105542468244241,0.0013674897585491674,0.0013529934776363994,0.0011824568206191266,0.0015417931327843526,-0.0007333366274797637,1.580538680689969e-05,0.00046413290414171193
2014-12-30,-0.005164382058377215,-0.0073538455038958395,-0.0073464495765543925,-0.0072336668488216516,-0.006674479616418982,-0.004793031448850904,-0.006590891280565336,-0.005404089274001933
2014-12-31,-0.01019853586015873,-0.011605025154027393,-0.011639152906190553,-0.01166504531081991,-0.010785294334214601,-0.01055646649866504,-0.01166724806318864,-0.010524932408526477
2015-01-02,-0.00035876759229169775,-0.0030368437514323166,-0.0029654499439004667,-0.0031496301324317466,-0.0020266314062652446,-0.0018956612186549204,-0.002171753862195258,-0.0006943731888272575
2015-01-05,-0.02147697000352833,-0.014290333115063558,-0.014261397486242222,-0.013235185341021971,-0.014244020976052929,-0.018550788365309767,-0.015563524332276146,-0.02016754418278477
2015-01-06,-0.008865133147711868,-0.004367516107343428,-0.004441147408618562,-0.004290909567654544,-0.0056867826608367755,-0.006669803634808846,-0.0035740111504318772,-0.007363192020374276
2015-01-07,0.011300555232985676,0.015136482834372966,0.015047925002920959,0.014269240603634437,0.013828716859623169,0.012633931119358621,0.012201584546286393,0.011539779335544953
2015-01-08,0.020209383684049786,0.024078803768194046,0.024072184243232764,0.021418350759186078,0.022205308643101773,0.024463958498010863,0.017335175857466245,0.019652228089922064
2015-01-09,-0.010212429967599745,-0.009568458217791176,-0.009511525724781755,-0.009353164995961949,-0.00954963992927993,-0.00848106638837487,-0.00980959036598561,-0.010155398527589732
2015-01-12,-0.010933666915427964,-0.0080074890258236,-0.008035596104193021,-0.00754083174008946,-0.008423503167664048,-0.012386859736254863,-0.007880650747370987,-0.010365788694336242
2015-01-13,-0.0006683299067148374,0.0010292767316411044,0.0010427322147388285,0.0015623945434879438,0.0012708951397844004,0.0013869897643845608,-1.9857188916616586e-05,-0.0006161010979452985
2015-01-14,-0.006372704946365104,-0.0022458935260112334,-0.0022270513414351933,-0.002350751655547101,-0.003790096711645541,-0.006451988569104783,-0.0030803486547539283,-0.005621725962578816
2015-01-15,-0.010487272797887748,-0.006706352821697736,-0.006731860152033642,-0.007338933517174628,-0.008219820905171371,-0.012097968761536126,-0.007035845103219862,-0.00977809930104323
2015-01-16,0.010902072093002202,0.015444960305468936,0.015387312085754834,0.01482037645346379,0.013627707091891983,0.009852045617103844,0.010437180544983438,0.010946440417880288
2015-01-20,0.0015049041073500469,-0.0009229385686493341,-0.0009027610779832607,-0.0013154564694091153,-0.0010998159939171748,0.0032847833533402593,0.003104085419174174,0.00189824019841911
2015-01-21,0.009814332792581482,0.010150177338184019,0.010113318319260767,0.008725381729851378,0.00878045382495185,0.007755549024563546,0.007089466392106614,0.00915886341922012
2015-01-22,0.02000020911317324,0.020325806829662563,0.02028167587781038,0.018062181259789867,0.019734563304566466,0.022748122649434155,0.013967196579936392,0.01852209905312674
2015-01-23,-0.008545623993154394,-0.006857396183164166,-0.006814072327646192,-0.0073976634944417086,-0.007152905663324827,-0.007232457706127349,-0.009702677268355941,-0.008986566670032947
2015-01-26,-5.474955403861337e-05,0.0006009471654921938,0.0005620157745587218,0.00017689671479126368,-0.00023296015519203017,-0.00042671594679288827,-0.0015422466227660303,-0.00010772680389226075
2015-01-27,-0.023495586177174732,-0.020169935216584056,-0.020344225700899665,-0.019784501925015796,-0.021801316061815013,-0.031143179543757227,-0.017740200687270113,-0.022305484018713018
2015-01-28,-0.011641115144310987,-0.008031949245960623,-0.008041279393321221,-0.007090625036814013,-0.008263739497038625,-0.00332166513973442,-0.007592484767197316,-0.010936818504026169
2015-01-29,0.011784714450993938,0.017162291211181957,0.017155616504239024,0.016314765842932122,0.016141868509301327,0.01583744392902986,0.009143248042430274,0.01113550504044114
2015-01-30,-0.008797755336879542,-0.025656715773586414,-0.02564883399671758,-0.024157039500936617,-0.023132242827318295,-0.017402254176621224,-0.01784538826658555,-0.011822655298577844
2015-02-02,0.015631345148701348,0.009134372159448567,0.009216575318887088,0.009192274724880711,0.01042623722115299,0.01101077491898339,0.011294860685067798,0.014694951655674027
2015-02-03,0.015714412701565594,0.009939933900234177,0.009906589387250309,0.009479174063966811,0.009931573484200262,0.009949891977289349,0.010665792440941457,0.014826355050935991
2015-02-04,-0.003231612429794861,0.001383411929753997,0.0013903773016290533,0.00037488808910923765,0.00032974999973878205,0.0012001481111505452,-0.002896604444095563,-0.0032077941154745604
2015-02-05,0.010982426841279036,0.007504560433467589,0.007539333909274637,0.0076777215189085535,0.00862127741083385,0.008402344924215877,0.00877776899049243,0.010322802104038908
2015-02-06,-0.0034270974067776017,-0.012679654751029612,-0.012669068512121573,-0.01344262050162992,-0.011806824901536395,-0.008092903872627955,-0.010231089922183023,-0.005001028992938417
2015-02-09,-0.0026026790964975843,-0.005828041900800218,-0.00579376563743228,-0.006371133735872281,-0.006373601064386003,-0.003779580997419929,-0.004729890247164303,-0.0029620811803821034
2015-02-10,0.01101926498762329,0.02134386012539813,0.021339991748058562,0.019969798010157414,0.018673442597939127,0.016537976909617447,0.012282692960766006,0.011480219282708815
2015-02-11,-8.125039483330987e-05,0.00019731546412882217,0.0001799301774079165,-0.0001685197506797742,-0.0008954122350343097,0.00245482078752568,-0.0024164362690927144,-0.0005832023256899799
2015-02-12,0.011902205290683199,0.009766984030658232,0.009927223646888805,0.007739336174094058,0.00887064044197361,0.007762753774888553,0.00602982380000161,0.010374576296685145
2015-02-13,0.004878279467827262,-0.0011079159226974333,-0.0010719384391749687,-0.001158026104094767,0.00012953646518831796,0.002007564237112902,0.0014248144059789691,0.004158154166123973
2015-02-17,0.00046295515432936973,0.002815488900544727,0.002806706878716092,0.0023049102579220104,0.0016358366068316421,0.0019223192216673013,0.00018139767659408612,0.0004187637533701327
2015-02-18,-0.003076072134392427,0.005385942671765953,0.0053657715908388415,0.005878225551811278,0.004519650880011161,0.003213331254073415,0.003877175311496117,-0.0017793763528998197
2015-02-19,-0.0026230727556126876,-0.0025285679404216665,-0.0025099728916966324,-0.0027885379332709403,-0.001974929166831396,-0.0026777544695100186,-0.0031407710412929557,-0.002965450616293497
2015-02-20,0.007298818769670312,0.009952353487521437,0.009949172621285474,0.008659488468007348,0.008277645185873483,0.00808848080639013,0.002687503167366323,0.006362176848560441
2015-02-23,0.00043315300735713436,0.012721877461450593,0.012719614328058793,0.012029466039089831,0.009431254467930916,0.010262369811070204,0.0024413101864457776,0.001012689822581736
2015-02-24,0.006075850293650431,0.005505797552193714,0.005406211738900879,0.004397724835794925,0.0048433734733301925,0.005365472002369032,0.00382924618307956,0.0057362710066108935
2015-02-25,-0.0016793104733077158,-0.011217987441403565,-0.011233553947048724,-0.010092556054388746,-0.008008391191940856,-0.008248495885241125,-0.004572697560420558,-0.0023203039456723973
2015-02-26,-0.000569462184415781,0.0019441232956405319,0.0019513881015296164,0.0020067958223302096,0.00183301709363759,0.0025821290160708,-7.492470555958697e-05,-0.00042634985416611926
2015-02-27,-0.0039603715685874175,-0.005218893385457779,-0.005222914981122706,-0.004368141279975313,-0.004146878314438718,-0.004476402212468811,-0.0004333790915623803,-0.0030598670920988225
2015-03-02,0.004874268905104895,0.003707791227460344,0.003700940203950065,0.0026757958212513255,0.003958934775285972,0.003697971573249914,0.003133111203991401,0.004028952926867335
2015-03-03,-0.005193557351993894,-0.0045742937231705305,-0.0045728422265827184,-0.004329004708109041,-0.00496487822736702,-0.004131214142813477,-0.004004960646809663,-0.004914340454314714
2015-03-04,-0.004312463329826821,-0.002481190866127081,-0.002485864840013008,-0.0031647585556231483,-0.0032356326772662314,-0.004943736119818576,-0.0068229332228531,-0.004848433606351343
2015-03-05,0.002587789732536816,0.004167939069084303,0.00416265644388214,0.003790169343377059,0.004092262591145035,0.0008660977199579367,0.0011132008105712021,0.002228537550881482
2015-03-06,-0.01672235576033665,-0.015681834373422077,-0.015682888843384646,-0.016763873278366925,-0.016705857028275428,-0.01554103605224788,-0.01779428954073614,-0.017097730374045716
2015-03-09,0.004519847942691113,0.007492823332405418,0.007495446925755989,0.0070902716778118435,0.0066364746019094145,0.00665239566994047,0.002482989992479201,0.004262579364675556
2015-03-10,-0.015085968084732282,-0.013911620451299678,-0.0139223592701202,-0.014785099018157832,-0.014821415474977728,-0.017935003582485343,-0.015156210393745706,-0.01509701051306711
2015-03-11,-0.002436558178515069,-0.002764642009053242,-0.0027633583946711227,-0.0033078344197274845,-0.0035056590638389284,-0.004456968153959906,-0.004680387214833104,-0.002921542600670457
2015-03-12,0.011348079409403855,0.016491101824397836,0.016487539096735837,0.01750335802202807,0.015549569818894105,0.014201470197865884,0.014546816810697916,0.011972599005262152
2015-03-13,-0.0054222186749401935,-0.002491526104566155,-0.002489495804669395,-0.0031000663120487326,-0.0031995999362141037,-0.0039766029949994675,-0.007443455623581285,-0.005722905437519632
2015-03-16,0.01358842435475549,0.017869624552917074,0.017867592650887776,0.018259985893170905,0.01711643808895258,0.01529753065778805,0.014349398556985138,0.013979924050729231
2015-03-17,-0.0029846684674796897,0.0014115630461490891,0.0014090351892530606,0.0006059960429667388,3.5960549875646564e-05,0.00023044685437345613,-0.003394757920746727,-0.0029263835676266448
2015-03-18,0.014365754541182607,0.01429718314400974,0.014307674678620819,0.015029589091239748,0.014201876958819026,0.013675791542603788,0.015159356308820371,0.014801740576499522
2015-03-19,-0.007958808506095982,-0.003039841280658595,-0.0030457309604898786,-0.003715065588950517,-0.0036992952466370355,-0.005737659413399765,-0.010770094952579856,-0.008398043925903376
2015-03-20,0.00856651241663875,0.0018430468834407243,0.0018437457577038519,0.0021751101588576294,0.003276713786436458,0.0043646515827422405,0.0069070514843276865,0.00837446200866454
2015-03-23,-0.0037643699005939224,-0.004014926037109512,-0.0040055742292718355,-0.0026788802655589583,-0.002966935842745766,-0.0004401798951858549,0.0005271946093388102,-0.0028528360337212177
2015-03-24,-0.007051773235978942,-0.00570637661682305,-0.005702163624625167,-0.005952968182381779,-0.005937806247322541,-0.005162723956918969,-0.006864083344711003,-0.007084083437152389
2015-03-25,-0.015115853266797985,-0.023174181458330168,-0.023166436222161302,-0.020409791474407135,-0.020607081201868716,-0.018958957975140356,-0.011743985275176616,-0.01422474314585953
2015-03-26,-0.003642234222544505,-0.0035762891318809054,-0.003577065559921433,-0.003633789254874231,-0.003795914456992233,-0.0031370626111529853,-0.003957278978274581,-0.003717828613992946
2015-03-27,0.0019113545818398858,0.007421660336949465,0.007414642860408049,0.0065332149285000085,0.005977369491276807,0.0022704893934450965,0.0003254904013025861,0.0015297344711271421
2015-03-30,0.014642055161596002,0.014883992894720421,0.01488280126272401,0.014965696377254867,0.014163590548879723,0.014037722256593499,0.012527408630486736,0.014347498422739413
2015-03-31,-0.011390968206380747,-0.013982983095143675,-0.013978118854279797,-0.013041386295079671,-0.012764031127623476,-0.010971448300801656,-0.00840723719427472,-0.010836643727700102
2015-04-01,-0.00025781111304534754,-0.0012225632533456876,-0.0012155814242673646,-0.0012760813584538067,-0.0015955384067487532,-0.0018860139788949848,0.0005769362504715048,-0.00022458096843058772
2015-04-02,0.003132091363905243,0.004206561604348957,0.0041970568351521464,0.004158196421649496,0.003915714449320484,0.003449870549683709,0.004086017926864471,0.003187572569836483
2015-04-06,0.010027805347911256,0.010604538052577661,0.010622271411507622,0.009740113904005865,0.009587245895635421,0.01113468059148004,0.00734616143415634,0.009584472124219756
2015-04-07,-0.0005724582005454115,-0.005057255050670562,-0.0050793965020997645,-0.0054636126867484425,-0.004043240846397289,-0.0031635564337408884,-0.002404468947405425,-0.000984306319294137
2015-04-08,7.923814602239787e-07,0.0037070058149195617,0.0037154098606781982,0.003438120201814332,0.0034279484660402204,0.002931699434009394,-0.0015423673269950866,-0.00040168339360779903
2015-04-09,0.005215577860849807,0.003602871920341588,0.0035806982174626523,0.002906974016680497,0.0038891539665601993,0.004818908503281705,0.0032304299766328093,0.004775679219844564
2015-04-10,0.005291689411704326,0.006062735552427645,0.006050235281494398,0.00599615461164138,0.005335216656914277,0.004252847706642804,0.0036714016015122475,0.005088505692400824
2015-04-13,-0.003734772368957584,-0.00487631775638897,-0.004855340455834134,-0.00465880110621375,-0.004402661796298668,-0.0025690356268468495,-0.005453043325485796,-0.0040642407293174365
2015-04-14,0.004246723627446158,-0.00046222610820967347,-0.0004504380007847031,-0.0001776281071931285,0.0001469030302150287,0.0006764522364584025,0.0008713587167417103,0.0037287900038396327
2015-04-15,0.0058535555074539225,-0.0030380589055111207,-0.0030412723982474743,-0.0034394100774329806,-0.002247602580380148,0.001281746393211547,0.0018323769383332689,0.005024021069843343
2015-04-16,-2.6414222238591023e-05,0.0042960508501797,0.004312981968152441,0.004376741637815762,0.004016521612336232,0.0017469165299464073,-0.0014282994406915606,-0.0001489453124986495
2015-04-17,-0.012151392823647411,-0.013042679776440913,-0.01306581721107336,-0.012758420064639564,-0.012944097471160987,-0.013508464540639586,-0.00871893793335854,-0.011454790435296847
2015-04-20,0.011044560892179422,0.00967335507649425,0.009730390926182553,0.009702617771315536,0.010197080678461479,0.013616151990044179,0.009462228188439559,0.010685301623799992
2015-04-21,-0.003118908700984746,-0.0017427821677525879,-0.0017433417709096233,-0.0016550748895931555,-0.0013263274801316172,-0.0013714691271620172,-0.0021577963999644956,-0.0029099029221764106
2015-04-22,0.003975212426477581,0.0013578987206748216,0.0013507423815204422,0.0010281603012383123,0.0015282968490750726,0.004155109192665485,0.003676536733225211,0.003931545037584971
2015-04-23,0.0012562271812501802,0.005791773674009848,0.0058014724911759075,0.005349541532252422,0.003967449036852644,0.0018119894707715467,-0.0012557257163958724,0.0008290451664765275
2015-04-24,0.015404550937858419,0.00851974622380225,0.008738592215453256,0.007514895709717528,0.012209594790058231,0.0246838076265381,0.0023597094161642573,0.012513139177444454
2015-04-27,-0.0027146067017599362,-0.006023751455365267,-0.006036619886689576,-0.00633683323707912,-0.005601810210029923,-0.0027316604460613236,-0.000654382906529194,-0.002549837335344307
2015-04-28,0.0021299215242120972,-0.000854197872728113,-0.0008611129310465149,-0.000826996728782059,-0.0007093062256092741,-0.0014701898284991133,-0.002117742151076185,0.0017146601367179493
2015-04-29,-0.0028935118648729663,-0.01656889758990021,-0.016557297198978804,-0.01663333969591163,-0.01376459850240952,-0.009217296311186285,-0.004140456102135981,-0.0034960321929162763
2015-04-30,-0.01085537924918134,-0.016506321489998643,-0.01652001729461694,-0.01671458764424949,-0.015401603265867259,-0.013618844000834907,-0.011968066508604713,-0.010894109140733965
2015-05-01,0.009865065708965837,0.018401416689603156,0.018369524215215316,0.017696216180923097,0.015766645914735644,0.014687649946147019,0.012231438064765676,0.01025764670507745
2015-05-04,0.001960139597829702,0.003396876856586628,0.0033739127600906915,0.0032647505914389363,0.0033220154086648357,0.0019342502051966637,0.0008506643413961346,0.0018851811962701248
2015-05-05,-0.010985386516969231,-0.018154107521536456,-0.018091897421048442,-0.017254774485372715,-0.0156553018149711,-0.01284036705208258,-0.011273185487936654,-0.01105253090038405
2015-05-06,-0.0038329492470789983,-0.002236010751462736,-0.002262948336767323,-0.00224746299875056,-0.00304974939606395,-0.004926665691785681,-0.002233233940657664,-0.0034387829744572107
2015-05-07,0.005852808165131673,0.011331447506283343,0.011360752821968356,0.009772684364554696,0.00986529012974069,0.008499345117379598,0.003587207074622123,0.005249733259660605
2015-05-08,0.00766124890914166,0.005907388125774071,0.005987361865415375,0.006507181165844367,0.007355810164899834,0.01209544970176979,0.008413863905934571,0.008146461475402766
2015-05-11,-0.0055872453217480356,-0.00812382951787649,-0.008096503636272456,-0.008327913097956663,-0.007322908134873574,-0.006461743467053416,-0.009246288784454992,-0.006088800631907643
2015-05-12,-0.0020075656717120083,0.0005590561336996647,0.000544914581252165,-0.00010692000331780083,-0.0006906368398592599,-0.0015774199461378036,-0.0037542936762526846,-0.0022618747252554083
2015-05-13,0.0010232120978224124,0.00047522707815139675,0.0004418144721582973,0.0011912959748030527,0.0011175711787525522,0.0003822435902876009,0.0003425075606704464,0.001078713494450989
2015-05-14,0.012522614176554425,0.015896516529432247,0.01591016974141568,0.016119380452689347,0.015638491275486333,0.0155307610156461,0.013870827587004309,0.01260396638265271
2015-05-15,0.002343900315596281,0.003918549224750878,0.0038473082672334513,0.004160355679014627,0.0029407905045535365,0.00045742009432458985,0.006482820377824217,0.0031007796525988063
2015-05-18,0.0007609546251423627,0.004507298622768552,0.0044959659331882396,0.0042197398318979396,0.00392258145191926,0.00342134646745218,-0.00035290008342481194,0.0006596206106694869
2015-05-19,-0.002311887094960108,-0.0034582290420278605,-0.003483247093811981,-0.002072685922296813,-0.0018546396952743294,-0.0016520562631823221,-0.00152652931196251,-0.002092737216294882
2015-05-20,0.0003007518849611479,0.0011528568219438817,0.0011658032975685462,0.0007417006241017265,0.0007328754863609177,-0.00014195162508767734,-0.000585439127226528,0.00012843819831287462
2015-05-21,0.0014583042456801643,0.0005364974359902686,0.000595159559708458,-0.00010323915496202041,0.0006341527538591407,0.002038698956704721,0.00015697420509908078,0.0010591924876386383
2015-05-22,-0.002687411050389832,-0.0007178693442917439,-0.000749196548750497,-0.0011843047738437917,-0.0018060499677393649,-0.0022820942021599677,-0.0014878180056325796,-0.002516725598540215
2015-05-26,-0.009607358578693548,-0.012349566430300052,-0.012332169150359396,-0.0123298264403362,-0.011396030872899088,-0.011255107277318599,-0.009492898926992566,-0.009712076614362353
2015-05-27,0.010129588567562298,0.01615434518779968,0.016159774186954134,0.014930905919680937,0.014337082161245407,0.013482280038541461,0.005367264598411747,0.009128837784619037
2015-05-28,-0.0001168135376620194,0.0025917645802666645,0.0025159508225947036,0.0026514129954382515,0.0015771720811381673,-0.0011418768367167376,0.0033000274319356926,0.00042668278623581024
2015-05-29,-0.004465523705779018,-0.0027324477021331006,-0.0027244994011316193,-0.0036514705725848584,-0.0034188098221719088,-0.005704142883955043,-0.004964637636350577,-0.004693495597108077
2015-06-01,0.0029797643414462005,0.0044092313937773575,0.0044103225452953865,0.0037068538781313,0.003587271917167012,0.002813275840462204,0.002014847458007729,0.0028008250857691763
2015-06-02,-0.003719688118115183,-0.008626737905564674,-0.008626255007827877,-0.008172717566587773,-0.007233491993905439,-0.0035227447543598744,-0.0024815711889059067,-0.00352603709324395
2015-06-03,0.0013742393498501482,-0.0005020608923361758,-0.0004973168545635565,-0.001306459571699059,0.0005902527273711211,0.003341059627958165,-0.0004950105211517508,0.0008214965839532518
2015-06-04,-0.006278685505834214,-0.005795536808259949,-0.005813175066840759,-0.0060534997067220875,-0.00682081037467408,-0.008770119744989646,-0.006644457784446223,-0.006357808169763501
2015-06-05,-0.001993446686493483,-0.006163955920283404,-0.006171603409765192,-0.006696228493369816,-0.005252670171250418,-0.00486949796607461,-0.006452288948608387,-0.0029312217489128045
2015-06-08,-0.004167474552826067,-0.00630207277756456,-0.006300081860582285,-0.005399038611569873,-0.005011694013067225,-0.004423499132938269,-0.0010772652851911424,-0.0035667084280416317
2015-06-09,0.0017107094990029825,-5.987102055793336e-05,-4.673253657172527e-05,4.9083244258341097e-05,0.00043408235073627566,0.0010208778155291753,0.0032835180654546825,0.001925333498516757
2015-06-10,0.010487913869436927,0.008804471040340989,0.008832714034777922,0.008839807491203722,0.010246215304648754,0.011922082384004717,0.007693698342259303,0.0100867844416761
2015-06-11,0.0019164130827196146,0.0047544984162783965,0.0047486371759983825,0.004516422002764031,0.0039398254313394165,0.0014621701385451047,0.001166198182416478,0.0017659806567102976
2015-06-12,-0.008456637105608178,-0.010937906090008997,-0.010926773409711044,-0.01025854992106423,-0.009729606317244288,-0.008834586682195389,-0.0065363325610134915,-0.008117031268834674
2015-06-15,-0.005993070449316296,-0.0010680693004690989,-0.0010954048985201137,-0.0013037869959631188,-0.0023584884575703624,-0.005881204288267328,-0.008049084474711643,-0.0061278165075564495
2015-06-16,0.007877386770438699,0.00894162288325906,0.008952490762664578,0.00939164312424512,0.009146511493651976,0.008752495996559917,0.008253347598975447,0.008004638100217454
2015-06-17,0.0024659361275005676,0.0006747296331726105,0.0006663120550252088,0.0006338774148288984,0.0003550837321411038,0.0006451969311196404,0.006234430362485277,0.0030115357610780435
2015-06-18,0.011200993632823675,0.012712259106599344,0.012744116386891546,0.012229791644633448,0.012220403077075392,0.012601259999482917,0.010237695773183342,0.010915948310998624
2015-06-19,-0.006022757204418916,-0.006213445676907847,-0.00625509803141977,-0.006651114642242106,-0.006666376732608725,-0.007261983591051235,-0.005599310562779181,-0.005932539141638493
2015-06-22,0.004021646874645901,0.0019130974863923456,0.0019127105559204605,0.0018985490144152184,0.002740135097258012,0.0040048209577152605,0.0018280340797312,0.0036427620022503326
2015-06-23,5.3749806466329986e-05,-0.0007652680584105953,-0.0007036817441662402,-0.0009129587675600348,0.0007376652884290014,0.0022408257549755284,-0.004539385811321073,-0.0008144683969454336
2015-06-24,-0.008121684851075894,-0.009353879914745455,-0.009360385817909656,-0.0088565396147271,-0.00913140718664296,-0.006004606157394732,-0.004778965785325662,-0.007538751166262347
2015-06-25,-0.0023271256683304875,0.003865388893370625,0.003858125222556019,0.0033759432529281153,0.0027356320861258165,-0.0007848342889358317,-0.0032983436523056353,-0.002492941882659805
2015-06-26,-0.000768887987825484,-0.0005610291232213127,-0.0005698491376210368,0.0003507207722397432,8.183367152314602e-05,-0.001397667083072207,-0.0006897662007427918,-0.000496543992295595
2015-06-29,-0.018335815395282506,-0.01663270901907521,-0.016626522363533125,-0.016166600658753638,-0.017005501021501668,-0.017858725857240132,-0.015520271054288992,-0.017701303460803564
2015-06-30,0.0017721832050761055,0.004040364497185811,0.004047034737771238,0.003167273417121308,0.003487241350889736,0.0033600079433264707,0.00022308526620706814,0.0013919513125206784
2015-07-01,0.005523533866007568,0.00859241646469222,0.008617123147697914,0.009242682471608088,0.00865843463014837,0.008286091873202395,0.006465505761487522,0.005764416970130082
2015-07-02,-7.655257471850252e-05,-0.0007721782778328246,-0.0009042027782638629,-0.0006030915827242023,-0.0011609012337596702,-0.0012702641773919554,0.002140130745297064,0.00036304761568217714
2015-07-06,-0.004304866136159324,-0.001554350630255552,-0.0015991174744692804,-0.0010244675229906797,-0.0017054494152207722,-0.0021626664634418757,-0.0030230377662060492,-0.003931851416512311
2015-07-07,0.0042424880134268594,0.002131259209458003,0.001942401167304375,0.004394999420487933,0.002406608908106067,0.002945112631539848,0.012044226778319844,0.006011093095258602
2015-07-08,-0.014140885664074565,-0.015167411242003492,-0.015175102267001916,-0.01473620249812524,-0.014981344983219014,-0.014293431356287578,-0.013075657762073423,-0.01386883537271133
2015-07-09,-0.0004321486964499188,-0.0036287828081777995,-0.003550586822727908,-0.003921863151239879,-0.002426697655548593,-0.000581950697599587,-0.0029527377341382888,-0.0008990828359798364
2015-07-10,0.012128718209443612,0.017306292022084113,0.017347989962441357,0.0163276481201291,0.016442604888202705,0.015067402830770016,0.010335609763792108,0.0117009453686856
2015-07-13,0.011448484075048615,0.011634231987371457,0.011737238377734993,0.01099381581785508,0.012128155127741014,0.014917622407226494,0.008968926337610483,0.010804084338933873
2015-07-14,0.007284525673850295,0.007109947220463875,0.007159521798885127,0.006964682182312387,0.007431138631238232,0.007258853397903664,0.004297192942762429,0.006720849895873737
2015-07-15,-2.519149606339255e-05,0.004141732045221058,0.004086425089953272,0.004315508649494815,0.003554100177574515,0.0020305457446667674,0.0007281670026559883,0.0003033978523159231
2015-07-16,0.006723005101701984,0.005994147602557787,0.005979753530898968,0.005477578494285318,0.007240439072535798,0.010257627933460967,0.0048191124499330495,0.006202951079984587
2015-07-17,-0.003078817826087321,-0.0007213984764865566,-0.0006463155352184335,-0.0012541656536133594,-0.0009085126797990783,0.0011378725502464437,-0.004744178999980697,-0.003535860577609906
2015-07-20,-0.0014930694303757486,-0.0013341206931454241,-0.0012875042710981388,-0.0006448598993532562,0.00045160299038915497,0.004282451964864986,-0.0007586457406553171,-0.0013691105258318848
2015-07-21,-0.0024826640884076934,-0.005735445179669507,-0.005648550727213819,-0.006515138361323891,-0.00543640454159644,-0.00300054871563904,-0.0052228515993631985,-0.0030125562354416102
2015-07-22,-0.006691222759866333,-0.007274429056547849,-0.0074280869294927054,-0.007820918595926596,-0.008832440533236507,-0.012115000284112942,-0.004805658136535218,-0.006286751263838708
2015-07-23,-0.004808009561213633,-0.004571005972895725,-0.004510296065856179,-0.0043485982682267554,-0.004156021894529682,-0.0027373408070791028,-0.0023329208563250825,-0.004480059226378286
2015-07-24,-0.0031775093439564417,0.0004519644577944959,0.0005066270383371485,-0.0020470741057969644,0.0015068730349236947,0.007864667637657252,-0.00952031168468559,-0.005086590937956048
2015-07-27,-0.006092152448892163,-0.002590537193396414,-0.002732066320039639,-0.002461406255171106,-0.003710969857676494,-0.006131651738594535,-0.0041546036410125,-0.005626663395871034
2015-07-28,0.013378398809855252,0.01213909715022643,0.012116715396006894,0.011403573873606465,0.010419060888912979,0.006327018307712651,0.013241239569316221,0.013225750689231042
2015-07-29,0.006256870934702841,0.004746037855604568,0.004795633133975796,0.004005313379494613,0.004824302549943482,0.006330458829617136,0.004800687343795129,0.005880276383038785
2015-07-30,-0.0011553182508127202,-0.00016817050359851926,-0.00012679207285670735,-0.0036523131200628667,-0.0009519976098066874,-0.0002867358935815245,-0.010282974270228729,-0.0028567853798863174
2015-07-31,-0.006290486779702564,0.00014811478866150196,9.220590192926537e-05,0.0002945079218461544,-0.00045759259961697385,-0.00429142983265518,-0.004763509105391361,-0.005838795271699393
2015-08-03,-0.0033267283173008533,-0.0017124818277579612,-0.0017819553139016842,-0.000650726485298625,-0.0014964839637922056,-0.005381032680392361,-0.0006036409373679774,-0.0027265537245786398
2015-08-04,-0.0031007851674356157,-0.005675483020636252,-0.005613184073651967,-0.005734123451845097,-0.005523095840333947,-0.00586341402240953,-0.004878261691477981,-0.00334037441545032
2015-08-05,0.003757601833439539,0.007788576156330551,0.007854488274171567,0.007665977347430797,0.0076413589329347165,0.005955842714161497,0.001613694474048577,0.003349226658280413
2015-08-06,-0.004193528163547677,-0.00949221687381585,-0.009533058559937801,-0.00853900639081473,-0.008273483172494989,-0.007680478042113692,-0.002219381574570911,-0.0038157498762664277
2015-08-07,0.004838229859654319,0.0051420589780115655,0.0053793462048079554,0.005255179253249587,0.004637482010068528,-0.0019217426023429018,0.0013293571980992347,0.003730276425224277
2015-08-10,0.015378790756437555,0.011389810565221925,0.011517244819405414,0.010547540402264577,0.011498849526439425,0.013900566612606635,0.012096245176654197,0.014439992790602263
2015-08-11,-0.010125017683676019,-0.012001896701714365,-0.01201990265358499,-0.011866087897129396,-0.011629010449295318,-0.014204493620155856,-0.008656859921300386,-0.009809441181995338
2015-08-12,0.0025509626944892894,0.004263513556831189,0.0041924550089837975,0.004086096280490281,0.002636764069340103,0.0027970832902286524,0.0033319140286147686,0.002726436913082164
2015-08-13,-0.0018669560038611088,0.002205854950119601,0.0021685360758236794,0.0017350583663562347,0.0011706013668033588,0.00044959820751588886,-0.001642507929705883,-0.0019315413942594395
2015-08-14,0.0033933071739027376,0.004639328513835972,0.004644402484891064,0.004518237637543443,0.004413572957289169,0.004008211266352646,0.0019093595047683376,0.0031497774753712626
2015-08-17,0.002930532374549877,0.008482804642083508,0.008456135919263863,0.008250305072219577,0.007656423907596688,0.0068119879296950625,0.0023717733763581883,0.002875909544945765
2015-08-18,0.00022646340804843845,0.0071407898880568865,0.007117772552365009,0.006724418508050167,0.004795746132137513,0.0010772041097653062,-0.002160799293344118,-1.3567588534102448e-05
2015-08-19,-0.010670299960003682,-0.008892592834366497,-0.008897846751047656,-0.009118911903175708,-0.008845215789852756,-0.01003979782065112,-0.010160173030157815,-0.010703728532868939
2015-08-20,-0.017930261676408543,-0.021209218111983175,-0.021329821401497084,-0.01967531813176615,-0.02032469508402246,-0.019486153134022355,-0.01023874862822094,-0.016299881748557565
2015-08-21,-0.034146510778129024,-0.03848160612955864,-0.038604158638073094,-0.03656146292271445,-0.03697478423468892,-0.04123894757561308,-0.029164867925085325,-0.03305988536444082
2015-08-24,-0.03861675251571517,-0.03834622095544715,-0.0383775405205552,-0.03713749028613855,-0.0388700814969446,-0.03917832367042884,-0.03389184253877342,-0.037639292193930696
2015-08-25,-0.01258780672565063,-0.009765460649308944,-0.00971356061122941,-0.009950151127647189,-0.008797550667598464,-0.007589743857256637,-0.013976742919273977,-0.012898744402747186
2015-08-26,0.04250890232252069,0.04562950777081376,0.045883877577525656,0.04222590450493202,0.044542148454274955,0.05026575938293254,0.03364399656921324,0.040397175843222666
2015-08-27,0.02501592251999707,0.025177195862760682,0.02531868681494376,0.023781535282477062,0.024668681425267458,0.025478449273272696,0.016126752585747806,0.023269794519516163
2015-08-28,0.0017573109460582437,-0.0009509002115541954,-0.0009188116249088107,-0.0007455902898247935,-0.0009898937877954594,-0.0005212047695348776,0.0011986818343525663,0.0016062671975989318
2015-08-31,-0.0063314329675359104,-0.012934326920888028,-0.012827607244659367,-0.012957084465152646,-0.011106850868421114,-0.007572312838349138,-0.008687463690291275,-0.006815132822684977
2015-09-01,-0.03139338663958491,-0.03249942749869639,-0.03252664026414198,-0.030754043496287964,-0.03151845399409081,-0.033098501151777815,-0.026550334605039305,-0.030338374513372734
2015-09-02,0.017274058650948998,0.023282429939319504,0.023433481610811047,0.020469124072610922,0.02241810762513019,0.024894666312476277,0.010761618960697161,0.01585736011034533
2015-09-03,-0.0013684646528316913,-0.004799102291955015,-0.004821038659744037,-0.0034631444621883167,-0.003426725216481241,-0.004293009517366886,0.001210383714418839,-0.000864867908303979
2015-09-04,-0.016711865370689916,-0.013273058862387166,-0.013329639520482717,-0.013220713138981321,-0.014604567927752332,-0.015011582703073567,-0.014578451304008255,-0.0163514607446148
2015-09-08,0.02436031848295772,0.02908875113038789,0.029154304962576427,0.026958292186734845,0.027738654215555547,0.026337404115998053,0.02118571174740569,0.02341417271209245
2015-09-09,-0.014828897116573536,-0.014130224066286723,-0.014099132819455962,-0.014668852874543337,-0.014264727594834326,-0.014888839192134351,-0.014949346851674483,-0.015165675754865826
2015-09-10,0.006686271763260088,0.011151792901327173,0.011210524927742549,0.0100419619401666,0.009727967847071861,0.009479632176210506,0.004165384859643906,0.00609369899842882
2015-09-11,0.004351134557311953,0.010984169999548099,0.010995164440446903,0.010160544614168376,0.009032914530232361,0.007836603071267989,0.0021733824304071003,0.004014402487638291
2015-09-14,-0.002624864753041245,-0.0022591957773111515,-0.002298909600604304,-0.0017802067838678104,-0.002743182408517786,-0.0031735064811255764,-0.0008660530188523419,-0.0022347412100787167
2015-09-15,0.013523991628916265,0.00946847257153971,0.009494931911313342,0.00968550877363894,0.011214256354629804,0.011832216170806209,0.011560144846939124,0.013301277694518276
2015-09-16,0.011145299258452201,0.009110276108791338,0.009086988305777588,0.009942710522379716,0.009270004684125865,0.00848179558510953,0.01232364078387227,0.011386883484744814
2015-09-17,-0.00014786666457988762,0.005240689052504077,0.005253232596531543,0.005136188653362295,0.003420138564466546,-3.584290933600354e-05,0.0009976197864791647,9.165843561498299e-05
2015-09-18,-0.015020560365723301,-0.00900062802217172,-0.008931397676931407,-0.010062766981063231,-0.010853529160850695,-0.01078157613031816,-0.013698006140791752,-0.014870114896055164
2015-09-21,0.008925850200355523,0.012375890121904654,0.012396521288603024,0.0116494569145571,0.011548009176818308,0.011358778751464627,0.006166522758861204,0.00848250602666245
2015-09-22,-0.011243870146621093,-0.01282577401940177,-0.012886784515365624,-0.011891835495931535,-0.011768960694149677,-0.010544809781347975,-0.00982560083940498,-0.01076039067103518
2015-09-23,-0.0038258582924093343,0.002529673659695808,0.002535825917441503,0.002381734249948364,0.001496095242825568,0.00028627114826584865,-0.005642311426652946,-0.0037922650165633787
2015-09-24,-0.0018120662768881246,-0.00018578934092272625,-0.00016976680964331248,0.00022205684137621695,-0.0007710034503922714,0.0007544286100684694,0.004404063061129504,-0.0007190825291384373
2015-09-25,0.0009954067382207388,-0.007688561976864072,-0.00775457504803212,-0.00591182971899884,-0.005349714025194463,-0.002809938585315863,0.005438654378913554,0.0020322768085816456
2015-09-28,-0.018274964225827306,-0.023018649336615238,-0.023079907208492623,-0.02087677791488307,-0.021056668955329094,-0.019425214141276514,-0.010857602286700851,-0.016792822425449105
2015-09-29,0.0014262699048088745,-0.0072960288952437224,-0.0072431638188267256,-0.006341488625786873,-0.0046694072033756084,-0.005651044208841993,0.0033129269516327664,0.0017127291450367288
2015-09-30,0.0169466127503195,0.019292036761943354,0.0194270647714454,0.017501905448043198,0.018161256714849694,0.01604084214723911,0.008930274333112331,0.015272210143633558
2015-10-01,-0.0007481807648077599,-0.0002554382266166666,-0.00022002824322742143,-0.0006893574774997635,0.00042545488040302004,0.002583466811556745,-0.004350824015614041,-0.0013986305965449919
2015-10-02,0.016165162071211325,0.01564838264998425,0.015665852453243367,0.014948475630471636,0.015236023901657347,0.014603843516826531,0.013604936994689565,0.015667365920399412
2015-10-05,0.019766938987813676,0.013552863498857981,0.013557578712127372,0.013087259558919317,0.014292921119422042,0.014550087251276489,0.01863667585807094,0.019245386140676946
2015-10-06,0.0013918391113891815,-0.007170676936979814,-0.0071247069976133615,-0.007519271948681294,-0.006384071252749313,-0.002512478549830055,-0.002405650744395471,0.0008557537051394615
2015-10-07,0.0068470505505542345,0.0035463170406857536,0.0035859314751438554,0.00400133976847683,0.0046314480057920715,0.005770399417076133,0.008234810309363017,0.007078571312449489
2015-10-08,0.005711043067903709,0.00043355699185454455,0.00037140981327121736,0.001953284621764917,0.0017183830564653224,0.0007231206791460387,0.009016598867790826,0.006397079557488583
2015-10-09,0.0015253412683959855,0.011527654327500025,0.011534703630899035,0.011044982402032222,0.009041389570471736,0.006045735731117219,0.0017734255368955232,0.0015203204403619885
2015-10-12,0.002650246017560587,0.009269487630328976,0.009318136142155709,0.008013059005703926,0.007816738102177201,0.0047042822699434605,0.0004414775568251095,0.0021974912151343506
2015-10-13,-0.0013243871613521918,0.0019014631083844602,0.0019100591793514976,0.001092184955029607,0.0006576636640653888,-0.0011686480274631927,-0.0037148671535929267,-0.0017417011237618185
2015-10-14,-0.0009615670197531401,-0.004997827173897074,-0.004910220175543878,-0.006273069713823687,-0.005331902202291294,-0.0057288952715933705,-0.0010100427989305771,-0.0010789388208883866
2015-10-15,0.012737183618587,0.009875833477998253,0.009848856211016832,0.00916123257574264,0.010387067236374392,0.014670474616875984,0.011077943365669585,0.01231278134307856
2015-10-16,0.0049452925586090934,0.004027030853845481,0.004078088286311843,0.0030227377507614506,0.0046546311793527195,0.006573670881664606,0.0035265396940422633,0.004701557498065556
2015-10-19,-0.001385582845165989,0.0033754247989712383,0.0033743987514545104,0.003191248279394765,0.002728029112738728,0.0010756174613590908,-0.0005478416329903757,-0.0012818245742982626
2015-10-20,0.00031036385555616164,0.0006226867265068936,0.00056426914986063,0.0019835925747984096,0.0006480076690835723,-0.0008782580944379781,0.0013366693206211533,0.0005524612674585594
2015-10-21,-0.0080007241669805,-0.005039467842114509,-0.005102392318990234,-0.004206740803471942,-0.00561679902049772,-0.00618061297700534,-0.003259624789472837,-0.0070912002824798925
2015-10-22,0.017811134195870215,0.006351377704135297,0.006407415159941143,0.006278561610273625,0.008681441438415316,0.01494642205733232,0.019636599961181833,0.01795362266904399
2015-10-23,0.017438403964302296,0.014618269620740199,0.014817573683643337,0.01059175834558812,0.018067498288166117,0.03173865003041976,0.006205334602158885,0.014858611125931676
2015-10-26,-0.0031884681022138484,-0.005023868530937392,-0.004967106799981913,-0.005598847281731323,-0.0022548517390440503,-0.0003817303150118745,-0.006121893427876612,-0.003718222429107132
2015-10-27,-0.0024148933971058772,0.0032215748743589234,0.003216743932392463,0.0031910600032614145,0.002148029114790617,-0.0010529701018147097,-0.0024112706768931735,-0.0022817222794948577
2015-10-28,0.010562635268843268,0.007512069584244552,0.007601794117291227,0.006489681459426189,0.007441419889335776,0.011513104100445926,0.0014179766735160637,0.008893745792891705
2015-10-29,-0.0002768142916179661,-0.0031983976658176427,-0.003200315401972409,-0.0021520050641030686,-0.002530495252522358,0.00185669581474035,0.005897942434404113,0.00040662852726325305
2015-10-30,-0.002305696777796906,-0.0002615142489870159,-0.00023919160583740773,-0.0021686893577154143,-0.002660092904669842,-0.005282783845395378,-0.00484205811213223,-0.0027427707824220215
2015-11-02,0.012483839899718241,0.007013674814686954,0.007024309544506835,0.005481386971395663,0.0068636466589686584,0.01021491949686637,0.004960563127864637,0.011152640625006871
2015-11-03,0.006198104255510373,0.0007670064664693221,0.0007806638570013735,0.0010938930738650932,0.001624088716525307,0.005274283498550858,0.003954305015198001,0.005818109374354563
2015-11-04,-0.002587421961373959,-0.005288417538483747,-0.005223904851258565,-0.005774318285429181,-0.0039265265962119544,0.0008676376318625945,-0.0009851694509320774,-0.0025225342720489596
2015-11-05,-0.0007776671638941579,0.0012599566337485602,0.0013449574449428958,0.0018994501706590672,0.002661586215555234,0.003041404103443668,-0.0007853215042706863,-0.0009344151653211119
2015-11-06,0.008853499013550037,0.017977756609371287,0.018004210397992715,0.007979539561163707,0.010702445844922304,0.005929694189229728,-0.008910361927099819,0.005042618008295863
2015-11-09,-0.010681610121196727,-0.005482623938319886,-0.0055220980620842575,-0.006163184055616777,-0.0069402695000362336,-0.008902670899623932,-0.007577907013348484,-0.010184568743081934
2015-11-10,0.00016879205030684297,-0.004097438792736829,-0.004038735906229829,-0.001747303869899186,-0.002204854476183238,-0.0031200782693123763,0.0009430020729592758,0.0006761485641784137
2015-11-11,-0.0017044952331415342,-0.002610812986536981,-0.002556146945809412,-0.002029376750778633,-0.0011900936449643629,0.0017141994132026106,0.001351891720485554,-0.0012336659840042064
2015-11-12,-0.014329977866149202,-0.005395743352327176,-0.005446503530783353,-0.005825386882949535,-0.007273234082590285,-0.011068251795511408,-0.009549546329996939,-0.013687211804987331
2015-11-13,-0.01029805794323635,-0.02102208638588854,-0.021038888597439853,-0.017959443565318978,-0.018190796708581813,-0.018458242781630885,-0.001077506366981007,-0.009084086824150184
2015-11-16,0.018046331127797854,0.015498846198621408,0.015482569623838094,0.015374607133353368,0.01520102542829549,0.016024709629409495,0.016198229456008795,0.01783890025159285
2015-11-17,-0.0037013757832379257,0.006116907150889306,0.006114458736060424,0.005597813647505001,0.0038081150775011174,-0.0016121848658459115,-0.005217452483037843,-0.0037920858611748542
2015-11-18,0.01570392411388344,0.01680330930904894,0.016852554886608306,0.01469322710362464,0.01643136426350389,0.01953989337750639,0.01007607390843912,0.014488219067540609
2015-11-19,-0.0018661004143857296,-0.006513593349256164,-0.00656806108642638,-0.004469043808018602,-0.004118272709806137,-0.0003967522807424295,0.006059700555661518,-0.0005780290754667794
2015-11-20,0.002314929942762056,0.012858431252362523,0.012876936328845456,0.00978509498294966,0.009394822040932782,0.004920388414684007,-0.0006070930789625617,0.001507374255702132
2015-11-23,-9.862304609531414e-06,-0.001678611293875809,-0.0015985131822037202,0.0003305250331944176,8.932527603700002e-05,0.001775007639720716,0.002176984866097964,0.00048365252839621675
2015-11-24,0.0037089219945967145,0.004763636823283068,0.0047218224768619255,0.005720726462032921,0.004374626774600321,0.002645997493447405,0.0018661145803731127,0.00376087192957808
2015-11-25,-0.0013646893695894446,0.0020595229676771964,0.0020702528348250926,0.001881294852496218,0.0014147924475547136,-0.001334530829264713,-0.0030313819264596864,-0.0016021619601694903
2015-11-27,0.0016266430091496087,0.0017493830013910472,0.0017440121436025358,0.0018232828513755628,0.0017583909726321956,0.0007630147076234106,0.0023628241493043323,0.0016757331449013257
2015-11-30,-0.0013427676111597009,-0.0019087605261108864,-0.0019380970558500188,-0.003476841514119311,-0.0032230294172272966,-0.003623888536856801,-0.006297836036453175,-0.0022271128706654597
2015-12-01,0.010297189536624618,0.016654803854314837,0.01674629357960722,0.013820712041987093,0.014711684242645795,0.011426831670813486,0.005566647183634421,0.009606790268339216
2015-12-02,-0.009121123230410921,-0.005089090502516491,-0.005009376809802513,-0.0065141444932254045,-0.005459140535639229,-0.00620647994150314,-0.009382420618188503,-0.009128407587270404
2015-12-03,-0.013673278438099068,-0.014522857992474436,-0.01454082197426021,-0.013734809122751268,-0.01433459027075945,-0.013569799436427,-0.009879319015958177,-0.013107464076426378
2015-12-04,0.021489113924387793,0.02688924267884385,0.026869171717107898,0.02600508728856621,0.025683110880846183,0.023232963387642247,0.02026921122717318,0.02131210573676201
2015-12-07,-0.009785342366848804,-0.008394195680736738,-0.008409281820322967,-0.006553710274040281,-0.007424568898758421,-0.006470770112228963,-0.0008238313845089218,-0.008228001186055045
2015-12-08,-0.006600408432982485,0.004960641313134451,0.004964989973420764,0.003614104078685232,0.0025220632993741,-0.0021915376473965464,-0.007275692954054946,-0.006682209199050271
2015-12-09,-0.007669533684406704,-0.015481260518287576,-0.015492967986712958,-0.014123653749088083,-0.01400914016351773,-0.011541747294047666,-0.004960194993472555,-0.007042117885713517
2015-12-10,0.003728793188535251,0.0030301575002495973,0.003056426366259357,0.002160068553746841,0.0028706266744245035,0.0029175098125564514,-0.0005422521669919966,0.003029381218548677
2015-12-11,-0.01661449323885844,-0.01420403041638063,-0.014263952088119813,-0.013225490685710328,-0.01478495915007938,-0.019500281465804292,-0.00872809774418104,-0.015023492596578314
2015-12-14,0.008619551501064304,0.006069244426610387,0.006167665412053935,0.005805949999826865,0.0067289294878063455,0.010218356322962086,0.003734011851451724,0.007799078736973053
2015-12-15,0.01421436733456316,0.0033944591475789654,0.0034212405604290286,0.004352762841420166,0.005433618247301819,0.0073308318169929,0.01101316199513902,0.014033979671326469
2015-12-16,0.014953577499242643,0.01744264994568412,0.017394820658821475,0.019113213362959014,0.017882034716833584,0.01499134949341907,0.018811951720518083,0.01584184334845773
2015-12-17,-0.015212361889206605,-0.008672147768574723,-0.008654975346003457,-0.008714089141048653,-0.009384990076493183,-0.012006154121013246,-0.013154007040453664,-0.014503250124434985
2015-12-18,-0.01836482657719496,-0.01722968808221914,-0.017234335398865985,-0.017347882969823036,-0.018091962083971902,-0.019828517675012702,-0.017707421606635854,-0.018478862057848766
2015-12-21,0.00740908673759999,0.011035642800767631,0.011039410591543675,0.00998114456899657,0.00996791297067623,0.007699446785866204,0.005407855598008826,0.0070339715414040604
2015-12-22,0.008277597641708212,0.0018716594572230072,0.001873537259339253,0.003691383062079945,0.003813176367614579,0.004288759407986342,0.009097110951311604,0.008462053617638077
2015-12-23,0.013606581818815577,0.008126795587411584,0.008097743456989326,0.008519696306245272,0.008662535968380958,0.010215868327609456,0.010311255911433115,0.013086589414134542
2015-12-24,-0.003524322554986359,-0.0011052162883504746,-0.0011033794096437788,-0.0013101128971176879,-0.0014447167360348567,-0.0027871616202068683,-0.0015830058115985368,-0.0032581903688158054
2015-12-28,-0.0027417722617666396,0.00033066122403324627,0.00040153784596475006,-0.0003455297287541237,0.0001427354985095164,0.0006538097876971349,-0.0024046175314411666,-0.0027245577883392436
2015-12-29,0.010542224313421666,0.013658728622455651,0.013693873418334057,0.011575466163531667,0.012446895256189583,0.013453019444042535,0.006798262899164964,0.00972350932036714
2015-12-30,-0.006763594141936613,-0.005736744113638115,-0.0057445752189084764,-0.004748445504421439,-0.005337882832399776,-0.006855283376891563,-0.004004733897245427,-0.00618317388426981
2015-12-31,-0.010464029337009406,-0.012531587087549978,-0.012545064615768986,-0.012337018439802505,-0.01249003906900148,-0.01309542090216187,-0.010170557518508483,-0.010363352577016927
2016-01-04,-0.014332510838593882,-0.015353720362818901,-0.015473523379351262,-0.013604184814961617,-0.015059812463164568,-0.019074063910789585,-0.01032180417612949,-0.013412777543288179
2016-01-05,-0.00026923678214207936,0.0044651188480759885,0.004424541302310292,0.004253696076897295,0.0017538358339019844,-0.0018669884899874534,0.001495366564548961,0.00013486768885062617
2016-01-06,-0.0148676802798271,-0.015009540917324649,-0.015055908701890774,-0.014431474903201846,-0.013766399062237866,-0.012224061609642622,-0.00770982873884507,-0.013469849815514578
2016-01-07,-0.02658084186720322,-0.025866643200307182,-0.026065374864370994,-0.024236573520243332,-0.025956455809882262,-0.02923177441437952,-0.014827263774636612,-0.024148838093802305
2016-01-08,-0.008441860184310257,-0.008925078346172732,-0.008944469561724011,-0.008572988955186323,-0.007938059803987096,-0.006414651831030627,-0.005181251042385537,-0.007967251779909312
2016-01-11,0.0006159786521975352,0.004889521374502381,0.004897844942309826,0.004776265140741476,0.005365704804967342,0.004644418983493548,0.0038296157524186913,0.0010127428571484742
2016-01-12,0.009409391520803112,0.011252333531507341,0.01129589970328615,0.01155518393548749,0.011095867973510032,0.009683531910334775,0.007221194998134672,0.009007613282566052
2016-01-13,-0.021528639682018125,-0.030441141296375318,-0.030576697610922854,-0.027655953751434925,-0.02831342785485169,-0.025821582756864525,-0.014750512094180213,-0.019785006530048665
2016-01-14,0.01569714337300443,0.002861328242972805,0.0029287684458527696,0.0013853494297260127,0.004388017289079782,0.017662829516138956,0.008516711210565298,0.014469995912025357
2016-01-15,-0.022659254023645548,-0.022228034889776094,-0.022406100588845956,-0.019740541727535366,-0.02060655087545471,-0.02466359933200646,-0.013765546002386442,-0.020636062623587303
2016-01-19,0.0038416935810077213,0.013837299578671969,0.013701468350059587,0.013998393432804068,0.011641254211798735,0.0027064463755548385,0.012826715691196755,0.005614287619375213
2016-01-20,-0.011721479461110351,-0.00556119453923265,-0.00543327085260592,-0.007210397079368103,-0.0072340493146927365,-0.009486962297912016,-0.012252881377733837,-0.0120379236173912
2016-01-21,0.004537283414681292,0.005364035097246811,0.005370811571799861,0.005485204232020369,0.004769919162836311,0.0029001724096031634,0.004999216255523464,0.004452596384359797
2016-01-22,0.023207783863036013,0.02025421470388844,0.020357001329577296,0.01946808627630281,0.021829190212067973,0.029200390624693817,0.01195896547698605,0.021331576538080155
2016-01-25,-0.015529194378175126,-0.004845154105150851,-0.004868482457275336,-0.004345808966335296,-0.005716116673063931,-0.011011944858650535,-0.007801454712024647,-0.01405754338420695
2016-01-26,0.017358049879295123,0.0054457427347192056,0.0054772620795773275,0.0045965551839448615,0.007075205931836859,0.014667645818446484,0.015637230700341842,0.016821772988776296
2016-01-27,-0.011221593593898849,-0.010570850624426531,-0.010688858942069168,-0.009337263315686295,-0.01240709670185236,-0.019333872091646498,-0.0008892574169280243,-0.009382362447547643
2016-01-28,0.016292248188678027,0.01107780708526862,0.011196301540739029,0.008891916510230358,0.011433563994042606,0.022204761825974417,0.009010984501797825,0.014889757557212668
2016-01-29,0.02031868991924113,0.024580259907445612,0.024479970794003325,0.025203686888570997,0.02193227885081228,0.012831011372095302,0.02156583590348715,0.020820030819476365
2016-02-01,-0.003897277594114623,0.0032370152668037555,0.0031932634625626566,0.003941048901919153,0.0010009181505750142,-0.007531827598782126,0.003051150861555829,-0.0026843444586295284
2016-02-02,-0.02443247743857857,-0.017621475928620844,-0.017689314074367135,-0.01455673163366722,-0.017374266006408345,-0.023654082168506174,-0.010807263872405826,-0.021513920242582696
2016-02-03,0.011437014109020094,-0.00465123212498697,-0.004746818191065261,-0.002455088722155385,-0.0032424697528529167,0.0011237799995607034,0.015306054672096447,0.011824263965789061
2016-02-04,0.006869315179891755,-0.003974748384452442,-0.003957519778179375,-0.004782430524206127,-0.0032868473681207933,0.002675236023239158,8.918437624561015e-05,0.005315201138009096
2016-02-05,-0.018738646248923962,-0.03038332961762069,-0.03052165249409522,-0.02396498821621651,-0.028592768878268116,-0.026618282605556653,-0.008094827262129733,-0.016180427256548335
2016-02-08,-0.009663317084954381,-0.02062325083812644,-0.0207059865479694,-0.015611403315069827,-0.015026353704252315,-0.005634822073791512,-0.003935837802135911,-0.007652278603285212
2016-02-09,0.00028852351014618804,0.010138342573243309,0.010071454927469858,0.011583648241839883,0.008282933289452066,-0.000533370897740304,0.010069522758739957,0.002042282975486698
2016-02-10,-0.004914490357369572,0.00043302053214477887,0.0005292646415251401,-0.002774802352535466,-0.0009975361737317723,-0.0009319798031726112,-0.009226462552331394,-0.006007004668786453
2016-02-11,-0.010427020668246634,-0.00908200153859473,-0.00904871826670528,-0.009235198656739274,-0.007309715727869537,-0.003653173673050847,-0.010873625723525682,-0.010672902693771635
2016-02-12,0.01990687299705285,0.01290682329630588,0.012895069492434796,0.013110956486626968,0.01236350796653185,0.01537655279582939,0.01159403909018164,0.018250236912666695
2016-02-16,0.01699682845390793,0.02508148938117949,0.025138423120806053,0.021157164359257408,0.02238287194925337,0.017459224455987687,0.007843447738379083,0.015256283375090662
2016-02-17,0.015433244273511892,0.015049654309389426,0.01512428250236919,0.012013370963395387,0.013844250309719364,0.015809593829131607,0.004744715648554942,0.013373568354962728
2016-02-18,-0.00013980628903031977,0.017353106854081757,0.017321284432841644,0.012858736808591065,0.010437026557698292,-0.003944723280654316,0.005021912800753814,0.0006625746080650696
2016-02-19,0.0011705047402978952,0.007342157665471083,0.00733527088420316,0.006847811907855439,0.0066231179507953986,0.0030092580518119583,0.0005026639403213906,0.0011453238294958368
2016-02-22,0.015944977039051622,0.020860620680257735,0.02093187454937029,0.01713758256836373,0.01828903922463998,0.01573606222416668,0.0077928448968644926,0.014161087612304168
2016-02-23,-0.014085220606579574,0.0006908680067923001,0.0006402089831110125,0.000876145874202594,-0.0020374574614039354,-0.014308263810323796,-0.005422274363280799,-0.012225905526003666
2016-02-24,0.0034696783723300317,0.003536779266378298,0.0035303169105105336,0.0038233261167841537,0.004438919142153885,0.004739784122548052,0.002861710024551156,0.0033925417374027766
2016-02-25,0.007815595400089581,0.005285248361838413,0.00529895155296245,0.005224549115954824,0.00598355181563881,0.008253910919019392,0.006609318693208799,0.007590342962931151
2016-02-26,-0.0048748960741927805,-0.010505581807692677,-0.010463757097487147,-0.012544361135533588,-0.010007885013482043,-0.006539908500739489,-0.01200550945859069,-0.0065937730603440325
2016-02-29,-0.007744469180808511,-0.008789537923281299,-0.008811980539523812,-0.007697194424484022,-0.007862623092382948,-0.008373692887206796,-0.006072457914435558,-0.007351297869283013
2016-03-01,0.026818596154135843,0.020222165572382877,0.020353110557422838,0.01785187365877805,0.021514096433263852,0.02864536726524891,0.016023499751934178,0.0239898461821344
2016-03-02,0.0034809369878276986,0.0002090684796254294,0.00021780874507060233,-7.488209267414447e-05,0.0010727835149721976,0.00502973927202377,-0.0001397014918731454,0.003135734328345352
2016-03-03,0.003955014742234697,0.0001305086428016189,8.588116287322478e-05,0.0010255267585170813,4.1068249315490135e-05,-0.0011345514981868643,0.005296108812952172,0.003983652539940374
2016-03-04,0.005193008751278816,0.0022015442947247443,0.0021735132749463038,0.002751944299378639,0.002509006461343777,0.0007177697139251205,0.010832174849501275,0.006079198240295902
2016-03-07,0.0009106191735810398,-0.0022435736060925082,-0.002290053465412778,-0.001556663365259725,-0.0035066902254561327,-0.005232495625062117,-0.0007686998286666746,0.0008580841687986229
2016-03-08,-0.008473107024280724,0.0009359284071406293,0.0008623435377672628,0.0024353238987109282,0.0008920313058955465,-0.0029635979599405005,0.0016814398443092404,-0.006457295541311581
2016-03-09,0.005528297533433424,0.0015083756428935224,0.0014605477465328143,0.0023425192097175085,0.0029744614971705108,0.005264383599096645,0.00543453530137139,0.005332721672128393
2016-03-10,0.00036384117254883996,0.0013778056350217671,0.0013353580426238576,0.002115609410230812,0.0004243124187404135,-0.0025498319481723764,0.0030846576927741065,0.0006741200838447092
2016-03-11,0.011290687533414667,0.014845892579072428,0.014889633980372796,0.013999531036174018,0.013523280521288594,0.011785075543766066,0.004724062497448056,0.009935305832295294
2016-03-14,-0.0004961692640387261,0.002114012009095889,0.0021238869425319606,0.00195784285043743,0.0018250815755644911,0.0015148324098552823,-0.002530638114384809,-0.0007171143719336692
2016-03-15,0.0013373166827788108,-7.447914274227863e-05,-6.755850007633679e-05,0.00011190818813466841,0.001676709582873137,0.005296632480624286,-0.0004226623399558038,0.0010841939838888148
2016-03-16,0.006041684645150536,0.007845251926356323,0.007912441583749485,0.006013550024977388,0.00680759500501682,0.0042450483831266705,0.003010883601360259,0.00535264378017386
2016-03-17,0.006287644245532631,0.000538729622795886,0.00040868330405596787,0.0025126691785448685,0.0010592073769526422,0.00039389832314484785,0.012134945728195623,0.0074663514283686006
2016-03-18,0.005447525776167472,0.008018041719155544,0.008069832340267924,0.006411023512563396,0.00478258655187358,-0.00082695701794544,0.0011153675541673014,0.0046683954841888475
2016-03-21,-0.0011519526308639838,-0.0010212898839637718,-0.0010151356584936488,-0.001194668918616415,-0.0005107091839157141,0.00047996408129202806,-0.0010894437602417817,-0.001196425645383803
2016-03-22,-0.0009884048858530559,0.0006898392658787333,0.000722729190404392,0.0003641256484363531,0.0010593364824571516,0.0026542490259697793,-0.003061562534813156,-0.001334722295680768
2016-03-23,-0.00021662172929248769,0.007639342575497032,0.007708747079799627,0.006326304257958215,0.005934438056566682,0.0024500594220959737,0.0029244969653934305,0.00023710407714294668
2016-03-24,0.0024737356328359272,0.002448179662748906,0.0024847024718110955,0.0019841686455022156,0.0024899463835657,0.0038571305611796447,0.00021597107918625014,0.0021317648170360304
2016-03-28,5.3845742920888284e-05,0.0019490458438269354,0.0019407735193897047,0.0017347241585998763,0.0003978103277850753,-0.002527649109284602,0.0005827371521796021,6.508982265573948e-05
2016-03-29,0.010139665038255696,0.012946679403920802,0.012966979914628585,0.012636511401458383,0.01359751390172792,0.014129865136202735,0.008266689604650823,0.009869069080949977
2016-03-30,0.005863388780109835,0.0032458390016061323,0.003274615525838076,0.0026559077909891204,0.003792780338236712,0.005581581609161557,0.004578320717604223,0.00515116531917692
2016-03-31,-0.0034687849018573136,-0.003429984831597399,-0.0034375346510935323,-0.0034004037295964906,-0.0035043784763802988,-0.004312735709824933,-0.003977956835607088,-0.0035864219050499857
2016-04-01,0.007062702559181178,0.00949376137691571,0.009480543523184615,0.008760495407732716,0.009006005382217852,0.00719226210329138,0.008563997115803135,0.0072933122816707385
2016-04-04,-0.0039853649849317385,-0.0031776274096626533,-0.003220603739516603,-0.0019307878763450415,-0.002083350405339801,-0.002194869288376533,-0.0023732655018053883,-0.003445842985655534
2016-04-05,-0.009812966276782187,-0.009239226905064513,-0.009285797879520996,-0.010370860506226265,-0.009534984145838088,-0.010082277971204534,-0.007967476647106286,-0.009575640020948128
2016-04-06,0.007994892403112797,0.0068923642507725535,0.006950497076819273,0.006589637289222239,0.0073161379133894755,0.011082188856849973,0.004748189215349363,0.007354210395783767
2016-04-07,-0.012413690820466838,-0.00985185118919496,-0.009875818902689959,-0.00963276899145793,-0.010222438955515334,-0.011961080182728678,-0.007407662414538607,-0.011381196145922146
2016-04-08,0.003515021181579092,0.0027614615076727578,0.002698800878875751,0.0027775279578743373,0.0022587996964398283,0.0028731315706316263,0.0036178579630825602,0.0035119307989301962
2016-04-11,0.0004135880284650284,-0.0010436880537563198,-0.0009712354599969997,-0.001871310780413582,-0.0012644562547675653,-0.0005124138063012929,-0.00344404534347853,-0.0004846819829660287
2016-04-12,0.010158549797915972,0.005556505635736286,0.005573282192360418,0.006196133439135165,0.006380512595845156,0.008200445001544487,0.006634627625031531,0.009345693141492362
2016-04-13,0.012038183237684574,0.004372003074263997,0.0045311569240509275,0.0021451474222891065,0.004237709184413241,0.009001380523522062,-0.0010541559784198462,0.009005955694254109
2016-04-14,0.0027368371914293643,0.0014488952581150905,0.0015025389495626484,0.0007957920612191582,0.001249053640882014,0.0028085404410469472,-0.0006620698276738057,0.0020308052708180035
2016-04-15,-0.00048387080536627103,0.005167531299680617,0.005165519616048275,0.0046279843363334905,0.003451570702249107,0.00164410744505461,0.0059119385695314275,0.0005728744469837288
2016-04-18,0.004595093195462141,0.004930418606795328,0.004957503040579736,0.004349008806346255,0.0040667445574895655,0.0061663178089708115,0.004304312772977159,0.0044809611907949964
2016-04-19,0.006683261686782682,-0.0015563570365461077,-0.0016134615628069504,-0.00022774600422281743,-0.0006188046262380897,-6.110478345000558e-05,0.009069283263374306,0.00705282297594656
2016-04-20,1.9648558711393704e-05,-0.0063055832182541405,-0.00595770777542437,-0.008843402629317154,-0.0063527512663131835,-0.004272157537791865,-0.014326332681631193,-0.0033819926601231787
2016-04-21,-0.006242504503165991,-0.008519502646241572,-0.008474753185325645,-0.010228492928681665,-0.008455183695635249,-0.004937639495699586,-0.009775183927513087,-0.0072110885372409506
2016-04-22,-0.0009394411754664045,0.005839390660039356,0.005703356883403066,0.007390511320395143,0.0023926851633042645,-0.013002894992600988,0.007686268944718133,0.0011488273855484454
2016-04-25,-0.0015179997152361402,0.0022832156676315662,0.0022802093189755457,0.0016247210721420657,0.0017678117763815226,0.0026606146930021612,0.0011776543950099416,-0.0010052433910728853
2016-04-26,-0.0012421747918761605,-0.0009393998861361164,-0.000927127835327779,-0.00028527593717375677,-0.0020742522022692,-0.006661384056838471,-0.0033717094854833762,-0.001672539942301654
2016-04-27,-0.000743782052159081,0.0036478556487662406,0.0036045667687842897,0.0016447201500473518,-0.0012558977072426591,-0.007562618587650616,0.0018519212898415738,-0.00021915186556231703
2016-04-28,-0.011179118873788196,-0.013032410520784965,-0.013079420322542723,-0.011888950727506842,-0.013134069016408234,-0.011918942008417588,-0.0039859126087140595,-0.009705265186248924
2016-04-29,0.0045883951134748635,0.00975399228051721,0.00995205886923256,0.009058726859740629,0.008454584708653012,0.016512674158759788,0.0035357406107834333,0.004225932157694068
2016-05-02,0.009380534993607359,0.013424750429144483,0.013448454023238687,0.012136045510474647,0.012311115356589575,0.013610158108693149,0.0061045143605196195,0.00862581617003677
2016-05-03,-0.009073875121121788,-0.006736722964052921,-0.006764765864871736,-0.005861743571609734,-0.0062080501055095105,-0.008038352852818842,-0.00457524470511983,-0.007711387059266661
2016-05-04,-0.00608073957356603,-0.0026857010332607123,-0.0027098160393475013,-0.0004779829266261526,-0.0016797707995012123,-0.002173074002966846,0.0008412190569535571,-0.004398958639070805
2016-05-05,-0.00247558606416709,-0.0028290920057708613,-0.002823549375236545,-0.0027512368366767737,-0.0024238444815127824,-0.003135682190461897,-0.001370136145424361,-0.002279362336882196
2016-05-06,0.004989913586483041,0.006711146665789869,0.006756583182787157,0.0060883098966051374,0.0062912413572608905,0.007559511785286022,0.004159968598571373,0.004684063902529401
2016-05-09,-0.0032402637762469766,0.003318973719676377,0.0033080281261359534,0.0030984439743282355,0.0025999714655231543,0.000972051978427313,0.00039487864845266785,-0.002439247176357573
2016-05-10,0.01382438558800314,0.014627512166992762,0.014673763486816593,0.013456141349869277,0.013934787374505264,0.015936592622014967,0.008586704568365633,0.012645662616803888
2016-05-11,-0.004800322511200661,-0.005777333398935047,-0.005754968667387006,-0.007408502323860255,-0.00582681904441007,-0.0022471065783453703,-0.00478759754239777,-0.005050627381527839
2016-05-12,-0.00021822801254089974,-0.00035482674289899485,-0.00035871996616787527,0.0012744134036029031,0.0005996242453010225,0.001604287239435509,0.004310356549486638,0.0007376761043829116
2016-05-13,-2.8470584865103454e-05,0.023983289961090337,0.023953659881142952,0.010609198967714395,0.013317132129063047,-0.0025675781527233488,-0.009337744483427723,-0.002286700356692428
2016-05-16,0.011840704975740302,0.013419019156074574,0.013401048935544502,0.011615595213281704,0.012395190009495849,0.012083000640619401,0.007378072825527937,0.010991279799604126
2016-05-17,-0.008642140445146884,-0.012839413593086824,-0.01285217362508806,-0.014860610982591171,-0.013543881024386861,-0.012426966000340989,-0.012603236058707723,-0.009535804315983665
2016-05-18,0.004123747360680774,0.004505323550126672,0.004538002158380072,0.0015776582928574978,0.0028048101414577253,0.0032848738021087343,-0.007994986692212658,0.001671664894897118
2016-05-19,-0.004350219990802873,0.0007805578789867873,0.0007617973478930562,-5.5885328888671815e-05,-0.0004621866120866347,-0.0017940721080720312,-0.0019087327548374944,-0.0036682084250205804
2016-05-20,0.003606456453348228,0.007434444815301644,0.007391764056215333,0.0048064137194281376,0.005552733054189574,0.003928437691959719,0.000756132104476892,0.0029358243395567474
2016-05-23,-0.0010356923925491923,-0.0042274698799324995,-0.004198505015115761,-0.004184935433361514,-0.0038482944207547387,-0.003209726023014392,-0.002275398484198554,-0.0012730103406306537
2016-05-24,0.012998788105627712,0.01650459277169114,0.01647902591524586,0.015127717154102438,0.015511952811246177,0.014174572888100645,0.009035071117718285,0.012347850982602715
2016-05-25,0.007809966864643858,-0.0001116957813481756,-8.301570310165207e-05,0.00024685601890728215,0.0013786802646480467,0.006809306237006929,0.0023672321442766986,0.006675632262141518
2016-05-26,1.3075725224354073e-05,0.0072519565121003104,0.007235830713253177,0.006756844187645772,0.005851252377657712,0.0019141332490306695,0.0016072696099012074,0.0005205916501906938
2016-05-27,0.002680225097935418,0.0021435388934512023,0.0021454773984836972,0.0018949710853040092,0.0021292869581255314,0.002035720157080645,0.0013213363840141046,0.0024421870195721063
2016-05-31,0.00011605686756022138,0.004990610057064693,0.004997956571973994,0.0023881284979538897,0.003333470662721494,0.002374536282153672,-0.003405365236936353,-0.0006725846544977099
2016-06-01,0.0010063904671182566,0.0005830959096417843,0.0005811063649365789,0.0005518909552653106,0.0005446300856239983,-0.0006821760112004638,0.0033269905021484636,0.0014219332698324205
2016-06-02,0.002183079813010469,0.006201227956299293,0.0062075847400702155,0.005234056236978146,0.005063977014970522,0.0033140664880682014,0.0032093526483454315,0.0022064590150530083
2016-06-03,-0.0008072968596117835,0.000529425304594433,0.0005305049085049252,0.0010894993765511174,0.000228360822706275,-0.0019530904946341021,0.0063376809540405254,0.0008601298679287162
2016-06-06,0.0053998582681558105,-0.0013818652528149178,-0.0013649007097246146,-0.0020891673212435347,-0.00036873213785604264,0.0034581389984598143,0.004892590778237782,0.005204202962553861
2016-06-07,0.0008746289021959175,-0.0025094466315643826,-0.002517222740292424,-0.0018254307015526106,-0.0016913610024033021,-8.824150671582487e-05,-0.0015836666450935732,0.00034674812019264145
2016-06-08,0.004944634489268296,0.008192003960063587,0.008197175073956675,0.00730064857008883,0.006538665937545929,0.0036271723899501396,0.007517241067785063,0.005575182594003358
2016-06-09,0.00126747117107473,0.007412538113193534,0.007415287489094702,0.00675158739284587,0.006531230288415957,0.002809416845744206,0.005052749295753278,0.0019903279927007134
2016-06-10,-0.0075713861766839585,-0.01020977238415488,-0.010217478855017004,-0.00829497053817152,-0.00840061558047156,-0.0068046656488661705,0.0005639408084954223,-0.00595683454646545
2016-06-13,-0.0061012506589391835,-0.002046741550059461,-0.0020435791683490745,-0.0030632417399037992,-0.0037111253213635287,-0.007103008593026705,-0.006135469325239229,-0.006176488489690546
2016-06-14,-0.003029586589844424,0.00040537515346428243,0.0004257979286301783,-0.0009350793206508445,-0.0005806359718424359,-0.0007888851646797868,0.001922386194981307,-0.0019411258632593409
2016-06-15,-0.0016683834661651575,0.00025000853179735216,0.0002364468797866337,0.0007264997017368824,0.00019251015407761862,-0.002125979119084631,-0.003948616052472542,-0.0020681952136946125
2016-06-16,0.005558793879383961,0.006734481579737439,0.006732869748768744,0.006760885111688486,0.0066149195994968935,0.006996160151917286,0.004867442498212249,0.005628058003857905
2016-06-17,-0.0053541118362006035,-0.008361242489504206,-0.008372081299444,-0.007770189366636426,-0.008356793313512578,-0.009527828878953315,-0.004911805131066371,-0.005258323483219751
2016-06-20,0.005107885704985993,0.006229481443882134,0.006235008398448816,0.005479017824789656,0.005698279162618336,0.0048580176361734395,0.0025155178872560136,0.00434503982615575
2016-06-21,0.0028852540106689695,-0.0008740260644889419,-0.0008727245365893754,-0.0004482929567074523,0.0004262670753336639,0.0043188648042462585,-0.00028548655703297676,0.002432432701203968
2016-06-22,-0.0022147748314915727,-0.003512386216221519,-0.0035172899594116958,-0.0035275130414773592,-0.003343215557253143,-0.003103237615903587,-0.00010262271909800003,-0.0020085473665873987
2016-06-23,0.01412005170177455,0.011713912621002187,0.011722376933803957,0.010435542287927646,0.011324876684003726,0.011444912118199202,0.008281557770266623,0.012568663261623536
2016-06-24,-0.03420318376028142,-0.024028862120607952,-0.024042470128339266,-0.02285831474851807,-0.025501877837951104,-0.028083677659852868,-0.02075359399071819,-0.031007145962041793
2016-06-27,-0.010739455134419762,0.00018385688227695596,0.00018596975144280492,8.332036163283263e-05,-0.0022788426717641475,-0.00950428610658871,-0.000831077913832412,-0.008304865691267427
2016-06-28,0.016830095370833575,0.014556223124614132,0.014557139305619415,0.014270037482835729,0.014846726072511363,0.018313223117697675,0.012103186795289655,0.015780634610568445
2016-06-29,0.013874902786780607,0.00688716664018485,0.006896615965034547,0.005793026507032506,0.0078032618479588756,0.012090176759361526,0.008274411665079029,0.012520902118971167
2016-06-30,0.012983143943680941,0.008220229294956471,0.008218136798310072,0.009272707721930118,0.009615383233177566,0.009464293714557037,0.015482186916882634,0.013459813185237701
2016-07-01,0.0010509139640082488,0.0018516490842981348,0.0018508301495172574,0.0011563378162988691,0.0010879990366610137,0.0030767079669233866,0.0009502337931110993,0.0009011015135875766
2016-07-05,-0.0042922608559212705,0.006351293014815518,0.006355548987510895,0.006334390325030137,0.005752401128543694,0.0020420539202574695,0.003229533249856198,-0.002567820487425765
2016-07-06,0.005990275448730209,0.007506158198389068,0.007502984117737865,0.006777389825318503,0.00627573043695695,0.0068924577919771135,0.001279426482378332,0.004977713003821771
2016-07-07,-0.0012466655889263878,-0.0018350664225841307,-0.0018337251542794863,-0.002317996694404356,-0.0018014473381897655,-0.002682778381255191,-0.005523066183811709,-0.0025092745916479586
2016-07-08,0.016422689505542154,0.017876971186348456,0.017867777727520906,0.01737173376475476,0.016405987465164307,0.013675809016635565,0.011915058048545202,0.015190053711702456
2016-07-11,0.004818497827247636,0.0064344402401168566,0.006438087100376855,0.005885296506899618,0.005734516317829286,0.005541706772753896,0.0006404732253120216,0.003866679246400828
2016-07-12,0.007525078817609998,-0.0027431779623938723,-0.0027471837442244462,-0.002575802273734218,-0.001498703666273249,0.0010225135769525995,-0.0002796596295465692,0.005520741536989782
2016-07-13,0.0008034049359506579,0.0005847875244306966,0.0005864580908720995,0.0010427997654594012,0.0008469656023069039,-0.0009597693562918286,0.0023223428962915182,0.0011662274226584834
2016-07-14,0.0054605197129606875,0.0006606639735911024,0.0006534362740875377,0.0006578802621621804,0.0011079861040057537,0.002340949576850271,0.0002171794020611184,0.004191523699488053
2016-07-15,-7.867985366127872e-05,-0.0026916389841991073,-0.002699093082425441,-0.0021900914160460916,-0.0021746966473451534,-0.0017386640767874662,0.001081041497901225,0.0002349329923276855
2016-07-18,0.001650375598867937,0.003278649763057917,0.0032702255168421956,0.003310974300643643,0.0028941652996719025,0.002582527628000486,0.0014863092312060733,0.0016332407698989027
2016-07-19,0.0008119955066638873,0.006298365811318929,0.006298856010242382,0.005960923581952882,0.005796174506298879,0.0018754054603842274,0.0035959337178326223,0.001283650348265386
2016-07-20,0.004005301422394858,0.00403278239335525,0.0040363824009379545,0.0033778780718456414,0.0038529266136149154,0.007931898044075236,-0.0017455618939449247,0.0026602927944372468
2016-07-21,-0.0033205970530237883,-0.0046532288981470105,-0.004646922626837302,-0.004513843211976454,-0.004179040241052867,-0.0028071490482119987,-0.0004149342235555409,-0.0025820262680585904
2016-07-22,0.004608440258356605,0.01033238528017777,0.01033040950063624,0.010428155670689554,0.00944550090318863,0.005551601862950006,0.004880298498550095,0.004712313256114209
2016-07-25,-0.004419678266964877,-0.0006921013517687813,-0.0006973923645051672,-0.0008671789920855488,-0.0010321956609936622,-0.004238617009199586,-0.0019315714962296893,-0.004288947289192824
2016-07-26,0.0024016493336238565,0.0007603268205256253,0.0007547754471475265,7.577372939882032e-05,-5.1893843588834976e-05,-0.002520212430623503,-0.0041222732766484915,0.0007879030684165844
2016-07-27,-0.0003431439721394147,-0.00592299350754677,-0.0059195395867297496,-0.007523777941195076,-0.006521992442949376,-0.001966289796906495,-0.010578238613803359,-0.0023369015269335547
2016-07-28,0.001428551258510824,0.008652415133050262,0.008659572592479403,0.007988752237489294,0.007109490880710334,0.0065285967157899805,0.0013746117864881224,0.001651149482954084
2016-07-29,0.002130846508587858,0.007467617689330686,0.007472517537532086,0.006865038531684631,0.0067365259927301135,0.00476454025099704,0.0034230674747699474,0.002300841753252625
2016-08-01,-0.00336873810005045,0.0021840901829357495,0.002186714597984807,0.0013411801905522935,0.0015473011802407122,0.00024237256113557315,0.0010491517959765329,-0.0025354551819628535
2016-08-02,-0.003791385313349993,-0.007708976047102412,-0.007708369537703819,-0.007317344294346051,-0.006291843421480925,-0.003932553890259927,-0.0021065457588801406,-0.003321182776914622
2016-08-03,0.0037523797717524676,-0.0007778902007254951,-0.0007801059549563671,-0.00016656825521899066,-0.0008602888501804129,-0.0005007776276746423,-0.0011201925596565632,0.0027542987460551505
2016-08-04,0.0010103803900298747,0.002791048921140904,0.0027961668380638294,0.0020716614629416874,0.0026011618189838437,0.0031746126744165437,-0.0016469450094562799,0.000330494185775132
2016-08-05,0.006893506417335216,0.0037976919311055735,0.0037978825947886374,0.0034932807664405097,0.004041958132983803,0.00416012692650658,-0.0014512573088253378,0.004947077862069271
2016-08-08,0.0021763915230290642,3.574113702908832e-05,3.766827902373926e-05,9.065579677813851e-05,7.468224340745344e-05,0.0013376517105085917,-0.0013245196567969186,0.0015243540882710072
2016-08-09,0.0004488466508367761,0.000603197179469106,0.0006041940001288992,0.000625674868514503,0.0006339565852497842,0.0012214071677165705,0.00047355102457546927,0.00045384114026281175
2016-08-10,-0.003824603569117291,-0.0006743724925482031,-0.0006730381827639853,-0.0006842841524911103,-0.0007034257746076911,-0.0022113521498188238,0.0007027096898333252,-0.0028667482883451
2016-08-11,0.0061708964625646345,0.008225831398608108,0.008223467882844337,0.008405813911745552,0.007791614931164759,0.005303948809155079,0.004442110326413395,0.0057534812373836175
2016-08-12,0.004209751286218699,0.011747468518427118,0.011749057912332495,0.011944664347513845,0.01118008626952749,0.004531731771502789,0.00018421530197154645,0.0034453316544955648
2016-08-15,0.0025183070260355045,-0.004468484633561642,-0.004471328407108954,-0.0034050831732448383,-0.0030919691943638306,-0.0020626370393034277,-0.0009478910603818447,0.0016478744769574671
2016-08-16,-0.0024542135077801897,-0.006598287798458613,-0.006598196499016495,-0.0069331926140926425,-0.007022686231037745,-0.006980995041804383,-0.004182709953709063,-0.003094303938680265
2016-08-17,0.0010767610470909794,-0.0010360345808620997,-0.001035582744631558,-0.0009319340263292952,-0.0007437874450065829,0.002257176678545969,0.004987887978947558,0.002105196545501009
2016-08-18,0.00281149109640344,0.0042773248274214914,0.004280423937587097,0.003954170767019427,0.0036799390937867216,0.0025209877376850542,0.00310370377022795,0.002835048380841254
2016-08-19,-0.002072119630536773,-0.0038743540853244385,-0.0038789519732955746,-0.003554453539633795,-0.0028742647506428964,-0.004378683426937591,-0.0028687969704895844,-0.00248514614103601
2016-08-22,-0.0014190501534129263,0.0011427988764065589,0.0011440148999839472,0.0006894924030651506,-1.1513389935879914e-05,-0.0009963009091314978,-0.003221481907373147,-0.001749584618833011
2016-08-23,0.0018009623496111349,0.0023025401648086863,0.0023017203953648036,0.0024771221813133515,0.002876919146300283,0.0023218636463351316,0.0013456330719974208,0.0016468139002507876
2016-08-24,-0.0042420817038778535,-0.009101673900378304,-0.009101113150755014,-0.008297725871558082,-0.007962762275179558,-0.004325971156450281,-0.0029031645213742907,-0.003968575265077656
2016-08-25,-0.0009451090910683746,-0.0037425908560780874,-0.0037425915164298607,-0.0032366707655619997,-0.0031196923663223686,-0.0005181761753080272,0.0017498729927933887,-0.0006874117746014097
2016-08-26,-0.0025268678074048534,-0.001359096151075101,-0.0013522564120184155,-0.0024884399520691547,-0.0014191871737971873,2.5266940611556876e-05,-0.006478274080552016,-0.003524814915510155
2016-08-29,0.004911994481544113,0.0037187300360701503,0.0037175687230228682,0.0038702832150896427,0.00407222355710557,0.00416543638982847,0.00590545553358468,0.005134084186945387
2016-08-30,-0.002518211041163454,-0.0053855959966644384,-0.005386062476907649,-0.005576815797394108,-0.005424386437327899,-0.005298732808876161,-0.0052287439392713075,-0.003288653727820834
2016-08-31,-0.0026061024436402347,-0.001955265043474985,-0.001954597811014147,-0.0014789737057117058,-0.001716197389309615,-0.0019663699573839732,-0.0008022021743636643,-0.0022392039788985407
2016-09-01,0.0018492828259084604,0.0059555312383214876,0.0059555311963217505,0.005846919924720861,0.006129062587082457,0.0026338119962723283,0.0020922994024645813,0.0017802038330223535
2016-09-02,0.004461226694332021,0.0046114718470708915,0.004611471477978579,0.004700092606686468,0.0035388988753477513,0.0035382279332321076,0.006363499087902014,0.005066715908701003
2016-09-06,0.004674265467315086,0.007720709199758868,0.007720709243829171,0.007917467111269172,0.006554593182779955,0.007156477774896475,0.004591338724097227,0.004814869876127448
2016-09-07,-0.0013218299967316938,-0.006594999773621768,-0.00659499960236587,-0.006439309100205959,-0.006151116835379167,-0.0025493586036116067,-0.0030927609957390745,-0.0017242246663601302
2016-09-08,-0.0008686861921884947,0.0008196375096736208,0.0008196374404529916,0.000928404072209954,0.00035663968230315035,-0.002081685566678093,-0.0030294588591996963,-0.0011451822665303757
2016-09-09,-0.024939712762849342,-0.03166167659979113,-0.0316616750802825,-0.03229549394175957,-0.029783609040253567,-0.024636909410314156,-0.02456599964861539,-0.025003421337178477
2016-09-12,0.014132786075271353,0.016125998535566177,0.016125997517764112,0.016761339373510653,0.016134618890279784,0.014639743140999695,0.015781116594583144,0.0146780979012473
2016-09-13,-0.013115859899485827,-0.014736470840968297,-0.01473647083121521,-0.014586988597833694,-0.014190129544182861,-0.011187941601301654,-0.01242074460526954,-0.013081098792158685
2016-09-14,0.0013096552045017695,0.002748316244254312,0.002748316684591412,0.002457555656029342,0.0024287890302447934,0.0021861964205112105,-0.0004726746162472262,0.0011025877112949
2016-09-15,0.012943817119290157,0.014887128837314023,0.014887128855125553,0.014490597710807185,0.014853012217545869,0.014133241167443078,0.008130572169315675,0.011904552925197098
2016-09-16,-0.0023162125384305066,0.006785677623422082,0.006785677738899709,0.005565899036442001,0.004218630971490889,0.00011148044549735836,-0.001477554438431894,-0.001885173409697849
2016-09-19,8.40708166598425e-05,0.003135517837364654,0.0031355175321428064,0.0033101242293849253,0.0025279546726411084,-0.0026906420538718168,0.001562137565750854,0.00040048408676152114
2016-09-20,-0.0003679167810224371,0.0005534836291036793,0.0005534834095517471,0.0008114481059608991,0.00036117938286572837,-3.943350026969217e-05,0.0025422802917505205,0.0001712208869735221
2016-09-21,0.010870655598692824,0.01791402163752398,0.017914021871300534,0.017205114275041122,0.01534059562193213,0.010783608742326312,0.007114990515128872,0.010206158367022322
2016-09-22,0.006191667105575505,0.007405832393577505,0.007405832007934654,0.0073955618652610244,0.007183718066972045,0.007898534342040575,0.006585093432604605,0.006337758368379243
2016-09-23,-0.00765850505446497,-0.004041726953431524,-0.004041726978882831,-0.004159412788534045,-0.004788930932217217,-0.0056374743768928814,-0.008691085533016008,-0.007835313380843756
2016-09-26,-0.008314907681193251,-0.00887255005797949,-0.008872549537870977,-0.009309486574539116,-0.008759055335902932,-0.00710240334848522,-0.0075073003228350865,-0.00803711835860943
2016-09-27,0.010234264096525392,0.01589940844946014,0.015899408395626313,0.015984697233371037,0.015531851619538628,0.013111527917460064,0.008652798482646551,0.00970945024742309
2016-09-28,0.011013763354927208,0.0039484895522177155,0.003948490350341061,0.0028682586555035527,0.004174023544404326,0.010112117560489242,0.002585016338330526,0.009377876009729169
2016-09-29,-0.008214371669058917,-0.005849747442014386,-0.00584974849310993,-0.005558606679370026,-0.006227721549426746,-0.00798827631525656,-0.010409633275096253,-0.008832586734928705
2016-09-30,0.010159834069692453,0.006924450034382801,0.006924450061235765,0.0067004745061720605,0.008107640703848062,0.008601144191506371,0.006583899133658422,0.00920436817424597
2016-10-03,-0.0035275216911287988,-0.005260415937757834,-0.005260416068116558,-0.0059965890543147715,-0.004753820179915658,-0.0031574365644154723,-0.0035899277512765337,-0.003910851562585083
2016-10-04,-0.0034878644067809494,-0.005755415012003162,-0.005755415099340522,-0.005895212018568907,-0.005217357276221302,-0.003650486895881655,-0.0059955752382869765,-0.004170492903789791
2016-10-05,0.0060665383893281355,0.0004351310023151811,0.0004351293033910686,0.0011714176983292912,0.0012492108984858419,0.005172929569854379,0.0006768531884919771,0.004846885255801681
2016-10-06,0.0005661832722325677,-0.0024684767538892816,-0.0024684717306245885,-0.003969928983214244,-0.0032655489014775663,5.8907075346503746e-05,0.0006350572756255168,0.0005496624800012118
2016-10-07,0.0009389221905828915,0.002652150876001347,0.002652146657561527,0.004412761262341469,0.002630635111031232,0.00026505413360755625,0.003941298039646712,0.0019466524341853475
2016-10-10,0.005056686887074502,0.003278008114141029,0.0032780061226342916,0.0032983576680907234,0.0038598527129498628,0.006020155954692852,0.0006402586444065328,0.0043425144628295165
2016-10-11,-0.010728886728431974,-0.01483935497414135,-0.014839354716311925,-0.014249177664597434,-0.013877194317237662,-0.010795894297197295,-0.011349279779843569,-0.010765858961515273
2016-10-12,0.0021768740302763323,0.0062383605442535295,0.006238361316882379,0.005867231263294137,0.005649246298383481,0.0018016886460865411,0.005249091342298229,0.0029063208206658864
2016-10-13,-0.004495888024891315,-0.003610613622106462,-0.0036106143979984795,-0.0035332744343579137,-0.003594104522825159,-0.00436612986208329,0.0014209170387151637,-0.003204019355856458
2016-10-14,0.0019834374307237113,-0.0007655430757209647,-0.0007655421188771383,-0.0007848840659866463,-0.0005704020379688757,0.0004937945706158242,-0.002089323346722849,0.0010956157613690731
2016-10-17,-0.0029826075523424755,-0.005079417068351799,-0.005079419843672439,-0.004685774240177576,-0.004007721142146314,-0.0032715183510585444,-0.0007536333737420131,-0.002586004074227821
2016-10-18,0.008395502354099138,0.019974854930240316,0.019974859118120136,0.019162551412992945,0.016254978507407092,0.00463338586561135,0.0008242147464696536,0.007585141900680936
2016-10-19,0.001783928568104054,-0.0003891827258372116,-0.0003891811029086423,-0.001277854138824308,-0.0005352158767738535,-0.001163178238537954,-0.0019317330071345618,0.0009447313677775071
2016-10-20,-0.0007188197260473705,0.002272355615938304,0.0022723563601205754,0.0015157293622549695,0.0018814071729198467,-0.0022074385982324696,-0.0018085743759227446,-0.0010070666889518964
2016-10-21,0.0013951017633460072,0.001334410953586218,0.0013344130266430554,0.0008578819701448026,0.001022913619564303,0.006287476936327918,-0.0026869616208574643,0.0005677689778873507
2016-10-24,0.007455829389235502,0.01522147329894441,0.0152214743047272,0.014696491402006906,0.014782843970739368,0.012090249402172848,0.0035325853969507826,0.00656454249875793
2016-10-25,-0.00022074995333687397,-0.0003057630001044309,-0.0003057723724846362,0.004417736387250848,0.001718626765146558,0.0014942356446370209,0.0032429573994461336,0.0005200332481847258
2016-10-26,-0.0015079453449443614,-0.00370975851008315,-0.0037097602994724532,-0.0030291538683728803,-0.0033296038984937937,-0.005330824694360747,0.0013255464584143173,-0.0011276152385129024
2016-10-27,-0.006517255552480283,-0.008421741255396964,-0.008421742287650136,-0.008863527704538798,-0.008225527734087579,-0.00640729098007331,-0.005619879760393243,-0.006326509854208795
2016-10-28,-0.001963122538401696,-0.009978731028817744,-0.009978728569896789,-0.01048686043130731,-0.009109388612456581,-0.010463240277610808,0.001800011809353519,-0.001487362782277013
2016-10-31,0.0025106822882199342,0.008315971341378736,0.008315967637458455,0.009390509731870056,0.00814976064508044,0.0037095669054409974,0.004081968861301188,0.0028103366814467012
2016-11-01,-0.007674621740836107,-0.015135835176668166,-0.015149199065718655,-0.014261226598368593,-0.013742324454611099,-0.006106482805841695,-0.00835110750423762,-0.007893361047681569
2016-11-02,-0.00667222449845184,-0.010169994042252828,-0.010165502935800541,-0.010466047509837373,-0.009509383380490566,-0.008568454754147914,-0.00569870449036447,-0.0065010991321556855
2016-11-03,-0.0022402988915848354,-0.0033585378156628654,-0.0033576230187641887,-0.0030109943365402847,-0.003225358682356516,-0.001871332539198356,-0.0003466786395260879,-0.0018563113290006594
2016-11-04,-0.004483104864581811,-0.005519917941725794,-0.005494188968538483,-0.0063334589263714935,-0.006161806094514555,-0.0066313969945074325,-0.005286858653271831,-0.004655800705491764
2016-11-07,0.025047292589511327,0.03106339587345608,0.03106598439208952,0.030209391375503936,0.030351401611955042,0.025800484835265758,0.01837567183254274,0.023464687982201138
2016-11-08,0.00484001054753791,0.003755518066462571,0.0037427628609483232,0.004009002997954703,0.0038313674389829355,0.004614042986563316,0.005999805421273097,0.005200848831493854
2016-11-09,0.0065991494556743024,-0.01908261532851996,-0.019012005608993077,-0.019790054849912586,-0.015393287770761321,-0.0007612403051439065,-0.007912371343456015,0.0026766914649014595
2016-11-10,-0.0006145253430573927,-0.012214695030943301,-0.012119470483405226,-0.01689260822441019,-0.013639773382553955,-0.014381755370771576,-0.011822818033464744,-0.002963453075867095
2016-11-11,0.01552823800063674,0.055845136998984746,0.055832562141521436,0.05557352422069162,0.05483906471860256,0.011395606965690641,-0.005081714366144019,0.010491728405568113
2016-11-14,-0.0026880975737259005,-0.009366897404260222,-0.009407048205858248,-0.010035744802392887,-0.011685837625672879,-0.013064540882055553,-0.004823357190862576,-0.0024262552700269335
2016-11-15,0.00867608397579911,0.012182340332140829,0.012131269097601427,0.014129766732293714,0.012854059723157008,0.01482392626414164,0.0015785692303884602,0.007245788860327673
2016-11-16,0.0018175251104675105,0.013893276670149612,0.013910865610163636,0.013454202819468408,0.013894519246634207,0.00722565234392647,-0.0018362132225473449,0.0007422811328332557
2016-11-17,0.004211993820812054,0.006300294680943841,0.00634486613560048,0.004719817811266402,0.0061253075077001284,0.0049802787407347004,0.0013408812135469184,0.0036007391088042073
2016-11-18,-0.0015010354507434265,-0.00017037907454131584,-0.00016929152639910683,6.31337243928165e-06,-0.00012855569693548397,-0.0003863616245987078,-0.005786950687498904,-0.002477838425293921
2016-11-21,0.006839711466681608,0.00591213823838177,0.005886842893183752,0.006336292015392653,0.006048158541476889,0.01034043999529799,0.004997257311698311,0.006616389098166753
2016-11-22,0.003855078184330285,0.006735068913476638,0.006747764199949602,0.004603704545168119,0.005920095549811544,0.003070981957508323,-0.0009082296655696931,0.0032282955587754625
2016-11-23,0.0030468429263870167,0.0009935001962322332,0.001009343280522046,0.0003352832336736,0.0009912418386530675,-0.00047388664157288485,0.0014885589183908365,0.002590913573956577
2016-11-25,0.0024765237235535587,0.002885158627108364,0.0028761111678672346,0.0037394047650496365,0.0032381286810829746,0.002838594692150087,0.0077011889924027965,0.003475400168926557
2016-11-28,-0.003959579841642413,-0.00270496855659641,-0.002730401989924247,-0.0020808743096802917,-0.0029415963407942725,-0.005889782406808042,-0.0009219762742583848,-0.00323630237264394
2016-11-29,0.00244680573668532,0.004584398996350325,0.004588128505697897,0.0030238981156966993,0.002615702928097763,-0.0010739987441801269,0.0038568422714346795,0.0027157588875679206
2016-11-30,-9.033615479314694e-05,-0.0101549132013794,-0.01012631373270012,-0.011858884799783698,-0.00956596624873618,-0.004686823970474041,-0.013215604748632037,-0.0024659867794871726
2016-12-01,-0.0012403459896378477,-0.009072487004599283,-0.00891040751173855,-0.00968413183369432,-0.00942439643472659,-0.006705456756749051,-0.0035726515037306505,-0.0015486105974088504
2016-12-02,0.0003128642299361495,0.0033903232118874804,0.003305500192513522,0.003683025848754795,0.002944686718882261,0.0012796226740747763,0.004822640528452604,0.0013378882144645665
2016-12-05,0.0075844993698588326,0.01103296040708357,0.011096138384521836,0.010433705347184352,0.010946774016271199,0.009487632385245748,0.003459192788003884,0.006326385779911403
2016-12-06,0.0019095911974509328,0.003334599165223384,0.0033624632022843937,0.003369959175882453,0.003303122586485241,0.002159124099372134,-0.0019735397508856556,0.0010700206976181903
2016-12-07,0.015194442066727154,0.016744713583912718,0.01664928255062592,0.0156690017334582,0.01526063445901138,0.012291241032147404,0.015343813484437252,0.015294730010334323
2016-12-08,0.00016354805944374107,-0.004616640492854152,-0.004514619704641953,-0.005085687313521214,-0.0048321817516774335,-0.002106807005280653,-0.0032422972155048413,-0.0005814924931767385
2016-12-09,0.005622232338452715,-0.0016697708527791955,-0.001620240794834693,-0.0014032619201895802,0.0003550578184787767,0.00588575314352946,0.010193917222622861,0.006519241928508723
2016-12-12,0.00033786990905326775,-0.005669397902009599,-0.005748905167430651,-0.004229255296934853,-0.0033616521789661125,0.0014009535076948687,0.007920520512977536,0.0020612433947586606
2016-12-13,0.008699360481762897,0.013050404585576603,0.012988785324554941,0.013000350843066721,0.011648076618696157,0.011714758413305049,0.0046165677782632475,0.008080231828681228
2016-12-14,-0.005110079516310262,0.0032716909332215494,0.0034168448450344613,0.002938095674045238,0.0023196532440432627,-0.0048540234105375335,-0.011933278897701238,-0.007172342378815699
2016-12-15,0.006614911902761422,0.006364368477067117,0.006382318439350554,0.006323623489813857,0.006672093158554437,0.0033484961695275928,0.006271648908981353,0.006393417511801669
2016-12-16,-2.8143609924868862e-05,0.008260452169788435,0.008097104233071084,0.008794058543839078,0.006795374529133591,0.0028070722041997342,0.0022551435861839497,0.0008071650291028298
2016-12-19,0.0025342544755486696,0.0030071121225310193,0.003021307452877986,0.0028452156911373816,0.0031721547516987414,0.004679584202868403,0.0006136035580506238,0.0019069695785258745
2016-12-20,0.004128895496177787,0.011389899729474351,0.011462117880632672,0.01060102736332369,0.009296593548569154,0.003471252251454837,-0.004805332241520466,0.0024804706452097314
2016-12-21,-0.001349878804822957,-0.0003278263749613153,-0.00028378393383710065,-0.0005216324162902186,-0.0004216599458192194,-0.0007521602210348588,-0.0026425189300580687,-0.0017231537731156044
2016-12-22,-6.400606204826076e-06,0.0011596455546636353,0.0011386981414887032,0.0013770633307019775,0.0016253775680517002,0.0006398827401883356,-0.0014773329015951298,-0.00021122867595901873
2016-12-23,0.002720670821038107,0.006068196985459906,0.006055803545043759,0.006296500717166698,0.005901920652797488,0.0014936713760336229,0.0029618594755778105,0.0026202630972242957
2016-12-27,0.006619328807887737,0.017856163543241488,0.017858279995907278,0.017799539654747898,0.016930873270884828,0.008201787833711949,0.0005991176412234456,0.004881264688066711
2016-12-28,-0.010233176757765028,-0.018997432808382952,-0.019000473860889544,-0.019111524851573747,-0.0188543790833402,-0.009500734293622859,-0.006068259084256011,-0.008892841504161142
2016-12-29,0.0010498891090522378,0.004203772872189981,0.004094745280348588,0.004607251442610316,0.00427055043103608,0.0005547512184393977,0.004074032970479369,0.0016773154805176382
2016-12-30,-0.007213670721992305,-0.016248265379314564,-0.016199817632857494,-0.016383949434632172,-0.015305493543376292,-0.010835273917202515,-0.003879073603120231,-0.006377287261353115
2017-01-03,0.001819831634497504,-0.005728065359894674,-0.005756262420091307,-0.005998208983060138,-0.00537618898332759,0.003044007328829146,0.002514193785248642,0.0022000875293222144
2017-01-04,0.0016482432952764636,0.006871609029713843,0.006932633847501313,0.006446363601909644,0.006146913339948767,0.0004868694145090391,0.00039134003287122354,0.0012510214039567202
2017-01-05,-0.002007623173151507,0.0009393872928635805,0.0008228077544292223,0.0025123169293028713,-0.000750659574557222,0.0023376001684498604,0.0009535045161011002,-0.0012516717806896338
2017-01-06,0.003691044525910181,0.005992122054407023,0.006000441060441064,0.005612755168764805,0.005667133983158212,0.005440817630594452,-0.0009271022868123646,0.002612678689898562
2017-01-09,-0.00046410732902757434,0.007134006504694312,0.007169814128950902,0.0069198446335903,0.006344893822294084,-0.0006536959355945005,-0.00314729921464596,-0.0013815313517002714
2017-01-10,-0.0013881935162869397,-0.0013188247058849578,-0.0012365833090031142,-0.0018367031758571573,-0.0013119168819033522,-0.0022436188231026444,-0.0028976335846848666,-0.001617153994429521
2017-01-11,0.0037543848403194247,3.0279214647821462e-05,6.723118413409779e-05,-0.00135544326637127,0.0001616540212125983,0.003731888836116193,0.0005475578094056299,0.003325864427897951
2017-01-12,-0.0024162874044445504,0.00018767942250330627,0.0001738712023398037,0.0007681131725234547,-0.0009436834540297312,-0.0010552300630494171,-0.0004237993231632764,-0.0018850561438582547
2017-01-13,0.0006205180380411957,2.2296833682045047e-05,1.658059796016964e-05,-0.0003441295637780506,0.0001460297645701214,0.0011084915340047186,-0.0009711950454933671,0.00022841700831466305
2017-01-17,-0.004056513226589398,-0.009310491478151661,-0.009245986983171806,-0.006865473385521681,-0.007077633869622679,-0.0033754838189552494,0.0058844721744226725,-0.0016003749092802222
2017-01-18,-0.0008042521459900032,-0.0006908774810792107,-0.0006774378251319657,-0.0011088625038435662,0.00012128850064652141,-0.0016248090535896376,-0.0007645313840942691,-0.0010477802554530458
2017-01-19,-0.002650638413181139,0.0032533925225461946,0.0032475380474175086,0.003466887513139172,0.0026202464188691543,-0.0019601829934362547,-0.004033568153713141,-0.0031321114836582176
2017-01-20,0.005009611545822024,-0.0019451694828876986,-0.0019375226204882967,-0.0022532954733177624,-0.000630418266877153,0.004470381783419519,0.0077815550873092665,0.005593593556677101
2017-01-23,0.0013609978491391228,0.004555048334378586,0.004675845128582878,0.004045740534017739,0.0047436552966493295,0.00168202821228558,-0.0009107884814922862,0.0008002802711231105
2017-01-24,0.006279432986165068,0.007043426675896747,0.007123525436879108,0.004912284948964674,0.007475400406512067,0.005439032779474884,0.002013542224797993,0.005328471480517072
2017-01-25,0.007901264616322567,0.008035186018518159,0.00794659843555734,0.007842290410041253,0.007344228221507709,0.008491779811538258,0.004418903859510159,0.0070209099451452595
2017-01-26,0.0016776895855175056,0.005945534031051247,0.0060205593540456626,0.00463527039363254,0.005035369834477832,0.002187884487284242,-0.0036140351995294084,0.0005510838926578998
2017-01-27,0.003689055172214406,0.008636273359197144,0.0085598356797294,0.00952311160057695,0.007267289646108344,0.004079636407521958,0.005422646992760738,0.004052915502533061
2017-01-30,-0.006996114871563375,-0.005090382034788177,-0.005062396271131031,-0.004630251141818698,-0.006147589297611278,-0.007653915140490741,-0.0010352499258998726,-0.005481502034412666
2017-01-31,-0.004742682331006165,-0.0029997569852524553,-0.003027366203757542,-0.001765662097347298,-0.0035291367286138797,-0.00503320030320864,0.002327387207121445,-0.0030494576462557488
2017-02-01,0.00420886559104261,0.01057029259298492,0.0104622794686966,0.00921040713567245,0.00873747107038314,0.008408974772283972,-0.003558088962643313,0.0023909606639545
2017-02-02,0.00019047315350362304,0.002468826595056317,0.002340838337060669,0.0031173531181010183,0.0023009543177883174,0.0004380482221211235,0.0003144094643168227,0.0003007228209197521
2017-02-03,0.004936838658975873,-0.000355778698983511,-0.000614181420924953,-0.0022723675064698634,-0.0017060262460890652,0.0013209274532373083,0.0029873915050726563,0.004571521790349031
2017-02-06,-0.001289075036663978,0.0015285622200178484,0.0015690796934846318,0.002013595245241584,0.001683670621213329,6.493153289377496e-05,-0.00342566845502823,-0.0018363343544348654
2017-02-07,0.0019230183359897346,0.005060253582594987,0.005008034141662954,0.005307023261573729,0.004837455263362989,0.0015801298946025444,0.003317630752053935,0.0021570896097504733
2017-02-08,0.000615789778204423,0.0017630216938393506,0.0016158173955567179,0.0023735466472882827,0.0018232215156264164,0.00029953936703663864,0.003705656752487796,0.0015116933543550815
2017-02-09,0.0020781120256239127,-0.0030291937621786946,-0.002805721484063106,-0.003852961484894002,-0.0023707503387018214,0.0041160890837632635,-0.0032991234212539355,0.0008960383812968153
2017-02-10,0.0017419780965761689,-0.0023481058724145187,-0.0022709392738344825,-0.0004315572561817138,-0.0008633874564670796,0.001983522063973231,0.000431181918151502,0.0016588876446752554
2017-02-13,0.005057419986022493,-0.0022099562436411757,-0.002155432131963453,-0.0030111946465409822,-0.0024370035058061124,0.006177629105687865,0.004706285632635643,0.005276809998750132
2017-02-14,0.0034719633667452676,0.0053904078896389596,0.005310518319463053,0.0038272972157653573,0.003812948981569919,0.003997488335906851,0.0009606235506525174,0.0029200121789312306
2017-02-15,0.0058919787178770555,0.004601306136169159,0.004648870049162701,0.00402578603934356,0.004813861879512382,0.005052315987254863,0.007384899213742635,0.006060929829603268
2017-02-16,-0.0022206005471961943,-0.00232867982567464,-0.0023772554303733706,-0.0010660925130774324,-0.0025848559670967886,-0.0027238315414617187,0.00443474574765057,-0.0007687600979300324
2017-02-17,-0.0004987529417678216,-0.006759313372494469,-0.006713206854271014,-0.003306423305898476,-0.002939639422910978,-0.0018601368512602967,0.0013683605165901724,-0.0002537498970456298
2017-02-21,0.008985228987923977,0.017204339871767615,0.017007484791503824,0.015753176173328054,0.014956844362976618,0.008400830381996238,0.008248386645927086,0.008721813612108331
2017-02-22,-0.0015176469764077716,-0.00012409328683893328,-0.0001720621430184588,-0.00017698113446695807,-0.0004859660918439257,-0.0018959479379844213,-0.00030526132882935375,-0.0012538230877424672
2017-02-23,-0.004736356352022519,-0.015344392748124713,-0.015327737023486221,-0.014177641320595735,-0.015837654803673606,-0.003081745305184347,0.004636413566021957,-0.0021588935989459435
2017-02-24,0.0006753261748755346,0.0030818816976143637,0.0030093546600256094,0.006772841436931687,0.004218183017867361,-0.0003358823154185897,0.007379946118802216,0.0022332789873107384
2017-02-27,0.004535355585794543,0.007438013493954898,0.007516813249610621,0.006581101327832739,0.007202147968555117,0.004714883777767964,-0.0012258802022304671,0.0030807011801861073
2017-02-28,-0.001437159270507693,-0.003943885034604966,-0.004148052471229846,-0.004339988959387253,-0.004923713774895422,-0.0021030648627138326,0.002234748501354078,-0.0003624076710397883
2017-03-01,0.013545968237220318,0.010440012269185672,0.01047515158632506,0.009537570824455832,0.010502898548264916,0.014788203842806436,0.007513472690587442,0.011952015890883683
2017-03-02,-0.008009087935286763,-0.0090392795970059,-0.009064448353894639,-0.009237190072185597,-0.00981911885969311,-0.006612969728792106,-0.000243613131375775,-0.00583783691453077
2017-03-03,0.0010081227174802976,0.0008520752251746089,0.0008625551904128947,0.0005303129767928461,0.0007395983431623954,0.0015936027488956395,-0.0006058255525328571,0.0006308614824455105
2017-03-06,-0.0019732896075476125,-0.0034750949719545288,-0.003491842195539885,-0.0026847916206184097,-0.0027846298565523675,-0.002192931850285129,-0.001906606256279142,-0.0018768179998399637
2017-03-07,-0.0005802652425005439,0.0009536061733306234,0.0009418628183899269,0.0015089325362074302,0.000990445640784987,-0.0007581958855962245,-0.0001476099749943005,-0.0006175330521644984
2017-03-08,-0.00402141906409359,-0.0009876038416514188,-0.0009955896554767474,-0.0017704785744403484,-0.0017353068177695663,-0.0013051198865462466,-0.001478474621793846,-0.0037359001675816295
2017-03-09,-0.0005691303419259608,0.0018353551672376511,0.0018163848537198213,0.0022765227704901747,0.00028845539644462015,0.0010315841088639477,0.0009146551468623976,-0.0003123548869938819
2017-03-10,0.0034090465192420094,0.0045961055767893555,0.004585634799124438,0.005152289965018486,0.005034369888520018,0.002683828987440462,0.005289577451845995,0.003937617077903965
2017-03-13,0.0019913580273003273,0.007219788776307023,0.0072149787437922885,0.00745119581308562,0.006570077603608837,0.0009400898116280754,0.002393899380116471,0.0019123016994475606
2017-03-14,-0.003168916549567302,-0.0009223159038278528,-0.000923899651475435,-0.0007663864090137196,-0.0019845750089476644,-0.0028750416212283136,-0.001014717564890355,-0.002751726576866065
2017-03-15,0.008532219400693597,0.008113246184782374,0.008089800201222852,0.0094653980849293,0.008372295764658366,0.007617675115827227,0.009776566421670019,0.008829924664176092
2017-03-16,-0.001347345885816087,-0.0014658883841166537,-0.001460570211588741,-0.0018812978881642684,-0.0008727186074241056,-0.0006010970634362511,-0.0032829316158452526,-0.0019925487456115
2017-03-17,-0.0009054872521989665,0.0013833776327460967,0.001370967384930477,0.0018830657573127851,0.001994616105873037,-0.0018150434763380963,-0.0010062911921278062,-0.0010612504943170453
2017-03-20,0.002583543793701848,0.004626562823461855,0.004614941010209872,0.005661750346781291,0.005124032670156042,0.002518159719571589,-0.0005936125161374317,0.0016706145480300805
2017-03-21,-0.010830375839755435,-0.0120123333179184,-0.0120538211426926,-0.010829991784747417,-0.011808674372068784,-0.010402948058070072,-0.0006441635666950551,-0.00804238594390927
2017-03-22,0.0025423320908402047,0.004903742926533727,0.004921409094173823,0.003819382335283006,0.005081513110704705,0.00411598443163963,-0.001499128632629243,0.001702573690029352
2017-03-23,-0.00215075778262519,-0.004626241817334287,-0.004623572289433109,-0.0046128809717762564,-0.004174171072674926,-0.0022914793959509794,-0.0020150332080490774,-0.0021376526535403784
2017-03-24,-0.002306981846397327,0.0006062376486728471,0.0006103539045498874,0.00045040583589162075,0.00029988539600567243,-0.0019017110729666609,-0.0020854065829030155,-0.0021392539662083987
2017-03-27,-0.0014619422233336232,-0.0009071372879264628,-0.0009124733496519433,-0.000875057435242188,-0.00136705190371178,-0.00017309162764345132,9.246173421351145e-05,-0.0014377974215883382
2017-03-28,0.006921147579781017,0.003899745482948802,0.003928767414940859,0.0027377201255205375,0.003884638921266337,0.008264645249662195,0.002768414122991336,0.006118043346958979
2017-03-29,-0.00025523761361534447,-0.00034829007153569513,-0.00034347592448547015,-0.0015870636734824917,-0.0004262847662725999,0.0026431810354272667,-0.003397419893596987,-0.0009327402196512846
2017-03-30,0.0035153225833635116,0.0031265423086521693,0.003144601848248163,0.002160627368335888,0.0032490504963624822,0.003172154219514667,-0.0015992016117950536,0.0021474550069013887
2017-03-31,-0.0033597538480347744,-0.0009385476400234349,-0.0009600261268860599,-0.0009406219986513031,-0.0010703961875428991,-0.0017147343224752642,-0.0021683317548399916,-0.003185234225765221
2017-04-03,-0.00043579655986758503,0.001525762262739594,0.0015084245521950201,0.001138131364734729,0.0007387307943895749,0.0002975205666526648,2.8589152213598368e-05,-0.0001686646575784767
2017-04-04,0.0008934634542185904,-0.009292193547204675,-0.009283699015039781,-0.00864403717581319,-0.00802952042448124,0.004764318207792995,0.003818775400229457,0.002024305043306862
2017-04-05,-0.001642014596604402,9.625493326992363e-05,8.220586977891742e-05,0.0006655821019183605,-1.372321547576938e-05,-0.0013343552152724758,0.000529715344991466,-0.0009141073328712279
2017-04-06,0.0022788211052757745,-0.0018230413893310926,-0.0018190093210562752,-0.0009700397242666803,-0.0001988778865450458,-0.0004116373678300089,0.0008521322723114011,0.001690980675081999
2017-04-07,-0.002472511764128771,-0.002989933559805147,-0.0029982523966682884,-0.002791438753752651,-0.002647507881809008,-0.0021469804469832487,-0.002093472235669247,-0.002437226972025086
2017-04-10,0.0018245457136651932,-0.0028166458352034685,-0.00281629242815562,-0.00223703718834134,-0.0013059869924791911,0.002147577497998876,0.0021364256953277927,0.0020514553064232555
2017-04-11,-0.0018005032599817117,-0.000733805807200838,-0.00073826009064204,-0.00033185511764599607,-0.0004770480931799437,-0.0030278735195508055,-0.0001751416791679894,-0.0015040439907908487
2017-04-12,-0.00262301690882083,0.00034920617754718997,0.0003464683920000322,0.0005593080586692167,-0.0021105585900985657,-0.0009537323279885657,0.0027036357087504292,-0.0011330538346475683
2017-04-13,-0.009088249886980426,-0.0078090726370160235,-0.007815520997656367,-0.00705621362788833,-0.008384220510749829,-0.008083121333182341,-0.0034554341714148062,-0.007650356619059995
2017-04-17,0.009682626111757964,0.015541100438771105,0.015541206939311936,0.01390767767127521,0.01479174206036138,0.00888227063440139,0.005864698896380194,0.00844724940936481
2017-04-18,-0.0038323223455692945,-0.0040623216334794154,-0.004080152876233312,-0.0031594915387073153,-0.0010811848836765892,-0.003335010207793365,-0.0013097388903888785,-0.0028914760142429996
2017-04-19,-0.004720003728851507,-0.002109058336790315,-0.002123158633736355,-0.0022683428541623307,-0.0026016173409134646,-0.004877590106046159,-0.0038279659024446078,-0.004531684142280223
2017-04-20,0.00826304513972631,0.006103732482998003,0.006099359580396202,0.0055851116897363,0.007278055764972757,0.006758642136456494,0.0028293182760408264,0.00676410148958051
2017-04-21,2.5228223158535457e-05,0.0017837202321155932,0.0017851933478576498,0.0024188693601530087,0.0021045880745762524,0.0001500864892007847,0.001531714040024612,0.0005916080881807062
2017-04-24,0.014010782015708267,0.009826014267209526,0.009852167265099077,0.00893539873642979,0.010900506054384751,0.012100276318153025,0.00939086201076167,0.012512381100214132
2017-04-25,0.011706390939389522,0.006363537891552751,0.006360231085477341,0.007860372137186378,0.010248811175920913,0.006303457863290118,0.006206934947524445,0.01005725071175223
2017-04-26,-0.0017190147483879814,-0.0005492287534506479,-0.0005511302554870312,-0.0010957192613632039,-0.0008143802206056483,-0.0022192303461118223,-0.0017695078654637042,-0.0017881024704921034
2017-04-27,0.0006983619154306009,0.005668178387667533,0.005663138499857778,0.004953875667054408,0.004615219823272065,0.0022026432603599044,0.0010814081719257018,0.0007976351841241236
2017-04-28,-0.0007620773743250986,-0.0018303374804850003,-0.0018359627522558375,-0.0018618453541031643,-0.0016128163934773232,0.0011702790770242721,-0.0007458100700201697,-0.0005767358876038742
2017-05-01,0.0038991923566800146,0.007160976855838941,0.007100134599547836,0.0039324305737311605,0.006462117877678031,0.008723807731680022,-0.00232125919475612,0.0024981443697427164
2017-05-02,-0.0019261610910679128,-0.004519608223929383,-0.004495241802495276,-0.0028453004654318548,-0.004806782737619364,-0.00039397201285351624,0.0016614269274006777,-0.0008002542843618121
2017-05-03,0.0006491982929697215,-0.0028113586749584085,-0.0027765528123162575,-0.0024669323042959546,-0.0015500216187553928,-0.0010122497189932744,-0.0019017567897517962,-3.098177771454491e-05
2017-05-04,-0.0018953713161831143,0.0020353311721557077,0.001992800788729987,0.002418578787267478,0.000484440148955656,-0.0021347741523569663,0.0042091999870794705,-0.0004942549744710867
2017-05-05,0.003845794461339702,-0.0005248235376064114,-0.00048423919347972966,-0.000367928208649948,6.711076713061814e-05,0.0036525071991071467,0.002468317363242045,0.0035524261020418724
2017-05-08,0.0034922580511451695,0.0028386324389975126,0.00288205284047538,0.0018914331891957126,0.002158772270332454,0.008017088669304506,0.0019712734857446623,0.003550586160325331
2017-05-09,-0.0027170364971911276,-0.0014548156588388705,-0.0014072585517891367,-0.0019492061544474915,-0.0015703131006429283,-0.0005107675364904862,-0.003756008996842475,-0.00310847083069532
2017-05-10,0.013807450555186618,0.034895627017344166,0.03491624302643204,0.02821328652634647,0.0326687528525631,0.004173370894722028,0.001278931627280766,0.00977718452762244
2017-05-11,0.0028030010404547223,0.009204108608917183,0.009127691148287598,0.007723191345276437,0.008176250285847564,0.000512593804837147,-8.758436273292869e-05,0.0019816804861980675
2017-05-12,0.002112764292758307,0.005974284875764013,0.00601053420922093,0.0048401725584328315,0.004987624434836357,0.004416273988911534,0.001707229826174439,0.0020887911390983227
2017-05-15,0.008545436604512346,0.014869384063442848,0.014809065666625543,0.015598774140733962,0.014579163476331702,0.0042065753811393325,0.007859226651330875,0.007697572625219529
2017-05-16,0.00339152385165864,0.0036494312254415906,0.0037113199727842883,0.003450559036028089,0.004679280409651598,0.004503909104435211,0.0012347510306887077,0.0025731409368339175
2017-05-17,-0.020436883930142313,-0.021255410627772697,-0.021312554363669856,-0.017673525040193705,-0.022660957831875272,-0.019860713258915808,-0.004032653825053356,-0.01600119370625319
2017-05-18,0.006032187849088544,0.015966240220266936,0.01590838336761724,0.012292034343657665,0.013273968712657291,0.00640276375597848,0.00023633181897153577,0.004538364059774702
2017-05-19,0.006608307752469678,0.007787732199920683,0.007791598599372396,0.007015727938164185,0.008301132221614882,0.0038224172341689844,0.0035289094977088986,0.005677556416714857
2017-05-22,0.005421814793104884,0.010958906864866114,0.010912372153777161,0.008971255750743312,0.009495709487540527,0.006189066272770383,0.0038629855487322118,0.005096918190623745
2017-05-23,0.0023274947507356814,-0.002173630566606799,-0.0022244904246168096,-0.001196021842660655,-0.0008436747722844196,0.0017711602754910682,0.0017343821931692371,0.0023293200083249754
2017-05-24,0.005411084267048283,0.006571528160450368,0.006573173334799343,0.005950773364239215,0.006208701643426906,0.003233342576770548,0.006854977654024541,0.005611035238381135
2017-05-25,0.003753639439845635,0.008122275732489248,0.0081184163485708,0.007916930839751979,0.007013611430882083,0.005772756972176385,0.007315547284057811,0.004652401808441731
2017-05-26,0.0018744989654282396,0.00480078999279665,0.004771306563691846,0.0031700156737328733,0.005047808708826151,0.0005419082681452636,-0.0014667175233271657,0.0009198075726353228
2017-05-30,-0.0010876948300326816,0.004580886534558903,0.004585613354048279,0.003801210034033886,0.0037508622518149792,-0.0002714774914610585,-0.00011021373102171328,-0.001056599942871328
2017-05-31,-0.004076476072326418,-0.0007724745529824606,-0.0007906891275405448,0.0006343019371515268,-0.0014494055978163667,-0.0037819675789512175,0.003655854117939228,-0.0023338068354366026
2017-06-01,0.007074642118258367,0.005746733633547274,0.0056641735321307785,0.0059476160083586915,0.005687145511114489,0.005248717620022214,0.007012222568116844,0.00699165145348668
2017-06-02,0.0031450151499836654,0.004273987124729484,0.004288170647894107,0.003979805849357421,0.003837328964729547,0.00712096969835363,0.005887095426401645,0.003761289045462801
2017-06-05,0.0010341021215010127,0.005850589826490671,0.005828134215468017,0.00430476923757106,0.0050015277496808785,0.0012105356849148041,-0.0019504285493840978,5.327381712016965e-05
2017-06-06,0.0014431217131454233,-0.0009121531000313432,-0.0009703267431721008,-0.0004135541737473325,-0.0009553807204728537,0.0014827958219161275,0.0009916503508473618,0.0014989600593637853
2017-06-07,0.0020974451314150766,0.006584148681824775,0.00651612556737069,0.004297238819243487,0.005076273751506877,0.002393351452151027,-0.0002700752806107376,0.00159095068971693
2017-06-08,0.0036142098686891,0.011378261210307272,0.01142604014212667,0.007726018335238782,0.010925422330261503,-0.0007803238156173231,-0.006231187349792888,0.00047773214755664206
2017-06-09,-0.0029220087827719343,-0.02050663240552142,-0.020494851224963972,-0.014753325304227238,-0.01753732393871288,-0.010795123954907782,0.003082589112680445,-0.0014106778828448796
2017-06-12,-0.0028544994968239257,-0.004789021888119249,-0.004742988674290904,-0.003563709724536346,-0.0040521384643610325,-0.0062606984763078355,-0.002643893103461248,-0.002971747422726212
2017-06-13,0.005888336153793139,0.008146146740349858,0.008122754554314104,0.006509247262517448,0.007220577971960296,0.007430804421657777,0.0038179486818568087,0.005364600096278593
2017-06-14,-0.0001241055058599505,0.004207576265610191,0.00419669134826095,0.0051535061510934455,0.0034245205558487424,-0.002098704524003403,0.005678034879008864,0.0011281756133110221
2017-06-15,-0.0010841800325994688,-0.0008716962405529438,-0.0008076742178956264,0.0004963061285867543,0.00024352532318738795,-0.0032671785244645646,0.001969637213369957,-0.0003396969011415507
2017-06-16,0.0047892185737850035,0.008025340189873775,0.008016162813906602,0.006483297920516273,0.006384667663638988,0.005262401540128359,0.0050535865002132585,0.005042629202447468
2017-06-19,0.008246944524970656,0.009861086097245675,0.009857648435682487,0.008013045039458655,0.010166286014265058,0.009344465715549699,0.002282257688182243,0.006389796689531657
2017-06-20,-0.004598821354817817,-0.001404032023027968,-0.001435890946735574,-0.0010277528229792887,-0.00208824925104123,-0.005228639445448824,-0.0016123707705441026,-0.003970201146781593
2017-06-21,-0.004168208711373245,0.005347661530139769,0.00522264336320899,0.002301810092921075,0.0021769256038053353,0.0004839686390842868,-0.003809900106775954,-0.0042043376497772345
2017-06-22,-0.001330035958839182,0.0016438248850703108,0.0015961101126584776,0.0013600639420390248,0.00046756217151200374,-0.000693508288629463,0.0006316485725461618,-0.0007560088158268252
2017-06-23,-0.0012447870464263877,-0.005147722730609039,-0.005174830377121742,-0.004117564304497834,-0.004940285132976285,0.002153259648049355,0.0005691774370524261,-0.00019367771555045543
2017-06-26,-0.0009122384589664856,-0.0028303439428437605,-0.002823728293783523,-0.0012383064736934957,-0.0022873909972335182,-0.003445487979095496,0.0017288357898397333,-0.00018428596282338283
2017-06-27,-0.007884272899876033,-0.015642752858833542,-0.015628857400548868,-0.013549056894413325,-0.014197314081803802,-0.010170453916886979,-0.007216447282982319,-0.007663487744345554
2017-06-28,0.009087494694806075,0.007609346881039425,0.007648402549433886,0.005910337930197906,0.009205445249171218,0.008399232433492498,0.00021458631950599383,0.006559989375335862
2017-06-29,-0.009057803630789896,-0.013677812328002137,-0.01370250420766872,-0.012625158126607805,-0.013367844320993028,-0.011038788714231251,-0.009885666906835788,-0.009092746403051799
2017-06-30,0.0008033909123656979,-0.0040522767081604405,-0.004002478202910442,-0.0023200780105687713,-0.0022160858929740623,0.0003758385648846563,0.001777331773554769,0.0011508892313671915
2017-07-03,0.0024313555503368,-0.008847300441734984,-0.008810364021780703,-0.005807799047769402,-0.00684372071398931,-0.0005994851089223818,0.0029744404546176995,0.002744967298583756
2017-07-05,0.002322036172346831,0.009830325077079483,0.009777182219878666,0.0063606398991702395,0.007300573772182739,0.0051552692022629465,-0.0008860565761270589,0.0011578277239352452
2017-07-06,-0.005252615630800372,-0.0027129142496952197,-0.002710472357353444,-0.003492199065518564,-0.002940039597916555,-0.006571563353815368,-0.004688029377024172,-0.004984398189686545
2017-07-07,0.005096987022941812,0.009507607034428434,0.009480650150514025,0.006864269303336723,0.008473887727395324,0.007047894613244399,0.0025436493449413344,0.004496572115650022
2017-07-10,0.0036295867320701447,0.01147451217446438,0.011427939206002602,0.00718470764510637,0.009858751671211419,0.00413690770771713,-0.0027289858087906627,0.00190326858604295
2017-07-11,0.00036002677250124293,0.0008509073217644048,0.0008518209784553754,0.0002148234181822417,0.000890110252182108,-0.00016510710304973308,-0.0024793972578971424,-0.0004096449191064444
2017-07-12,0.008140141609727092,0.014057518100731192,0.014055905343887787,0.01149927101050996,0.013300873100497546,0.008081738541077188,0.005102484295001597,0.006942402008579984
2017-07-13,0.0005634223867803101,-0.0053799285387532425,-0.005362317493145974,-0.004191952050776049,-0.004036523264009051,0.0019428269038466173,-0.001618578306319396,0.00015007417086199126
2017-07-14,0.0049558908902438414,0.00973696187635209,0.00973207409948973,0.00875975071686974,0.008789385161200869,0.005556867945931909,0.004977626397151269,0.004887397000389537
2017-07-17,0.0003425008898285675,-0.0012091924373601737,-0.001216297068866834,-0.0014013761246295386,-0.0007665712610205322,0.002030303381169274,0.00021323445740883962,0.00022684738923173242
2017-07-18,0.0001851271324049275,0.008832265313505117,0.008778645969984122,0.006296413615267449,0.005930541099634201,0.0036548040342569976,0.004255313913301917,0.0011177382237705924
2017-07-19,0.004596108621614192,0.0030617886984320997,0.0030723785063551112,0.003623483813338435,0.0032999639211170884,0.00497198878980587,0.005662597629553234,0.004885298732618892
2017-07-20,0.000403754795827993,0.008164123059697381,0.008093248343238546,0.005772210262045663,0.004526336081041915,0.0007764117355280042,0.0002912173767384285,0.0006062107314417364
2017-07-21,-0.0030878006238101996,-0.00043012743936332587,-0.00043092439397385274,0.00012099288795752727,-0.000568558915415629,-0.0033236280125592543,-0.0006133301624220433,-0.0023772790278021594
2017-07-24,-0.0020282642262691164,-0.0056860627857605595,-0.005729970422457598,-0.0072106254125262614,-0.005355626497192012,0.0003979028475640245,-0.007552160499945337,-0.0031547159124158952
2017-07-25,0.00888882839590921,-0.0007187262036773001,-0.0006669116494067984,0.0014748141667835224,0.0030570299596299755,0.005479040093756549,0.004476080501735424,0.007718076852588629
2017-07-26,0.0023267945861000783,0.006727111779296413,0.006692897430351508,0.006162320568274593,0.005608467083071167,0.00293706393204185,0.0030157861027688693,0.0028058551759344574
2017-07-27,-0.003973911227561189,-0.010724685500674402,-0.010697766904991024,-0.006809943621403081,-0.008579840115677584,-0.005439147261725563,0.0015434633931803443,-0.0025730908410770414
2017-07-28,0.00027758109074471626,0.0025111581574557285,0.0025704192942972437,0.003730702151800269,0.0023217795272831854,-0.0044066932909304635,0.0013314111633080383,0.00019927234985450681
2017-07-31,-0.000876373871305125,-0.005109449849175052,-0.005025101824418843,-0.0015714281020569043,-0.003430303126255585,-0.004521805131126988,0.002681788780362959,0.00010333694329522913
2017-08-01,0.004204888128666928,0.003138708916761823,0.003163917592622578,0.0021036741593201125,0.0037624155885123134,0.004489891037224414,0.000756237727870479,0.003374374045321815
2017-08-02,0.002820290458632524,0.0001653531318892565,0.00018570894071667787,1.417994689023594e-05,0.0004976561073848362,0.006813217260647653,0.00036599286293470534,0.0024745423350260864
2017-08-03,-0.0005284030961388853,0.006453243694246158,0.006441276275582775,0.006405117076891953,0.00496867555938052,-0.002414878354780714,0.0032676182285986677,0.00029024920874753946
2017-08-04,0.004090947431507841,0.00032301072864293623,0.0003222372937674578,-0.0002520103694493292,0.0013922367674963354,0.00338178108759557,-0.0006802974166081333,0.002682856536249334
2017-08-07,0.005046156267234814,0.007307577837528223,0.007309077248242479,0.006045346455670897,0.0071934288974842,0.004615958972517431,0.002392443149584089,0.004151364576614247
2017-08-08,-0.0013916456913818376,-0.0032896350844053845,-0.00327626891936883,-0.002532126318504635,-0.002928511032415426,0.00046393005676481636,-0.0015990394024607557,-0.0011808846177189247
2017-08-09,0.0019201766726186786,0.0027256686613434944,0.0026858536516369824,0.0032688023488760543,0.0030739171450526737,0.001012336943022607,0.0034326996413502897,0.002097897830839468
2017-08-10,-0.01287820959978725,-0.013611207672044934,-0.013664372914149125,-0.009397960923647974,-0.013751267694511293,-0.015620019142974062,-0.002642459662250629,-0.010012230742734829
2017-08-11,-0.0032121480262666813,-0.01067081569316819,-0.010643354895284118,-0.008988029548479659,-0.009560965850583414,0.0027308735241577953,-0.001025552710996691,-0.0022626547459088098
2017-08-14,0.012258394924390403,0.020143500291156524,0.020159726313153437,0.015481745548337367,0.019178611461843742,0.011570360724230122,0.005504534605613509,0.009930589916140375
2017-08-15,0.0001686505049836029,0.0004185274928016902,0.0004344230080259859,0.0010836105227802761,-0.0010665615642486692,0.0014319002436582462,0.0012874201477757197,0.0007070666990691699
2017-08-16,0.00014862815062000045,-0.00032844524085406945,-0.0003738622209286113,0.0009567399762200335,0.00026047723677624646,-0.0005631062715374391,0.005107420203803281,0.0013450634142795348
2017-08-17,-0.01304335276388946,-0.011506329036657825,-0.011513984304164726,-0.010207969337299061,-0.01239627547810851,-0.014373813889099307,-0.009001097803663205,-0.011984740492134383
2017-08-18,0.00022906522915100425,0.0003137130300441271,0.0002723723008750678,-0.00023664686513968913,-0.0003008743963036631,-0.0008186303812610651,-0.001230177061173121,0.0001254738184837123
2017-08-21,-0.0014097153634200499,-0.0005790262788967215,-0.0005880336673931286,0.0010194394789340144,-0.0006535672935286119,-0.0014456320357907337,0.0032492595860313944,-0.00015000023591693612
2017-08-22,0.009976920625982988,0.01220968224386132,0.012225509210285423,0.009447564376443118,0.011336867610117762,0.010901414210914284,0.004910394207006119,0.008532602572095982
2017-08-23,-0.0022984145471883766,-0.0013740757094489187,-0.001335720670101681,-0.001973756249197267,-0.0009264151410852683,-0.0035104283648681456,-0.005009321894105301,-0.002999883640228518
2017-08-24,-0.0013542380137752108,-0.0012079633429421532,-0.0012095741771785962,-0.0011463217329733544,-0.0015986168979519322,-0.002179539895819982,-0.0016752979107184096,-0.0014543307068399791
2017-08-25,0.00168786336673854,-0.0013698949375015035,-0.0013824376917764836,-5.035596590363678e-05,-0.0004035722594717406,0.0008531410925440852,0.0024971910934676878,0.0020740149433913224
2017-08-28,0.0007041095621380666,0.0029069122206271114,0.0029192461947986637,0.0025490898418778496,0.0031043062214797246,0.0018361514273623758,0.0014960933810959087,0.0009708183694938644
2017-08-29,0.0012833721570832957,0.0030062563676662712,0.0030279670813542214,0.0021015894690876724,0.0019575584643023447,0.003234782942379555,-1.2887250963045105e-06,0.0010212324358258584
2017-08-30,0.002251728937862074,0.0011278452981731135,0.001151314580500884,-0.0008088309451145248,0.0015392334483756986,0.0035229443693844953,-0.002988727572538652,0.0009358855331560445
2017-08-31,0.005732143348285534,0.010032612855033651,0.010067713887409013,0.008471565316224616,0.0089284915521195,0.006922666918593778,0.004929341071145288,0.005265863913399338
2017-09-01,0.002103208966028003,0.0003844743371295145,0.0003950652732009896,-0.00010704353003787581,0.0005413876491182634,-0.0005526362947194663,-0.00011268533513164591,0.0014161222700894704
2017-09-05,-0.006142621778555846,-0.007582728331315125,-0.007651947224212807,-0.003996867548019867,-0.006808251001803822,-0.006303363584601818,0.0001334170718929606,-0.004080422324051147
2017-09-06,0.0040829426286341786,-0.003222016739979683,-0.00325775899145897,-0.0015096962911503864,-0.0013471081519125239,0.0035123687043243645,0.0030788072232199593,0.0034609413891717455
2017-09-07,0.003458881784345058,0.006576821790946319,0.006617765383814422,0.006738903982163702,0.006454183764902588,0.00476796351959452,0.0068453665215708615,0.004451292679610974
2017-09-08,-0.004099066457635581,-0.00797046802994783,-0.008015308508718899,-0.005618475726526517,-0.007341212394087138,-0.0070299405507701085,-0.0027019545948286927,-0.0038144067796672676
2017-09-11,0.013115957272042955,0.01809208024225395,0.018069696586782147,0.015209650683700948,0.01674409893373463,0.012660007728451994,0.010931928191238782,0.012595314198824648
2017-09-12,0.0022106051839503316,-0.004103587565414402,-0.004008404167270774,-0.004367704013530926,-0.0028337055393282684,0.0004405038874029099,-0.002943594774652891,0.000378605345299432
2017-09-13,0.0019238627687252485,0.0004158423303728398,0.00048083459759151737,-0.0004877286183644358,0.0011362312877953862,0.00353733576711468,-0.00047426030078756565,0.001230627690367303
2017-09-14,-0.0005202609705101668,0.0025091011191686885,0.0024604253120423802,0.0029102369853544197,0.001359970060213378,-0.0025274192785066374,0.0015680288456312308,0.0001981138358848611
2017-09-15,0.005189970965551849,0.013866725744058561,0.013881989141142359,0.007257387905825752,0.012290296907932152,0.0039033975590694325,0.0006619158933758307,0.0035173702081492397
2017-09-18,0.0039823685157440725,0.008033748202531443,0.008020547597665573,0.0035517638244619842,0.006495167599138263,-0.0007963678427456156,-0.0011377629822678648,0.0018500412442683523
2017-09-19,0.0021425803687284972,-0.0023241797516175833,-0.0024373747792175715,-0.0013800609300970157,-0.0017060301357068042,0.0008410308731605642,-0.0003039856222999404,0.001464513638830045
2017-09-20,-0.0007830262819965572,-0.004360822230908279,-0.004323559441783198,-0.0039037112512912975,-0.004034017634615417,-0.0033314005529589963,-0.002998432653332994,-0.0013370691288705494
2017-09-21,-0.005771090389605105,-0.011084483459779082,-0.01097313281435286,-0.009033012043370925,-0.009606944427282715,-0.008753644362049728,-0.006981916934914234,-0.00576878681453552
2017-09-22,-0.002821024487374424,-0.006273714517438966,-0.006312113486317106,-0.004754836993424827,-0.005070774753510698,-0.0036213355746775866,-0.002428796643594855,-0.0026758127732471326
2017-09-25,-0.004009476693639047,-0.010494291019558122,-0.010622300900164694,-0.004455472149338169,-0.009389667041826977,-0.006000770392573407,0.0022299536747376614,-0.0019265188085297869
2017-09-26,0.001381066582934798,0.0028013415942640396,0.0028177379246907552,0.0022237171300683034,0.0024839261046656347,0.0022329410797909954,0.0012952562186041572,0.0014303232866610394
2017-09-27,0.0027112572738630103,0.000776701915184308,0.0010193494598209618,-0.003920572434413683,0.0010085575577347683,0.003461376315922582,-0.008236085545469174,-0.0004258063376205712
2017-09-28,0.00414189018458333,0.002730740632823192,0.002791492564802267,0.0031835306158012333,0.0031308471162432294,0.002329377700487356,0.004405219701399288,0.0043121166642232645
2017-09-29,0.0023547546356574856,0.003670437232835333,0.0036663658880218275,0.002209802041851283,0.003671790269129449,0.003691050689207831,0.0010949278442751176,0.0017178966628910164
2017-10-02,0.003643431971881217,0.0037927622478437506,0.003728398921623466,0.0049820590378124585,0.0038194770183701543,0.002064933381257461,0.003949767259090464,0.0035671184770207365
2017-10-03,0.00391873665449638,0.004066655021347065,0.004022565286277979,0.004624788953994319,0.003971083194689751,0.0024039386128396067,0.005581917926316127,0.004215552407656364
2017-10-04,0.002826135762237003,0.008465691846604173,0.008463528587140834,0.007016311494512539,0.006946679413812884,0.0026940909748967012,0.005051688699668544,0.003601853010779754
2017-10-05,0.004719136925968925,-0.0026603604665466074,-0.002610878099587488,-0.0024386526564010857,-0.00104704529493016,0.00773468872712324,-0.0009172252390714508,0.003029582685282639
2017-10-06,-0.00034228776453471,0.0012917732434913898,0.001218871292520074,0.0006341645981353672,0.0006659778016542273,0.0007153149491101463,-0.00035710832516266944,-0.0004234711065711494
2017-10-09,0.00031163746564377703,0.0035315857354742963,0.0036637434953585846,0.0009739096981593587,0.0028798804967458125,0.0016495702220329367,-0.0009209997920499591,-0.00010315647405012562
2017-10-10,0.002958102838186427,0.005514771106762906,0.005622972733435594,0.0025584018247100104,0.004527011385501156,0.0015212087947509279,0.001427227845934853,0.0025164609598928855
2017-10-11,0.00436585921721111,0.008125552661925273,0.008161550666144102,0.007111410563483078,0.006955542216448007,0.005087071442487767,0.006438904178075244,0.004754795666086498
2017-10-12,0.00023540739878114003,0.0012843835617368793,0.0011775823369404304,0.0014154554970657873,0.0011170549108643346,0.0008024604651966083,0.000554610655173482,0.0005319309581426346
2017-10-13,0.0023993103196744414,0.003702755461147733,0.0037306768377531885,0.0022736466161570323,0.0035400738970015055,0.002915682132572428,0.0009100665378536377,0.0018465315566584817
2017-10-16,0.006707010951873205,0.005895364772151135,0.006029250939652453,0.003347413041044689,0.00570451512121295,0.007282872334394064,0.002756679892101932,0.005603314159199568
2017-10-17,0.003587096755328645,0.015270022262470206,0.01538963026775897,0.014566070764207906,0.01222161315422654,0.00605487138028149,0.012060048427644299,0.005797502243354735
2017-10-18,-0.0006822095037899434,0.0009107036175592942,0.0007864963257433466,0.00032309681396336387,-0.00043324160531355016,-0.0024977135253114735,-0.0008797961135561527,-0.0009152562569988421
2017-10-19,-0.0014827783855931864,0.0016689743713016458,0.001624326166203005,0.001781313727314604,0.0009682662829886279,-0.004522850813599266,0.0013955563845542418,-0.0005781877207187147
2017-10-20,0.0035153865773691617,0.0031966787227952764,0.0034225285268496553,4.9684464267230055e-05,0.001880878277105591,0.002855287012237806,-0.001369805143401459,0.0021745430061053117
2017-10-23,-0.0015444043176149336,0.000863743782253179,0.0008305727123152362,0.0008047964109472172,-2.1047949901764618e-05,-0.0021780927782543147,0.0008858853907431907,-0.0009885871885286779
2017-10-24,0.006557918233183191,0.008296776745582823,0.008246213062905294,0.0032660151409942273,0.006180910234525161,0.00493132539005714,-0.0019089959638739495,0.004185523875789077
2017-10-25,-0.004297806841575436,-0.006721123259071482,-0.006866679780255569,-0.003081140734116694,-0.005715058848377419,-0.0035813255209291572,-0.000229826757822571,-0.0030283184296273635
2017-10-26,0.005744421543278033,0.0026544077865333637,0.0026714623986410224,0.0037350834868505878,0.00399613578106961,0.003538171242863264,0.0049624188411976355,0.005330127045209299
2017-10-27,0.015219743197619318,0.017914293660408864,0.018137885648846774,0.010177644926648188,0.016802508120545623,0.03535698213746552,0.0031893388461421424,0.012490196434127299
2017-10-30,-0.0017911049346819308,-0.005162331177658852,-0.004944210138024374,-0.007403262130851629,-0.00418327960349707,0.0022358347597652983,-0.007486862377649284,-0.0032316472447664335
2017-10-31,0.0008282136662778328,0.001676507047914999,0.0018410740743786125,0.0003096262825859064,0.0016424689437963824,0.0008265330908914237,-5.005399186119863e-05,0.0003832124203480003
2017-11-01,0.0006464305344597854,-0.0013294341257950038,-0.0013502996259877609,-0.0007810875245037874,-0.0009529855297709666,-0.00122074863425925,-0.0003178467912084981,7.566723978236212e-05
2017-11-02,-0.0013538072472792928,-0.005093633513649776,-0.005121700136061502,-0.005786569573419609,-0.005313933102947366,0.00022260978688470878,-0.004979991167383346,-0.0027740535728315585
2017-11-03,0.0047379457581999684,0.009284856693696275,0.009336726341216961,0.007693896393097477,0.00849366249238459,0.007962443263300978,0.005615279838193654,0.0052092684169562364
2017-11-06,0.0012654046452829082,0.0004581748279806064,0.00045748361341790833,-0.0017591001091600278,0.00024246364188229563,0.0031667382005964306,-0.0033085749766564865,-4.4976246802663766e-05
2017-11-07,0.0025614331026564408,0.008871933048723024,0.008854262840920057,0.00833687611798295,0.007847293686314094,0.00128163907695944,0.006900452411346292,0.00424216088637519
2017-11-08,0.00025372065167550417,-0.00507744097177798,-0.005026086404420704,-0.0007590301144663192,-0.003145858591581896,0.002887666953476087,0.0037147338884129244,0.0010964829715560676
2017-11-09,-0.0029686921508677022,-0.006404738513053121,-0.006362965480140259,-0.0040782114326095575,-0.004998299766458603,-0.0025615178266706895,-0.0013180902970002517,-0.0021312139612150727
2017-11-10,0.0031157044358209873,0.010571159566621358,0.010534748791635407,0.004957636574064894,0.008263783391786239,0.00026766365538688497,0.0004966606914245109,0.001872114912292
2017-11-13,0.001667172082169932,0.0008762564299888975,0.0008900529596407303,0.0035218459969728055,0.00156566564877747,0.001263946263806881,0.004868241352883773,0.00295649440631629
2017-11-14,0.0005885462135299946,0.00456690861111686,0.004564259535401627,0.004336197378136841,0.0037545883637593036,-0.0007451084070317915,0.003689730190056917,0.001580617348216462
2017-11-15,-0.009077319161119646,-0.01272484965878018,-0.012676757461935417,-0.01033038231948935,-0.010840528360128943,-0.008760874139452257,-0.009085015412036546,-0.008900674864430358
2017-11-16,0.005364766341507066,0.006125691061391381,0.006107107408538148,0.005392707224373572,0.005738295256846326,0.005147685719636197,0.0034761830158558382,0.0046458225561472055
2017-11-17,-0.004465909091363129,-0.00437931544433956,-0.004394161897569582,-0.004996473802903578,-0.004161085401282905,-0.0058975595005347214,-0.006505299272210219,-0.00518518994119288
2017-11-20,0.0025061198844955612,0.0042768878820269585,0.004250498320906404,0.00279032069807017,0.003656813553313265,0.0012502004160972469,0.0010982667134653568,0.001858634090011968
2017-11-21,0.006979280193187165,0.006745783278814921,0.0067725411818506664,0.0062701415148611606,0.006575755780387382,0.009741162404228287,0.006417822392853267,0.006706897194054928
2017-11-22,-0.00020220537514759052,-0.0025721994763613365,-0.002534545686914136,-0.002988430537031017,-0.001886544006943769,0.0017963146228374693,-0.002233143360782841,-0.0006135929048382005
2017-11-24,0.004121774585695848,0.005171943644302512,0.005270842766486039,0.004637222959115395,0.005361891333942825,0.006157778917291967,0.0035316923247652454,0.004025467384786152
2017-11-27,7.403953388762652e-05,-2.8146016546326535e-05,7.159693071745465e-07,0.002454057752052652,0.00032093317441139746,0.0016392794235127184,0.0035426334182497854,0.0012374052267127844
2017-11-28,0.009294390736656277,0.006060910673672204,0.006014544260074306,0.008732931665169197,0.007142828406464075,0.006451063698927673,0.009068944983252836,0.009272694984050034
2017-11-29,-0.004415597890187306,-0.009378017323408483,-0.009424464526487264,-0.002866291276137023,-0.007972976830115885,-0.009417021525770619,0.0011248365672629212,-0.002274187851866616
2017-11-30,0.01217310591324905,0.014456344878304606,0.014445570877395397,0.010119380189022475,0.012085962813605189,0.011701100710088008,0.007392090315894162,0.010658125474352076
2017-12-01,-0.0012842823685302873,-0.0034020497934885707,-0.003665144395581965,-0.002017098468639844,-0.0035262705546907913,-0.002603200175745446,0.0008880145384386751,-0.0006964211006168508
2017-12-04,-0.004518826305176971,-0.01651074516000861,-0.01690720461390205,-0.008152692909453974,-0.012925896841462059,-0.011539887951487304,0.0011382952666278978,-0.002788661806047976
2017-12-05,-0.0026144355313421075,-0.001957344057482713,-0.001857736959648637,-0.0020275874372394087,-0.001850403990692917,-0.0001414816008931119,-0.0018392284802529746,-0.0023985564246603586
2017-12-06,-5.694149264678927e-05,0.005564800475658105,0.005556391383958692,0.003536528589225041,0.0039895473363271705,0.002588408655401331,0.0013198265570411039,0.0006161230726204892
2017-12-07,0.0016530780748678087,0.005186590127000512,0.005304786266800754,0.001331720918555046,0.003518555568237991,0.0008811812066125135,-0.003942065351631996,-1.2131250236913083e-05
2017-12-08,0.004999236615859104,0.00631144486697055,0.006255361477103483,0.006339651723036965,0.006041717603813668,0.005934419327573659,0.0028595193701204114,0.004559945404196908
2017-12-11,0.0035106806688991465,0.002366187041529688,0.0025310157197611094,0.0009520573016321698,0.0025662048593788622,0.006633005756088828,0.0010475381705479236,0.002720937766722331
2017-12-12,-0.0007247729840957895,-0.005478598343307661,-0.005575681960289236,-0.004008328171531295,-0.004832593166954835,-0.0009242951626181606,-0.001530441365638846,-0.0012719273327336245
2017-12-13,0.0022279349786473723,0.004631600331540087,0.004217509934093089,0.0045748331971129375,0.0024306786391556923,0.001203295072372601,0.005637604055731993,0.003215608766805156
2017-12-14,-0.003516074588204132,-0.004812755968660487,-0.00481676412457599,-0.00415798893567243,-0.004083780220145661,-0.0024560890867487695,-0.002680288671942588,-0.0029782789702434975
2017-12-15,0.007661277278718792,0.007427309683788463,0.007488471367767202,0.005974996438435465,0.007307318506273086,0.009614309877041594,0.0046150562311211285,0.006623363169208751
2017-12-18,0.006587890752668857,0.007466239183221646,0.0077096467313229056,0.003995230699119334,0.0066347649267139985,0.005828961007614986,-4.379633522244575e-05,0.004036679206817384
2017-12-19,-0.0028982967335177134,-0.0033663383681934445,-0.003409755010689297,-0.0027844997600141586,-0.0033995448784572835,-0.004077263156612165,-0.0014372230181959322,-0.00272125651829358
2017-12-20,0.0002892903410343095,0.0016858353075366317,0.0016161980818858446,0.00045349381430126456,0.0007545991159663146,-0.0015160973376775466,-0.0003470232536028073,2.062554913506709e-05
2017-12-21,0.005789400299728076,0.002471075205338513,0.002352080871335982,0.002015982194766508,0.0027380034193758007,0.0030095127972180613,0.00041651821561639046,0.004562832330042177
2017-12-22,-0.0012248588237135927,-0.001415061272616036,-0.0015412289263361245,-0.0014468228650625914,-0.0017818776311300244,-0.001813572870061786,-0.0012053377917671249,-0.0010965388470725035
2017-12-26,0.0001683899131978972,0.00235524127948894,0.002284809328288784,0.0015519705882989232,0.0015206930407538621,-0.0021877998679943333,0.0007071626302443956,0.00019135509622558722
2017-12-27,0.0017225005333330046,0.003965211840444072,0.004053344762902311,0.0034307468471779234,0.003716261661407927,0.002066664277905028,0.0022131374942526705,0.0020456972447564503
2017-12-28,0.002455105609958874,0.004720411114758294,0.004768963064209819,0.003961556914877651,0.004331620100272104,0.002268573247634409,0.001262749725446266,0.0022851996119082063
2017-12-29,-0.005915586067430589,-0.007899036134721427,-0.008014512178090905,-0.00587789866763877,-0.007311561002945943,-0.007407493521244479,-0.003070797516300794,-0.004905086407147929
2018-01-02,0.00553836036045352,0.002258836822066179,0.0025424104300300066,-0.0007145517417024294,0.003610399199247105,0.007882446158720136,-0.0024133110884652087,0.002817670744536649
2018-01-03,0.007156394424702839,0.010031570524909439,0.010352147265018319,0.004697014535654631,0.008828873605699172,0.007111982642544534,0.0022050271575349,0.0043995033987436205
2018-01-04,0.006693515226083857,0.004344077918153388,0.004314481061108211,0.0037255264990092574,0.004365736458935787,0.005827192002555437,0.0049043043183403245,0.0059144051541872855
2018-01-05,0.006388653466303573,0.011367267467911724,0.011346243903688658,0.009313763045051049,0.00953982974612777,0.008296952857654194,0.005715638118971134,0.006085532913640002
2018-01-08,0.0037226254965812,0.007944069441717883,0.00815491203172014,0.0040754963507854125,0.0065237276380432085,0.0030653427050810755,0.00016954575265137883,0.0026422839251381003
2018-01-09,0.0022737683040341405,0.0029760734717771964,0.002931751046606257,0.003108173064131803,0.002578570652734369,0.002154227363986516,0.0032522563748327293,0.00214132586998228
2018-01-10,-0.0013412337276192954,-0.0030706201390844345,-0.00295674594826989,-0.0038323998217276722,-0.00223621007467123,-0.0013371308674389182,-0.00478899661807719,-0.0024915671629320846
2018-01-11,0.00792618489342245,0.007643998516810635,0.007601286849007627,0.006353864448374935,0.007449841941964852,0.00822167891584491,0.004161397061332117,0.006876212860998709
2018-01-12,0.007370288398688585,0.004949075033013672,0.004894861538225381,0.004607354821127174,0.005559288484810354,0.011062839833335225,0.0042392392779022625,0.006446223349932945
2018-01-16,-0.0017358208285245258,0.0013875137432641793,0.0012939868775518892,0.0026994771752641977,0.000379628440293045,-0.0024345539607647515,0.003956363142654462,-0.00011825913691432266
2018-01-17,0.007788086027847196,0.010256643355306183,0.010199903715383485,0.00986090900806369,0.009876614242488646,0.008827036635024044,0.009585383217000754,0.008238224742787681
2018-01-18,-0.0017879082179090844,0.001979947398399906,0.0020177941545937994,9.668451765731945e-05,0.0005049086905322131,-0.0007692844758956374,-0.001659001040855257,-0.0018613695019403798
2018-01-19,0.00510918569647778,0.007736887305317186,0.007733658929351961,0.005461492432155435,0.0060184635159703515,0.0017974757069811886,0.003854427920725767,0.0041833038458301
2018-01-22,0.008540312875265466,0.004872415119010931,0.00487044735658082,0.004472469318903105,0.005663756675217124,0.010097904148787862,0.005340637352306166,0.007367592207972562
2018-01-23,-0.001390168612113274,0.00011412099627827743,0.00024119658807020272,-0.0062262713173869555,-0.00016976350858488587,0.0008251179169131984,-0.009798246790865273,-0.0034263452260001603
2018-01-24,0.00013485755284903256,-0.005009086121202211,-0.005130719290157737,-0.003504957005519671,-0.003833506957804822,-0.0019245523261125497,-3.611359865773878e-05,-0.00010009845975811338
2018-01-25,0.0037994154929950064,0.006993150812637294,0.007069879629409304,0.0068679619977340955,0.006344141305903994,0.0025963166036020446,0.004730796708774632,0.0042660126679308075
2018-01-26,0.00953991824387801,0.012308000084549242,0.012430798236946705,0.01123807240935637,0.012770973758171156,0.01067306702225057,0.010085912638786443,0.009989096806903186
2018-01-29,-0.007244323919351037,-0.009020067845341595,-0.008854720755390622,-0.010630154175406581,-0.008196153918764382,-0.005911274948076861,-0.012013580826172876,-0.009030595167602296
2018-01-30,-0.010386283672897845,-0.013907026170162595,-0.013873348758643211,-0.01264403657863522,-0.01276658635677208,-0.0074444189681407424,-0.010853284261455043,-0.010330690263321562
2018-01-31,0.002792226627682304,0.0006468355529025693,0.0007816665573792125,-0.0018623539314540638,0.0017108914352290672,0.004721728785960888,-0.003078158077401749,0.0018315377993955995
2018-02-01,-0.003399717472887809,-0.008960645491966068,-0.009208213023918166,-0.004211290305562887,-0.007683740671388106,-0.008203322083125797,0.0015647430205836255,-0.0025082312359073766
2018-02-02,-0.025195474221600067,-0.014825525038515308,-0.01524838083939195,-0.01837484711519588,-0.018432137523432424,-0.01890055173747507,-0.02288195549174743,-0.023731224566249542
2018-02-05,-0.04337353533524968,-0.0436044152855769,-0.04419611140527879,-0.04181492876680415,-0.0434272571158687,-0.040556025551950814,-0.04160399552221028,-0.0415527249447305
2018-02-06,0.024216858914260175,0.019600884570804222,0.020933253433235155,0.01569671613864787,0.02156027378708636,0.02869630457583283,0.007989836077789025,0.018260945331655565
2018-02-07,-0.008985143541003215,-0.003424421036701597,-0.0034292064927706756,-0.005449103452881854,-0.005571832019605316,-0.011730821580893336,-0.006939089762040052,-0.008874262182464121
2018-02-08,-0.037418939523293004,-0.04104503570175422,-0.04128496535221127,-0.03680968711406485,-0.039733737293152105,-0.039043541957036076,-0.03092552265298787,-0.03503418546773662
2018-02-09,0.018294833273567068,0.023903720468374523,0.02384207460143184,0.019790088386957505,0.02344476288628239,0.01534263962811866,0.013261710229837798,0.016242952485740147
2018-02-12,0.014881236904756845,0.012382040025467278,0.012184431335062973,0.01254950757372697,0.012694369432737718,0.01934236286848101,0.013537531090118904,0.014910262073637659
2018-02-13,0.005828296299666302,0.008323347402095171,0.008399869454099207,0.004766719485062465,0.007190918848003491,0.008259816508537021,0.0022925041193280205,0.004591509648864012
2018-02-14,0.011536140800307848,0.013489581807798245,0.01398216924769402,0.0070031248893511755,0.01232235352275346,0.014187248664223384,0.0009821541654146948,0.007530083123074016
2018-02-15,0.011939712197224894,0.010391595631596084,0.010180663132375756,0.011741054186991784,0.011288682029498398,0.013601789126290731,0.013041881548981005,0.01232524874086982
2018-02-16,-0.0012930020585634194,0.0002558325599670841,-0.0001626759932445987,0.003695570907896739,-1.2605544856048034e-05,-0.0022101476899947237,0.006811094449002075,0.0012370832060912829
2018-02-20,-0.0047114063907248704,-0.0038782132696599803,-0.003352659115103629,-0.007657527350774962,-0.0040038572607813405,-0.0005424692583876345,-0.012407112051081692,-0.007474782716121009
2018-02-21,-0.009341893348700059,-0.009094460868576681,-0.00916453799360395,-0.009826213444155463,-0.009786837052637942,-0.006195566636191696,-0.011068688185964737,-0.009772471543210148
2018-02-22,0.005733616013057885,0.00756938604132662,0.007532430446990368,0.006197150438108423,0.007064746075017725,0.004893200135103859,0.0058433455570297,0.00575898283809706
2018-02-23,0.017246129494939755,0.01831538699246038,0.018232204078776126,0.017631255627166942,0.018034324627249188,0.01680557319228959,0.015973866597383868,0.016948765905333785
2018-02-26,0.00961234448657411,0.007127974276437188,0.0073257418839698385,0.0066587365195922565,0.007373436492004393,0.012375284594460467,0.006742091486040769,0.00854500053026963
2018-02-27,-0.010595504817027979,-0.010620298090214586,-0.010506012325886327,-0.010871249640354463,-0.010321902230262192,-0.008991106854326025,-0.011499800156883677,-0.011058588115094636
2018-02-28,-0.015272738996974788,-0.017044219732340826,-0.017018747573748105,-0.014312587093879281,-0.016035613373477475,-0.00967024577923814,-0.013737638604156777,-0.014501345172617697
2018-03-01,-0.012259301713824167,-0.014730573452810813,-0.015027864090539467,-0.01207941135722268,-0.01473372627489189,-0.012970246643579375,-0.006315213486040472,-0.00961707165827197
2018-03-02,0.0028314692326991686,0.000261938723648214,0.00023910953674111113,0.001384404473234957,0.001365222889631923,0.004036261551410902,0.004392709351404012,0.0030424884169990563
2018-03-05,0.012565458836615973,0.014207446572789717,0.014182734172965894,0.013263474133818676,0.013344172546764232,0.010399916738035309,0.010796557902606807,0.012324782404264267
2018-03-06,0.0026652434113891843,0.0038672247689897077,0.004193524273589544,-0.0010858912763371809,0.002561422936740332,0.001462954372915659,-0.004599326790161284,0.0003489809146082212
2018-03-07,-0.0032929734169480085,-0.0012105056615915322,-0.0012883126147869017,-0.0009557467866722069,-0.0011877928650433356,-0.0014689470858312292,-0.004896764645348828,-0.003355122560962265
2018-03-08,0.005817969029599412,0.002416510546732642,0.002481768776098958,0.00517652389975809,0.004290946914456528,0.005971294714903319,0.008629414143936476,0.006632042043769326
2018-03-09,0.016185154242621902,0.015795642273078947,0.015871538540064067,0.015558242897099062,0.015540835883342208,0.016921613763337895,0.010772084159867967,0.014499206180552449
2018-03-12,-0.0007004936196809419,-0.0010275596050447477,-0.0009783177430641166,-0.0031523713550590804,-0.001679333863618293,0.002486485067526356,-0.0035640459419300496,-0.0017152467178371822
2018-03-13,-0.004772632562021539,-0.0018838393329410064,-0.0019516985200274117,-3.877058742385309e-06,-0.0010639762500811445,-0.006816569958871477,-8.504608330994756e-05,-0.0032066882957629828
2018-03-14,-0.006758666495791377,0.0011890575733557451,0.0012214446211953334,-0.001385093219247735,-0.0009442745933248009,-0.005487815391235329,-0.004679714551801273,-0.005986691884773632
2018-03-15,0.003043008862510188,0.0044606307035599535,0.004471466500645782,0.004086756161504113,0.004393951867120327,0.001957069088024843,0.002386667672655829,0.0027521798355727434
2018-03-16,0.002178674372036893,0.003717576695250857,0.0037833746547408786,0.004177269537041672,0.0034628381482895154,0.00020328882286202443,0.00479375029105622,0.002774745021786762
2018-03-19,-0.016505292387576365,-0.016792101129215253,-0.017085457258852133,-0.015488546944916082,-0.01785975122815553,-0.01641358737742704,-0.01167240599663033,-0.014856737510126505
2018-03-20,0.006624144358757356,0.013607760883860065,0.013871131103139644,0.009433061831426448,0.012182029157150165,0.009009563177452717,0.002229604230797211,0.005119350515480958
2018-03-21,-0.0014622043021422781,-0.0029428364112853433,-0.0028515701906581814,-0.0024764767991440895,-0.003098605312222169,-0.0052857294260734156,-0.00344857231464768,-0.001818129515421485
2018-03-22,-0.024637434129126445,-0.025822395435529333,-0.025962760670147467,-0.022033952299088222,-0.024525528595153,-0.023884603950961925,-0.014481718521269338,-0.021288396870859372
2018-03-23,-0.0196513759048641,-0.02328881706662811,-0.023380973220413437,-0.02032629010694864,-0.022051914062732436,-0.023118169621223372,-0.015120931265503401,-0.017909006227933788
2018-03-26,0.02974871777466981,0.0315659639006427,0.03175028266897839,0.02713823394516135,0.031006846605884597,0.03846400734159383,0.018217351296504036,0.026098625167921163
2018-03-27,-0.016358903853365803,-0.022831782611610674,-0.023299568435593554,-0.013898245889184868,-0.02047063587478748,-0.024400399837128273,-0.0011207880824870564,-0.011045918466801585
2018-03-28,-0.006347870761489349,-0.012443048950601665,-0.012626930548746085,-0.00826024309018436,-0.010516408821582113,-0.012127134244838245,9.626192671263745e-05,-0.0046049290681923205
2018-03-29,0.01267678380951276,0.011385230029823168,0.011695503076041502,0.009625996849323082,0.01109096108329144,0.012544549356648949,0.00870050715452031,0.010820037548480155
2018-04-02,-0.020930976403390367,-0.022471509963743808,-0.022794709366163568,-0.020426866017850598,-0.022178669269738438,-0.02475828537121416,-0.01743007020659304,-0.019233878937432558
2018-04-03,0.015558668090046579,0.014350111151565592,0.014211855069857782,0.015293750920478022,0.01474351951912145,0.0160531874800256,0.014971037309271296,0.015246672235457837
2018-04-04,0.011231943984885362,0.009740580264750553,0.009603022153056529,0.010805045859448414,0.009920210574523969,0.014758662509158027,0.011137991686072768,0.011062303078958058
2018-04-05,0.008496821712935754,0.008580387046261073,0.008475284350851764,0.008596356096990165,0.007891868278909087,0.010291893570440136,0.006666118321887016,0.008463979647867603
2018-04-06,-0.021716091051520503,-0.024404133011706963,-0.02448106726909305,-0.021224426795643736,-0.023717659715168815,-0.022736243886065877,-0.015143242729676376,-0.019527603634895363
2018-04-09,0.0027570978337772,0.001781091783549904,0.0018514705967882517,0.0020761698640336945,0.0019426132615572023,0.0037254221128968368,0.000639782574150205,0.0019269064684965809
2018-04-10,0.018603802371436107,0.02261570338034602,0.022876413763597725,0.015532066141657364,0.020988871961251876,0.018236728571972005,0.008924142057148421,0.015173747779256619
2018-04-11,-0.006991539524598855,-0.010984528566822194,-0.010889970999453435,-0.009003421044293858,-0.009293270909621842,-0.006292414002097346,-0.004240317548604322,-0.006140902579620078
2018-04-12,0.010562411723240794,0.015163938612647199,0.015341308425447231,0.009342134491397536,0.01307234400690449,0.010265759704564559,0.001102437463585737,0.007093254342821931
2018-04-13,-0.0020904237978840445,-0.008635393448910511,-0.0086807845476079,-0.005222193565899924,-0.00584906106282157,-0.0028442408123204865,0.0026219373928344503,-0.00012652262259194025
2018-04-16,0.009802564329135288,0.008986944445974698,0.00882595565239197,0.008993454810743762,0.009153507934907656,0.008381636148968807,0.007885673828874173,0.009823113648966375
2018-04-17,0.010115146571909595,0.020424037592081,0.02024371408746739,0.012954406976115829,0.016474774577203588,0.015165458060224735,0.003349970625213139,0.008607736607712635
2018-04-18,0.0016633005758697195,0.0002549364376069896,0.000325473079255012,-0.0013724776258453586,0.00086878725122852,0.0028059544339873455,-0.0027478415175742343,0.0006567493558027326
2018-04-19,-0.0056050421396581784,0.001930278545788422,0.0017369899413695045,9.11927188582684e-05,-0.0018899241189619387,-0.003344414112223526,-0.006593661022898711,-0.005793850102546516
2018-04-20,-0.010406953095693283,-0.007961305732427704,-0.007950193658223914,-0.00817183496563234,-0.008617430740457288,-0.014970561065231536,-0.010519133273619863,-0.010561921666979557
2018-04-23,-0.0019504939811213484,-0.0053093116176407,-0.005367217583841177,-0.0029291164700201433,-0.004081837465470861,-0.0012918195820590395,0.00013409963036470351,-0.0009896737183537896
2018-04-24,-0.01600583047292392,-0.014583324749954496,-0.01480360352661747,-0.009488326588960816,-0.013989047650945996,-0.017494584309651118,-0.007585385453671045,-0.013553710161651522
2018-04-25,-0.0008027817850002616,-0.005337422320098373,-0.0054507489784325625,-0.003054192309786097,-0.004106515373695996,-0.0005993951499306815,-0.0015865938935017976,-0.0008582119693399948
2018-04-26,0.017825392722432554,0.019820299908261507,0.019912709463738576,0.017511594479020953,0.01976921717453406,0.018679597375851564,0.013519009765064371,0.01679573541223811
2018-04-27,0.001831422279076067,0.008957176990307625,0.008770190077455053,0.007517458656053799,0.0075396414315558324,0.007104414172196316,-0.0006503276326293994,0.001833158580338834
2018-04-30,-0.006150434557401496,-0.005845430916667116,-0.00576510153095755,-0.006977036857790719,-0.006139020031892817,-0.005621380504822193,-0.004586997932791936,-0.005869918527769857
2018-05-01,0.0011859958454634167,0.0034074724806791856,0.003533886085558935,0.0023949880832481174,0.003421054405303714,0.005277604177939654,-0.004178868687030324,-0.0004245359970371787
2018-05-02,-0.004235697470033495,-0.005998567060829796,-0.005764751108540689,-0.002591048684738584,-0.0037389317524210153,-0.0015857322392762718,-0.005058925554287996,-0.004530059272528697
2018-05-03,0.001563937496437573,0.004080157865336664,0.004280644293594982,0.0006532730896873229,0.00254524539355927,0.0008615610851820943,-0.002219057133844071,0.0003942883085910065
2018-05-04,0.012031903707349523,0.011455061675410771,0.011663578772524552,0.011239746262777794,0.0120051477640013,0.013241244670782581,0.011287537038347173,0.011200483554861362
2018-05-07,0.005538741857016971,0.009429440850210247,0.009633928741396902,0.003125262534565465,0.007534918809970925,0.0051686331712237354,-0.0017476916839846979,0.002603116212621659
2018-05-08,-0.0009500283120674746,-0.0026983389627700527,-0.002832843625778847,-0.00237278789046913,-0.002174003255918322,-0.0010365708481087088,-0.005069194537050459,-0.0027138694662330876
2018-05-09,0.010461228574512482,0.006345909961257501,0.00627586250781742,0.005287863738603793,0.007040893419192562,0.009828081621376494,0.005935731262739052,0.00848018572911835
2018-05-10,0.010663404043440572,0.011200467495977362,0.011271019697000506,0.010834561165493639,0.010634987897596204,0.009999545381867314,0.012377637404143771,0.010922366271566064
2018-05-11,0.0022914948052816797,-0.0006374191688987008,-0.0006636568520752562,0.003347954223501093,0.0009040626213441261,0.001270026106484634,0.004414447930779719,0.003537778815046577
2018-05-14,0.0021382185017575495,0.0037371448856071687,0.003749299435240161,0.002286221953639034,0.0027069347932500154,0.0008772709830284775,-0.0006641098642049537,0.001512714643950419
2018-05-15,-0.010674844717248555,-0.01662071936812215,-0.016804627979804754,-0.012745443926820754,-0.014706439934785376,-0.009686079376643453,-0.007353413402878539,-0.009321414077293033
2018-05-16,0.0019234270281014432,0.0025761503975012534,0.0026285473190459374,0.0014337056674316173,0.0020348061625929947,0.0036552036286248146,-0.00014746001654974972,0.0011700915343551
2018-05-17,-0.00043584857024370205,-6.88200279851392e-05,-2.5569128129898644e-05,-0.001591670569725312,-0.001130924537203759,-0.002634808221817053,0.00035588240996098364,-0.0001591695482943134
2018-05-18,-0.0022478084231020157,-0.0028363496344071537,-0.0025904630528883477,-0.00234029172915462,-0.0019750797082507265,-0.0030611115180020354,-0.002936040620239999,-0.002163985853248507
2018-05-21,0.008844361769611897,0.010297040533704838,0.010286496097531295,0.010618804438117913,0.010472895048772024,0.008287745862058715,0.010282241673719161,0.009646267201079972
2018-05-22,-0.0055043422036094025,-0.004455932711911248,-0.004687077025454789,-0.004804479264626571,-0.005092069036609526,-0.0036697933884557443,-0.0039645235345388,-0.005376422768554434
2018-05-23,0.004659931178258692,0.006090003840168778,0.006312787337321435,0.003919389936426487,0.005707881880693932,0.00626183909805067,0.0027764736677002855,0.003962101704235943
2018-05-24,-0.005231120288629931,-0.0018884632087151632,-0.0017443691912235604,-0.0031265343146662516,-0.0022935583913265,-0.0049505385795083345,-0.005053403089854025,-0.005115485038458045
2018-05-25,-0.002490263380383162,0.003655792303978389,0.0036857919747521617,0.001356908091576292,0.0015950112795950488,-0.0007510823946241807,0.0007590473066794168,-0.0018080807232434548
2018-05-29,-0.009948234301031977,-0.009057854157220935,-0.00860919199466248,-0.009402023519467728,-0.008938583613376183,-0.006514883742211097,-0.005996519754274288,-0.008287671402367636
2018-05-30,0.015090838624331582,0.013117762467853789,0.012948419105654807,0.013135302855242337,0.012900919175259373,0.012239733352519266,0.01461708040397336,0.014878358808100067
2018-05-31,-0.007234770905489629,-0.005566718905282375,-0.00556096440191034,-0.00586707013916421,-0.0058432126626351,-0.004546039361005838,-0.0073834762251990815,-0.0070637192421144634
2018-06-01,0.008149972815123308,0.006681812861647263,0.006716561867951221,0.004850075232303519,0.006474139054483352,0.010224641214856112,0.0027258454511867036,0.005946307790794858
2018-06-04,0.005108078926880477,0.005921765430655146,0.006020961902876598,0.00504512306569338,0.006359850601851624,0.007047212841512662,0.003878125605255134,0.0042137962241066695
2018-06-05,0.0007457668917758564,0.0008323119924260602,0.0008191734149649577,4.890934481216469e-05,0.0011227232013857336,0.004050227234558168,-0.004593163086556773,-0.0005972857262076525
2018-06-06,0.009060837823098744,0.005341695665737944,0.005287158802912417,0.005130261313337714,0.005082593381104283,0.006333749987467607,0.0047311555557598695,0.007468318054453915
2018-06-07,0.0023797169073696,-0.0013266762064432225,-0.0013597440636483604,0.002411880464535443,-0.0001489422179656863,0.0003355946955461153,0.006166697238370267,0.003624927170251757
2018-06-08,0.0031870027343900986,-0.0004284585317045897,-0.0004244619056787968,0.001260490349380472,0.0005713658494725937,0.0025246661029783013,0.007492150642072204,0.004365036788120502
2018-06-11,0.0006897065961959381,0.0007816652213810116,0.0007540158132555153,0.0010408355051303442,0.00047408241706348164,-0.0005687885310412533,-0.00128319005904598,0.0003839858732941348
2018-06-12,0.0019372982544931805,0.005240681483182019,0.005261893890905034,0.004237813561748682,0.004649519419992254,0.002048372710378832,0.002416390384453626,0.00215454107347135
2018-06-13,-0.0040623775276190655,-0.004137341703293385,-0.0041150187901808355,-0.0032880626987559225,-0.003185226473246705,-0.003283890198896633,-0.004695133482128022,-0.004125612108058174
2018-06-14,0.0010543883034226376,0.005032833301366724,0.005126339108443734,0.002726603167762409,0.004507888511527058,0.002432405971806828,-0.0011257395241266455,0.0008418896297690548
2018-06-15,-0.0035749787845508196,-0.0034564393606792976,-0.0034474987349560893,-0.001764630833104075,-0.0031149833182305686,-0.004091407802297109,0.004252878937646587,-0.0014676225296769152
2018-06-18,-0.0021540822337483556,-0.0004858769050982703,-0.000486541493312731,0.0006346053047439071,0.00033410891453722336,-0.00014339798816298543,-0.004939926040655629,-0.002763724814345614
2018-06-19,-0.0055504799361678625,-0.007539640220604826,-0.0075626827138901564,-0.00389570631536329,-0.0054647664022082765,-0.0016462899609624992,0.00303209245857472,-0.002713554785754413
2018-06-20,-1.9151659135019372e-05,0.0020914788512613747,0.0021147108869721265,0.0008594944642141833,0.001957614901601845,0.0023816245778962575,-0.0032071797127356527,-0.0010146466559807221
2018-06-21,-0.005720625931420753,-0.008441258605470403,-0.008484376556387785,-0.005135793082736928,-0.007036626159635628,-0.005982622694637008,-0.00046274895147713213,-0.00408420498611195
2018-06-22,0.0014390609718935021,-0.002771221994048778,-0.002838446855091159,-0.0011632920721559303,-0.0026904758922237093,-0.00031206663403970936,0.0046305670605018,0.0033470130203510084
2018-06-25,-0.013845747047079082,-0.01678973472360501,-0.016904315935357572,-0.011447699287723156,-0.015821985885935308,-0.015288016804559268,-0.0005305689675935144,-0.009717323790620847
2018-06-26,0.003407424799388492,0.0037182150760994848,0.0037452372469484185,0.0035846821738045875,0.004253468620516232,0.00715192767452133,0.001501730694659198,0.0028421481264682136
2018-06-27,-0.004606696099303753,-0.00815916828183294,-0.008218050237263297,-0.005231670593540794,-0.007414641575420711,-0.007083488417291672,-0.00182206534776308,-0.002999580492493159
2018-06-28,0.006784686336915424,0.005391728540153684,0.005419051504043759,0.0030413437460765635,0.005651356237394545,0.009394416397396466,0.002991438874117458,0.004999459020369912
2018-06-29,-0.0005889756236948651,-0.002963214525746105,-0.0030119651951893145,-0.0013835735692911966,-0.0024225274609300795,-0.00012974555130140786,0.0013256160472963074,0.0003707021188841253
2018-07-02,0.004288646514184036,0.010445804591120877,0.010417547123923843,0.0069971871174274725,0.008566712706739477,0.005381351186902084,0.0028670785636117913,0.0034666090273716144
2018-07-03,-0.006185843024823612,-0.010514112583583035,-0.010579491506361949,-0.007787419432407794,-0.009614592020930512,-0.006653855809649611,-0.0017558231361618493,-0.004361519675347703
2018-07-05,0.010018289172653239,0.008441892167923903,0.008561319051916705,0.006935560254673456,0.008796508539275827,0.007956549638062027,0.008894196261498788,0.00947657243191169
2018-07-06,0.005777650413721691,0.0076287518158084655,0.0076387762111742585,0.006119269790528348,0.007192218434845188,0.0070184142785363335,0.0042310037258384,0.005251113730905255
2018-07-09,0.008695919797719442,0.008288648953384437,0.008253361176621787,0.005804200799567338,0.008807439281620422,0.008704601663925837,-0.002761594204516493,0.004633485621837519
2018-07-10,0.007385357011712168,0.004985232531953043,0.005165815887778535,0.005919342546181872,0.005916891460257201,0.005635920849694331,0.010236521397193554,0.008493432302392412
2018-07-11,-0.009485653074380207,-0.004218550139494237,-0.004571595550103891,-0.004115072586363566,-0.006898522856228162,-0.005288370497368411,-0.004525571822268981,-0.008004662413523267
2018-07-12,0.00901332026938051,0.009801123255298139,0.009963047707930217,0.007496323519999626,0.010634781869407917,0.012478639756688281,0.0029159036488624057,0.00721333599880869
2018-07-13,0.002510064497536657,0.0029857817561875777,0.0030640094604157397,0.003164467895350853,0.003657055815849297,0.003965896100917243,0.0015451643562383044,0.0026049050055458878
2018-07-16,0.00039811023729852124,0.005974763776332104,0.0053082854623087705,0.005896851767993372,0.0018322129820074196,0.0006222701117617468,0.0031862716870427743,0.00037336280338196026
2018-07-17,0.0050995425698874275,0.001913704992847931,0.00221019711981274,0.0012413384872813626,0.0028867548569648793,0.006947404906236354,0.006867973014397677,0.0050819291497787855
2018-07-18,-0.0008451304829965034,0.0028240116163089635,0.0027263696774755264,0.002134301727164667,0.0017954131375050864,-0.002330503117474181,-0.001640062926960173,-0.0012126607612282791
2018-07-19,-0.0036533148848677532,-0.004742711310697589,-0.0045228504667153,-0.003157255157908656,-0.003640274444931424,-0.005489930928527231,-0.002829566633006708,-0.003221899702519182
2018-07-20,0.0008480828716290745,0.0007041245135173124,0.000358340135593771,0.0014463728494387151,-4.563412739078121e-05,0.002756762590338635,0.0010908931951723044,0.0008421443916790672
2018-07-23,-0.0006892841374378511,0.0006820899402113501,0.0003711335503093771,0.0005425589533345487,-0.0007142726717882519,0.0013128625416132245,-7.477791725962746e-05,-0.00111253067474959
2018-07-24,0.008633575562382534,0.006648402458774738,0.006618431103111,0.006946872114179881,0.006879079556472378,0.009074116679749222,0.009362126523004832,0.009098485275427004
2018-07-25,0.008538693824236443,0.005386595830824126,0.0054311302157366015,0.003911401842715989,0.006617227487580868,0.011872455254613667,0.003167751539521202,0.006674859313258841
2018-07-26,0.0006558330118360267,-0.002177544786667096,-0.0020044205685703087,-0.0024842578602882748,-0.0015632293451008916,-0.006185981405292695,0.00275417588099236,0.0011188086523439278
2018-07-27,-0.0029074942555883387,-0.00283176334493751,-0.003052506374765618,-0.0021733447175074083,-0.0034250130934614376,-0.004673629404256419,-0.0016682189680814474,-0.002483693915915741
2018-07-30,-0.00590592607353424,-0.008936445971392537,-0.009301311759767561,-0.004864527799747997,-0.009362665741820542,-0.008328405544520745,-0.0009768029072283468,-0.004244818943056283
2018-07-31,0.0025854525411315166,-0.0007545908161049608,-0.00026832220479577895,-0.0010403651285159077,0.0018325923820692314,0.00088561756795702,0.0021061719432895476,0.002749316503391608
2018-08-01,-6.723678418907308e-05,0.008682281010955695,0.008488891915270358,0.007237449684097452,0.005720704256992892,0.009568914084882252,0.0016401880463492446,-5.6891012545134956e-05
2018-08-02,0.003951016216805492,0.012675459096547437,0.012573448352825256,0.008664878762827621,0.009874112112630895,0.010373105190442322,0.004285705000087958,0.0036600978060659095
2018-08-03,0.004070645799475914,0.004392094151270953,0.004402523676367176,0.005219662288105331,0.004216245895362958,0.002416398676525766,0.006358828707393238,0.0046170745028095705
2018-08-06,0.0005133424483045879,0.0032597294861593795,0.003315209816664,0.0020504113785735356,0.0025835764868007427,0.0036792556328562043,0.0008379848792137157,0.00019818644581315326
2018-08-07,0.004079494682089457,0.0031957082820075478,0.0033081298335482234,0.0015590649092924735,0.003731068347579969,0.0029089205073848934,0.0005846415544714656,0.002906092473033528
2018-08-08,-0.0012643429803954609,0.00326487350702398,0.003148224827923096,0.0009518343381205163,0.0016129396162214427,0.002343861090962296,-0.0025396237721848625,-0.0017632241886533784
2018-08-09,-0.0015180538154783152,0.0023440427617200665,0.002156338254669876,0.0015136402071191934,0.0011635102079790016,0.00137493520693166,-0.0006265132817300234,-0.0010525238597809405
2018-08-10,-0.0061816117809592175,-0.005365838708985549,-0.005444671019002478,-0.004531979231350292,-0.005683262658177202,-0.005059911187639821,-0.003333086287369058,-0.005178304988696314
2018-08-13,-0.003652022183582848,-0.00046723480109733817,-0.0005383528085217693,-0.00262342858537834,-0.0014272669782685599,-0.0017759918188535728,-0.003865025250458176,-0.0035156349703050482
2018-08-14,0.004727188378321756,0.008678849324525784,0.008629439236975012,0.005623346450754685,0.007190543230745972,0.006076619340155798,0.0013304595105965156,0.003523131234665744
2018-08-15,-0.006726372125090974,-0.007319541202305824,-0.007292387379136622,-0.0050116736299932185,-0.0073446668709074014,-0.007932759222850971,0.0003510274658704571,-0.004707361654835096
2018-08-16,0.009396994698835037,0.00779994748032431,0.007834291491860768,0.008310731424145512,0.008436438142540803,0.007708123913403364,0.010642018044880741,0.009957777043255067
2018-08-17,0.0017134528663644844,-0.0034053280741725978,-0.003481631906285143,0.0008151003204706075,-0.0015760374248882103,0.003507398519004168,0.004536022257004335,0.0031927414989652014
2018-08-20,0.0026534763092780356,-0.0013217187290669452,-0.0012550969559362857,-0.0010263381785881043,-0.00040053575182008583,-0.0006355093117988986,0.0013270666143219145,0.002323153967581648
2018-08-21,0.001509156003497436,0.0017707751944340266,0.001958357099731689,-0.0002436766181015404,0.002100618411557287,-0.0006174003336818501,-0.003141542349209714,-0.00028923668777702805
2018-08-22,0.0016547268278006566,0.0034042451434532772,0.003544740999379181,-0.00026047167856146913,0.002821567044360318,0.0038561077699081903,-0.00294691967450067,-0.00028773128642722856
2018-08-23,-0.0015455045071838258,0.0013814028441854198,0.0013523073380934392,0.00011899635964973676,0.000661254403944822,-2.3724204097907986e-05,-0.0016721462364924777,-0.0017701970005454815
2018-08-24,0.005595621013130714,0.006325318774867084,0.006366723202836377,0.004460964851623173,0.006516156978588317,0.004367622641356705,0.0032836833093754514,0.004917713053985917
2018-08-27,0.010057288445329604,0.008967695627056793,0.009030929613059957,0.0068565630698305124,0.009089870360436958,0.009174940278564803,0.0033483338537119156,0.007807747368633544
2018-08-28,-0.0005040401326358301,-0.0002701919712602141,-0.00035491560383915655,-0.0012758684301722445,-0.00031581816614523195,0.001568609826041456,-0.0027327740769180764,-0.0009642350812623102
2018-08-29,0.0070245109906035275,0.010085151229312306,0.010074524859645884,0.006877991583732923,0.009265001550488927,0.013181013345274994,0.0033835249569544867,0.006035793185193095
2018-08-30,-0.003726137434171717,-0.0005994419373399618,-0.0007141074117490431,-0.0015823297452427498,-0.0019087586809313217,-0.0002211392965898451,-0.002409315131103096,-0.0032936099699099053
2018-08-31,-0.0002473462783247893,0.0015270827177280566,0.0015755122872198601,-0.0005243396452584426,0.0015074108641439654,0.002133394688000001,-0.0033272504837634775,-0.0013039234548153367
2018-09-04,0.001828432146416814,0.005020829894478052,0.005140968308058991,0.004798814962266196,0.0046175809245965205,0.003244097480300745,0.0021842452047331484,0.0015248371182816634
2018-09-05,-0.000792803724720792,-0.005869569725255985,-0.0059462810559940404,-0.0021369531045130064,-0.004458299431970736,-0.007868312431510538,0.006043436157814774,0.0015021406791322356
2018-09-06,-0.003796165562641174,-0.00283823752898571,-0.002835435928542185,-0.0006560336467172911,-0.0027333518272232293,-0.007206865736114065,0.0011591415564102814,-0.00204341740345082
2018-09-07,-0.0025114707916614742,-0.004640878610132626,-0.00464634769554384,-0.0040702117301956164,-0.0042923376003902725,-0.0026852500982924576,-0.0023309092209296,-0.0027656463918692697
2018-09-10,-0.00014115025240024615,-0.008887993643159509,-0.008657158446762514,-0.005411375557525244,-0.005631322723731902,-0.0019551112407486526,0.0005480019300860839,-0.00018878850885029053
2018-09-11,0.0068512890752818745,0.009774910232091427,0.009723355835627778,0.008913116016254552,0.009181570872614842,0.013986325430661362,0.004883303608920864,0.006335338601086038
2018-09-12,0.00018323056116864578,-0.003751574068839414,-0.0037491572996065647,-0.0023282022384905066,-0.0026327209363550264,-0.0006693756872343526,0.0017220594544848922,0.0011733137533762594
2018-09-13,0.00545225035189123,0.009458189537052242,0.009359487340308892,0.007229551182642124,0.008404556473583291,0.006673190850483124,0.003914274001542983,0.005119650581216106
2018-09-14,-0.00016581226124368076,-0.0030694496642940106,-0.0029679146542834767,-0.0027730225958113586,-0.002473031638219436,-0.002321872355583232,-0.0004526697477800212,-0.0005919758939018083
2018-09-17,-0.0028067907983583273,-0.010139464332259651,-0.01018328106091737,-0.006416942446170859,-0.008258455031061152,-0.01125064294216982,0.0015745863255285375,-0.0014953681406683073
2018-09-18,0.0034669327871388322,0.002170695099000808,0.0021598365375183892,0.0022838618575129477,0.003192554486967758,0.0058221091136023695,-0.00024348963668108237,0.002507647868385421
2018-09-19,0.007206609599458513,0.0007994364520220731,0.0005851473543239116,0.000858943885412522,0.0016966643666491699,0.0005400534808668311,0.00036378526669489375,0.004675100827143286
2018-09-20,0.006780142695870683,0.003139802827312188,0.002940103307870423,0.004431984884953888,0.003890081563787673,0.008446649624706648,0.007699734822667503,0.007208260516545328
2018-09-21,0.00038522126092033204,-0.003786082215591402,-0.003734910683732773,-0.0009525061536246326,-0.0021605980959712445,-0.0025433748832106584,0.0023840171847824276,0.0015112383267854579
2018-09-24,-0.004068954424375604,0.00014394418138197196,0.00013138644044130565,-0.0036241945003701037,-0.0015091079793757567,0.0018279037267003861,-0.008032907611337015,-0.0053805724651379006
2018-09-25,-0.00219714987161157,-0.000833640208296238,-0.0007731215584123596,-0.0031186270983674103,-0.0008739233295262938,0.0020046363354180308,-0.007104528140872146,-0.00397922559433761
2018-09-26,-0.005477195487790132,-0.007015504257704586,-0.006922926689264197,-0.006447768259199904,-0.006713663454976926,-0.004550915677120293,-0.005128164049798323,-0.005428046057010749
2018-09-27,0.002594434273376578,0.008141353470819013,0.00813619684570166,0.0061099614750030895,0.006708183486973995,0.007735779978196744,0.0023232638892274338,0.002640092472313116
2018-09-28,0.0014249666727843557,0.004901974641125628,0.00525995290736847,0.002851157576367447,0.004549916144421795,-0.00016387417222951672,0.0014729388305048108,0.001093634277870681
2018-10-01,0.010102768380647609,0.005927135743218237,0.005957182813116635,0.004669493845036232,0.006650335348106884,0.0071209405035421725,0.003893370237913807,0.008289493697674732
2018-10-02,0.0024679795170341468,0.0005278102541947938,0.0006717418891346583,0.0024910135962092905,0.00159215757743425,-0.00027847523665958107,0.005854756264473959,0.003821093545802512
2018-10-03,-0.0009415384809741134,-0.00021692601155287594,-1.8750822498692088e-05,-0.001943430969798321,0.0002707268617190284,-0.002195619054852549,-0.005668510404651217,-0.0027521366873879405
2018-10-04,-0.0091427418045259,-0.009438705007843606,-0.009567304377458452,-0.006060472877416734,-0.009186413728054732,-0.012350332234580819,-0.0033277231867283597,-0.007245676575553306
2018-10-05,-0.006225535948653715,-0.004066136383668151,-0.0043808615430774855,-0.0015226814782099973,-0.004799957282516698,-0.006388245938140802,0.0016421772240555743,-0.0029287823409489544
2018-10-08,0.00017736623274999808,-8.63013703755744e-06,-0.0001753051128838834,0.00290757390218066,-0.0004568341971904477,-0.002247942930638236,0.005555728372121038,0.001823694600278758
2018-10-09,-0.0016398681962860318,1.9301824977668858e-05,-9.53572317445861e-05,0.00023332428276012784,7.014934580173993e-05,0.0036224504898403342,-6.78212063729422e-05,-0.0009942005028293899
2018-10-10,-0.030383189480589823,-0.030588277831222643,-0.03105786356186191,-0.024822664477466283,-0.03159237677402427,-0.03679288541457881,-0.017741409694602917,-0.025409517702622453
2018-10-11,-0.023278770906822732,-0.023135111453069235,-0.023120899545998053,-0.023081213102343567,-0.022818283869249334,-0.020149507443059544,-0.0251983551343542,-0.023565826396767298
2018-10-12,0.01152135166044066,0.014789041131092695,0.015105302005081755,0.009341224797346337,0.014647252653684495,0.018720742680392366,0.0029478691999016426,0.00858980380359009
2018-10-15,-0.005688003469013214,-0.008588818802339082,-0.00879330325777683,-0.005234880395691421,-0.008530714442263165,-0.009289406498353414,-1.2406888649230119e-05,-0.003154146983495365
2018-10-16,0.021270281027915505,0.026277756984270928,0.026225118508068634,0.020987073304817194,0.024746759058752232,0.023037426856487242,0.014514727225368507,0.018967655492755586
2018-10-17,-0.0008987743693636974,-0.008953875142705403,-0.008887277633565782,-0.005204234413078157,-0.006708155655062331,0.0011270418445474828,0.002105618458959402,-6.578533484991045e-05
2018-10-18,-0.011175954407972366,-0.013009581999810171,-0.01326024823592098,-0.010399462016354666,-0.013083826600105208,-0.015580204482217197,-0.00637789538270328,-0.008906967703698254
2018-10-19,0.003752184728764041,-0.0019566495957351604,-0.002278062417033988,0.002927530582701232,-0.001655110713228547,0.006703946813788386,0.016645223340079784,0.008652680960338
2018-10-22,-0.0022716519939347535,-0.0033035281161063468,-0.0032410823075875728,-0.004711400313834879,-0.002762164977362258,0.0011181780030127264,-0.006747229954247591,-0.0033414145174348597
2018-10-23,-0.012260757320140647,-0.006557591555126918,-0.007339905535858615,-0.004434477314560037,-0.00951858222069657,-0.006224218572523421,-0.003347925755926351,-0.00911135763129145
2018-10-24,-0.024579780694115927,-0.02265697441927783,-0.02329406840755821,-0.01261246956974793,-0.024050538736638316,-0.029922965984174543,0.0002247594144184628,-0.01521979932394002
2018-10-25,0.019282871770897048,0.02091923980415733,0.021119622841974772,0.01282081549105829,0.02091035911012651,0.02876241535371027,0.003061748337118697,0.013527185421969623
2018-10-26,-0.018465709880303827,-0.030619685744753933,-0.030575291348161615,-0.024233994007115345,-0.027307681099541403,-0.026372723905603634,-0.016758761707246106,-0.017450902347067254
2018-10-29,-0.007738784284822442,-0.00892498246771023,-0.009401370489327987,-0.0019555901465098113,-0.009838468953870083,-0.017679212595604454,0.0046535507122427155,-0.0032073255207885065
2018-10-30,0.016237796042821717,0.013248396676639906,0.013599820168516796,0.013664220286935258,0.014071382718553238,0.009853253653843819,0.014859339287522033,0.014542858201441966
2018-10-31,0.013899108984790853,0.014725063212436273,0.015056540997542722,0.010363786350921167,0.01513217373403819,0.018800290041016687,0.004599859556809527,0.009916480853810139
2018-11-01,0.008217666439459315,0.00680090938051614,0.007134997122705489,0.00365855211255095,0.006489230171698779,0.010641770381371263,0.002257197550773249,0.005218759223822644
2018-11-02,-0.002419600823708068,-0.01796969878269694,-0.017956869852401414,-0.011893188381215669,-0.01119568810101168,-0.007585577773624008,-0.002504160534626765,-0.0022125225292580764
2018-11-05,0.004345998165744991,-0.0019944669641950297,-0.0022125986562281375,0.0036847434887583574,0.0019509100700145776,-0.000870491409672991,0.009898572290676366,0.0069580656667906915
2018-11-06,0.006046991188578321,0.0061526562669143026,0.006129396285604383,0.006147117246925182,0.006222634664827531,0.005858210188592228,0.004854729289519133,0.0057629598994581865
2018-11-07,0.022830902042795476,0.027178520924363347,0.027431195003079,0.021774722483412834,0.025639699712983077,0.029802555166650313,0.013984069544799471,0.019683318632913727
2018-11-08,-0.005074098331174115,0.0010981338298252652,0.0009141454445873443,0.0022101280658917144,-0.0011558792101832305,-0.0013129707946176739,-6.281435329480445e-05,-0.002974481761920611
2018-11-09,-0.009237936560761884,-0.004851003385355934,-0.004925428346859384,-0.0013980401332966963,-0.004962633515121717,-0.01104804770133172,0.0021617241468754322,-0.005096071699616012
2018-11-12,-0.023549331722249378,-0.023963263299370485,-0.02432742622481021,-0.014548982969658786,-0.02103715446395371,-0.025043229881753115,-0.007545176650652352,-0.016700690114079375
2018-11-13,-0.0014498026010826282,-0.0007524113384881348,-0.0006200814415610045,-0.0015686739462980048,-0.0003177763696552427,-0.004210915775614943,-0.002842273349026092,-0.002664663847515736
2018-11-14,-0.010086580973127757,-0.015550246325199302,-0.015539831970003304,-0.011795019940529783,-0.012828699554490841,-0.012743404891997434,-0.007097914201213751,-0.008960990995652285
2018-11-15,0.0122193963579178,0.012647045232323517,0.012636876517399864,0.009083526003795805,0.011885382874415873,0.01232575340761799,0.00792162756874637,0.010339495065148752
2018-11-16,-0.005370687327666657,-0.003101225591080725,-0.0038978958496775906,0.004215770384899731,-0.00466365837296534,0.0031811319126182624,0.006718357421329424,0.0013492695993719828
2018-11-19,-0.016145416497540754,-0.01750925962341232,-0.01817415217035312,-0.00777712934811603,-0.016188584680886797,-0.019253260893905333,0.0001311380504362969,-0.009188582109961096
2018-11-20,-0.02024684294364465,-0.02219612114949998,-0.0219929966710678,-0.021710456627596075,-0.01976506579152948,-0.022955906013432448,-0.021113730936872188,-0.020531706149569895
2018-11-21,-0.0017126335479555888,-0.0061799085939522325,-0.006128292675273039,-0.008644063465551577,-0.005666412495088924,1.9526446210171855e-05,-0.008364982417795375,-0.0038009302933997846
2018-11-23,-0.008363026341366764,-0.004398488639090092,-0.004387074915318312,-0.0015968945384123856,-0.004043114726828945,-0.00831325421339979,-0.0034756912644351434,-0.006464917335412768
2018-11-26,0.01704306149155599,0.015922682200331995,0.016197509073356153,0.010027244121610934,0.015236557183890831,0.020733821837491728,0.006530801260265839,0.012589328056000326
2018-11-27,0.0037561431654771216,0.00781523454325006,0.00779302068524057,0.008799593922481197,0.006742166006876715,0.00475134531797905,0.007665612897292062,0.004822249971506487
2018-11-28,0.026388714216079245,0.02451838871507106,0.02486115047979398,0.019084513188831975,0.024700776889874376,0.030617654259042837,0.013512674377850198,0.021464336425003783
2018-11-29,-0.0024158045883055923,-0.003209620835356586,-0.0032053963351689196,-0.003471088404750966,-0.002474948364489582,-0.003661228124146154,-0.002513539244792029,-0.0018200123059501916
2018-11-30,0.012060941900251754,0.011487565876429295,0.011539940938790183,0.0148334470465461,0.013413202330003093,0.00832579907366604,0.016328665198085623,0.013114292658822135
2018-12-03,0.015084116655947666,0.01289645809299822,0.013201291985224684,0.006488789214092794,0.01239939465935791,0.020393501443033646,0.002981825550735673,0.01039741580975706
2018-12-04,-0.03170287189484189,-0.026263563663166622,-0.02632608003119019,-0.01901378655228969,-0.02523665339944048,-0.034572105119130336,-0.014493883645292915,-0.02400636547049173
2018-12-06,-0.003989696402495024,-0.0014940840092193541,-0.001307054082683945,-0.001355836916449027,-0.0017553238398207993,0.000418941928265415,-0.0037340663523541817,-0.0038135564586680992
2018-12-07,-0.022647998348300225,-0.018252508560814173,-0.018339406434029204,-0.014358267975621564,-0.018461856612093208,-0.027792803198358973,-0.010009322517579133,-0.017078417386711564
2018-12-10,0.002628820169421786,-0.0031166998054557027,-0.003044942393346739,-0.0018669252279841508,-0.000789036423193723,0.005703321436248743,-0.0019125395222412411,0.0011699685548232086
2018-12-11,0.00016513873136436708,0.0010123439097868836,0.0010836661416919746,0.002607200350803085,0.001509749671259497,0.0019079258524343778,0.003128139857589751,0.0017222523016120483
2018-12-12,0.004551572362310408,0.003209137417604424,0.0033657673766926965,0.0015112143506958997,0.0035726446414190427,0.00503880609483387,-0.0012200037731151525,0.002413131765947263
2018-12-13,0.0035666336781587926,0.0032217173408715105,0.0032163802628384364,0.005771219245548798,0.0043941997940075694,0.004251741978676504,0.0077749699274942685,0.004909656140293928
2018-12-14,-0.020504702937462982,-0.017727309859818963,-0.019068059820879335,-0.01917138326094503,-0.02168519965773852,-0.029744260491605723,-0.015376310310587726,-0.019070847895179766
2018-12-17,-0.02241881920459199,-0.02612501187109606,-0.02633283989521218,-0.02746402150302485,-0.026022359977771692,-0.02650014696912284,-0.02548848006512383,-0.023694105125613873
2018-12-18,0.0018267449912199307,0.0005812455430251884,0.0008173160005120472,0.0004026705145432352,0.0012301464044928156,0.005775690239519182,-0.002401707157463351,0.00028209698365211366
2018-12-19,-0.017715771404021807,-0.015436410137087742,-0.015702907637636265,-0.013888110496141026,-0.015643668321693616,-0.01957002660411722,-0.012563474737444569,-0.015135354639071119
2018-12-20,-0.015022029322547259,-0.014306908229142712,-0.014256303376945834,-0.010658939427726333,-0.01308637539633295,-0.018602620307469175,-0.009889732003377283,-0.012665759146072264
2018-12-21,-0.019569899143546676,-0.0190553952249205,-0.019250548081466867,-0.013416827480061122,-0.017424616736324783,-0.027978464556219884,-0.008557786064219086,-0.01490911575933429
2018-12-24,-0.029619053992131716,-0.027189655636370436,-0.027267557461750358,-0.030425176365693196,-0.029091242963123154,-0.030775360259268636,-0.032822366684329585,-0.031108006772425867
2018-12-26,0.04806884501668862,0.04282827210728324,0.04321774656590671,0.036754631454467335,0.04261665242904389,0.05953476166281302,0.03354659569054941,0.041902917956412544
2018-12-27,0.009084617291410302,0.007761227398318971,0.0075895254364519715,0.009705298315255018,0.008414323736410712,0.004085046881461496,0.011565538549115795,0.0105081907270419
2018-12-28,-0.00227257714493756,0.0009006048798547717,0.0010285696759437801,-0.0007661462771996197,0.00027351408578946135,-0.0005182122828290003,-0.003429775027715354,-0.0027408862100097853
2018-12-31,0.008259433288726026,0.008978585716343135,0.009140327318429842,0.008543896088536895,0.008967807287770801,0.010072464193210617,0.006687854885801814,0.0078053250346692415
2019-01-02,0.0038993727420373325,-0.005413142084869982,-0.005513553198496668,-0.0073666377021800455,-0.005760515548169032,-0.001643869454727942,-0.003856427381060401,5.051176422221637e-05
2019-01-03,-0.027292173716707446,-0.017951117254645155,-0.018075936665916892,-0.015751342138477065,-0.022410606388397092,-0.03343626597840532,-0.013631557988634357,-0.021689565570320868
2019-01-04,0.033080101851036936,0.026343392186443104,0.02644321112115322,0.02370175438064237,0.027595028923251164,0.03372043166673411,0.02409419592827189,0.02891763261941649
2019-01-07,0.00687640797690281,0.005131666519198497,0.005211974865497293,0.0019976021635830232,0.0037269634042089717,0.006890360303256182,-0.001951028721723147,0.0033937870576192797
2019-01-08,0.006110302990388394,0.011395913413090542,0.011334844512072006,0.010116194844282056,0.009795355517042692,0.012191540306977666,0.007510274967710728,0.007038863900233672
2019-01-09,0.002903451549099545,-0.003178777153549972,-0.0029041519781298764,-0.005250888888167715,-0.001024193586906974,0.003721957777857554,-0.00569788098463242,-0.0001203817235264637
2019-01-10,0.005209572147242936,0.007559584230528049,0.0073383476605874964,0.008193568462265821,0.006804547516951143,0.0020065631456056554,0.006503630988653031,0.005797482014801902
2019-01-11,-0.00018951879699447005,0.000486612843500156,0.0005148758862307812,0.001879458769192821,0.00043410449809067053,-0.0031199408524105188,0.0010334379051084586,0.00016478060759061997
2019-01-14,-0.004801756060984097,-0.010503001607465978,-0.010401112494210052,-0.009796599678265072,-0.009212524735340843,-0.01062031447285261,-0.007852048071365303,-0.006877853621062635
2019-01-15,0.00952134226731749,0.02028959796565144,0.020198019480111462,0.01722841070472425,0.016535744214587256,0.02366460738183407,0.009670841567365196,0.010141265308230452
2019-01-16,0.007030182652149275,0.0021463706213258327,0.0022180113799594725,0.0008617106297506005,0.002660644755462682,0.004095212902842871,-0.002185678001412561,0.004520965749243988
2019-01-17,0.005317670650683004,0.0011592351701266157,0.0010746373262471298,0.00058231071750936,0.0023278870408773855,0.0036205420626214124,0.0025320517808873344,0.0042199116445074125
2019-01-18,0.01596342770599324,0.011807746528971652,0.01196235427392911,0.012311142839035227,0.012948971917671637,0.010494915970379992,0.012040820240620809,0.014223206793024135
2019-01-22,-0.017054597297535667,-0.00736434870370084,-0.007404543793815499,-0.005011544443065397,-0.009488543517067516,-0.01629544420552731,-0.005521378588208781,-0.01222737622119574
2019-01-23,0.003483398380471403,0.006458169953134529,0.006287465577803353,0.010180912174766688,0.007392884714122916,0.007491258440088577,0.0099542431106312,0.005859134327134807
2019-01-24,0.0034190526948518762,-0.0014177916685432779,-0.0013749653697975317,-0.002557800163142554,-0.0006205906593719224,-0.0011855570089344125,-0.0028504227784243996,0.0009320061442004146
2019-01-25,0.007327287642258762,-0.002737505718663602,-0.0025657793175647425,-0.004376385130094862,5.0081034143723e-05,0.005927582353834948,-0.005241600824504977,0.001876255470949273
2019-01-28,-0.020951888499544102,-0.009071072123660984,-0.009128275660729268,-0.006992530662057295,-0.011947433588437306,-0.011170634244669131,-0.0037350989347878505,-0.01373114331155667
2019-01-29,-0.0026818495625062777,-0.002500518869224755,-0.0026587940920628217,0.0003128164528347632,-0.0014893140700780183,-0.00970657270426778,0.003271051093349575,-0.0001728624398280587
2019-01-30,0.020058072967248597,0.01783956768085182,0.01788036537912241,0.014181913191141593,0.017924601133286533,0.03013254959820011,0.00987609361396835,0.01606113880064841
2019-01-31,0.009623031321561504,0.012946131319327536,0.012638750754595973,0.012997886875650622,0.012119970497229238,0.00891565353266377,0.011969832019036453,0.010713297524561405
2019-02-01,0.0016010567597701808,-0.008095018534359344,-0.008128111477553102,-0.0025599766881871933,-0.0042936665499087034,-0.012577126975603647,0.008665503746624115,0.003663901336394826
2019-02-04,0.006392032367582123,0.0018395019711345828,0.0019024364648310144,0.0025823252747732006,0.003936597820736409,0.01145583449950216,0.0021780945132015006,0.004767311757697845
2019-02-05,0.003845101748893187,0.002748184926774977,0.002731144071539404,0.00030238714285735213,0.001976298482125438,0.007256424635502912,-0.0001247488312509093,0.0024117354196304674
2019-02-06,-0.0018685765935947396,-0.0014181123442406074,-0.0014282896958145441,0.0002720911583240504,-0.0008059236077831988,-0.003234784793117451,-0.0004995751694667483,-0.0015857003744821352
2019-02-07,-0.009575369179995796,-0.001669079453180844,-0.0016347120713382512,-0.0009393304505085354,-0.003199467669560363,-0.006771782655353498,-0.0011180991788283245,-0.005624086592067146
2019-02-08,-0.0017644617153929065,-0.005459225315414318,-0.005463358193130152,-0.004148573400117206,-0.0034156114568447693,-0.0039458600476233174,0.0011222073024999002,-0.00048017903129859985
2019-02-11,-0.0030393417294590774,-0.0028989152661406115,-0.0029333163897857784,-0.0028964732547582805,-0.003439857676688529,-0.003776377752322091,-0.0005204218347137912,-0.002155574668635696
2019-02-12,0.01778844013079084,0.016812871684604325,0.016760411173148748,0.014413527928105463,0.015918446479425974,0.015823520311800232,0.010744786990488642,0.014778922708100994
2019-02-13,0.0033545123346272465,0.0010604341401125872,0.0011118326645096488,0.0012597175331827692,0.0016190567841634085,0.0003366682244636543,0.002742531405219406,0.0027989691678038664
2019-02-14,-0.007251599107649498,-0.019634045519518084,-0.01962699173393423,-0.019332624713433555,-0.011063108657684007,-0.005647763773064196,-0.019687762223404515,-0.010885579136964196
2019-02-15,0.013310070606081359,0.005563133243531748,0.005614453406542319,0.0076152311737180955,0.010169709651455028,0.006162117648304655,0.009821764023732138,0.011718992865186184
2019-02-19,0.0007620232943876815,0.0013748214220155042,0.0013706502125214737,0.0014040684052296637,0.0013847558042854313,0.0028823111896389975,0.0018191949175139221,0.0013450724680641457
2019-02-20,0.004654442171081907,0.0018295941324706355,0.001792331804223668,0.0012921020094018854,0.002509914288935544,-0.00038551625587601723,0.0022440605100804145,0.003562906594371862
2019-02-21,-0.0021166518614047503,0.0026148974675159753,0.0025943902375711314,0.002784489243388588,0.0008801052502398488,0.0026389134793971536,0.0026903466216063876,-0.00028420632979675453
2019-02-22,0.005425305579100703,0.0032615666844704183,0.0032374238488372953,0.002252548803193921,0.004399121462403732,0.0075885240877282545,0.0017658775254256742,0.004392773337409173
2019-02-25,0.0018956257843918412,-0.0032101439885602323,-0.0032615129773279072,-0.0035254886794712226,-0.00118305938434915,0.0006882919849442448,-0.0016138716538413034,0.000569297615574671
2019-02-26,-0.0029689587756189795,-0.0023616172131022406,-0.0023826068012279267,-0.00262133098467654,-0.0028146599156801955,0.0008941920599616626,-0.001685362628319309,-0.0021122483740196873
2019-02-27,-0.003693115229105204,-0.009052199351114898,-0.009133136423886357,-0.010254117685140063,-0.008632380970803544,-0.00596184303964542,-0.002730695425997798,-0.0035614589955643705
2019-02-28,-0.0045513319739222124,-0.004129941896235612,-0.004084027146228353,-0.004430861702805933,-0.004544528470700082,-0.00416228031305288,-0.0005692419837349805,-0.0028606652762876994
2019-03-01,0.005649513704634623,0.0006606033512155385,0.0007200954036148399,-0.0010292740621321572,0.0027343128402543826,0.008154025296881917,0.0020082434337105326,0.0043951776264983256
2019-03-04,-0.0009456490568737763,-0.004172279552185465,-0.00403389977839963,-0.0020316438477493426,-0.0020908591660837583,0.0018428022715257786,0.0003756564421575348,-0.000588345935687129
2019-03-05,0.000840764909839864,0.002483232192785234,0.002454569247103189,0.0021641078385217227,0.0021371711883846345,0.0001374819262123239,0.0014151988011581462,0.0012459788312100262
2019-03-06,-0.005908881664749677,-0.003898894174239942,-0.003955495459740388,-0.0031733458663443237,-0.004691385874689646,-0.004740328871473909,-0.0032520151073056613,-0.004500396137096407
2019-03-07,-0.008690112471594458,-0.008602248644556054,-0.008678351324123201,-0.0063082803530545295,-0.008127391131544148,-0.011226165445858527,-0.0028668522843275923,-0.006517310834916024
2019-03-08,-0.00019748171562095074,0.003370961913705006,0.003345117973563738,0.0013448028553175728,0.0011150540562621103,-7.597920790103352e-05,-0.0020157818421793205,-0.0005380158833226956
2019-03-11,0.018945398319231366,0.017837703334534494,0.017881323125011228,0.016835746604542567,0.01744172891288387,0.020918049267721672,0.01373923858801529,0.016074988241412846
2019-03-12,0.0043128315370726256,0.006153432207208764,0.0061223802442005315,0.0048972713631183495,0.005033449387707334,0.005826393425183207,0.003140991537802673,0.004242303061881003
2019-03-13,0.008614942888177213,0.01059728790576675,0.010585220699383502,0.008546573668047897,0.008678557223783523,0.007318190582053186,0.005466529483275195,0.006990897138943408
2019-03-14,-0.0005006839207752911,0.00018207019095561883,0.00016042317793862892,0.0001847460157504699,-0.0001534441634297723,0.0010262908966247597,0.00011149222102968537,-0.00024209979072764565
2019-03-15,0.005430906716707762,0.005575525194044806,0.005626672702815805,0.0037601510884279765,0.004576760142965819,0.007925047129013985,0.0016592284709928684,0.003844248055319577
2019-03-18,0.005549400352022893,0.005099796711087956,0.005123980100983694,0.001851222765517191,0.003759039338191217,0.007754348888685536,0.001316600780275623,0.003958578903380472
2019-03-19,0.0024834745574406902,5.124736586847867e-05,9.271357802465019e-05,-0.00026750713627943234,0.0011170109903957393,0.0012966150250233177,-0.0014007293366161688,0.00039348844748321454
2019-03-20,-0.0027312888125183843,0.0027241544146709984,0.0028686604213126188,0.0022592091554345384,0.0009520907645350629,0.0039648662342770535,-0.0019835837632894426,-0.001997454352677619
2019-03-21,0.011550042607514133,0.007847806475710817,0.007827957226104632,0.005538591121331704,0.008492934074574743,0.016049919718276406,0.0036412266527414694,0.00903611572898777
2019-03-22,-0.018568042073772828,-0.01641690025020459,-0.01645889436123127,-0.010332614659741779,-0.013483091691031568,-0.016381053460129302,-0.006438194222602833,-0.013432000382773812
2019-03-25,-0.00165833458681941,0.0016744008682660905,0.0016857706437423126,0.0012994784753008748,0.0004225920096807556,0.0003340251556147589,-0.0009709042072456597,-0.001121388299500814
2019-03-26,0.006090362786473236,0.0024253464170680417,0.002460580636314935,0.004845142144412451,0.004520961730928086,0.0027752868705803735,0.008764965479575393,0.006700099783090829
2019-03-27,-0.004068180285700662,-0.0074102023786372095,-0.007420914418567737,-0.00536163218859198,-0.005400317994050496,-0.004079805757662758,-0.0035797774458190545,-0.003942828826792644
2019-03-28,0.004402012666956168,0.004127825263874785,0.004140751820489896,0.0037716977968698107,0.0030022276113910173,0.0012473737631906179,0.002045445147601521,0.003022880073266787
2019-03-29,0.008409203558417788,0.01033749975559295,0.01029846099913101,0.009263314171488846,0.009399755046814784,0.007153224966094385,0.006503845368863059,0.007721807934446323
2019-04-01,0.009884446140914438,0.0008170246895056188,0.0008969373139415815,-0.0007018506858709195,0.0025571147264207283,0.0030497801934497026,0.002150484659814156,0.0059238813926383305
2019-04-02,0.00026246293346554594,0.00031427029544239815,0.00031080980444930795,-0.0008062148830918492,-0.000890920962415831,0.0010204953498391678,-0.0019421782276118904,-0.0007451728568632632
2019-04-03,0.005469229153108213,0.0075955528649556125,0.007620440006408824,0.00456198952791631,0.005650873352277985,0.003900214502744248,0.0001507533223494839,0.0034426387364183686
2019-04-04,0.0030159357236361206,-9.747595248066343e-05,-9.686290972688028e-05,0.0016222350836156973,0.0010935106630969305,-0.0013934397469536064,0.0031718023266740225,0.002548502799929464
2019-04-05,0.005420975925151783,0.005975087589767503,0.005999836284377613,0.005269103970884759,0.005952619902688472,0.006045648924160929,0.0037623468100087543,0.0051138968160675535
2019-04-08,0.0032103409819828066,0.0016423955776356802,0.0016031487696925861,0.0019074845106810123,0.0013234009004139402,0.003899310396683564,0.0022162222620039085,0.00253399202177218
2019-04-09,-0.007307645217931369,-0.003589306559680261,-0.0036048638969582436,-0.0025210168453965176,-0.003977717720293539,-0.003507590527269233,-0.0027931260394601365,-0.005321483589018738
2019-04-10,0.0012722368463731204,-0.0025078425868108045,-0.002479750560279048,-0.003400892366741015,-0.0018673722069437737,0.0012186645613103675,-0.0022646362288969435,-0.0003345005221383479
2019-04-11,-0.001066317740556988,-0.005762136724674516,-0.005777545691980968,-0.0035880132260941444,-0.0031906416481568556,-0.0016560976189711196,0.0017172056589902507,-0.00024072454289125744
2019-04-12,0.00027304746043488315,-0.0042899639022191405,-0.004305605079744312,-0.0048617313696597275,-0.0028572939197354374,0.0001701535236711127,0.003509729400030137,0.00035675325235962063
2019-04-15,-0.0022827548553823185,0.0052028680930114035,0.005183505312719161,0.0056478335702727644,0.0035106225191199325,0.0028246049360922676,0.0015973670828315356,-0.0003459992650394206
2019-04-16,0.00297865614880255,-0.004186064423088887,-0.004203262485225401,-0.0036557531371890217,-0.0023624622463311873,0.0004897501453953179,0.000535765454877879,0.0014442708939059745
2019-04-17,0.005637570209344744,-0.0012213226212884898,-0.00121452455269766,-0.0002898065206182743,0.0007114387513458276,0.004190255700674328,0.005751372940654198,0.005159256539308599
2019-04-18,0.0006641276111110095,0.005223534088845794,0.005239657565593303,0.0037014758970239647,0.0030773813724713772,0.0033046500957085723,-0.0003925466064204075,0.0003983465062347147
2019-04-22,0.004441705281015285,0.005151310564109446,0.005199100907519183,0.00378634843709702,0.004746911325057113,0.005058957985075274,0.0036256724191794376,0.00414969062903392
2019-04-23,0.005471655049730684,0.0036532651815002204,0.0038565426969074945,0.0027075334215778124,0.0054041227055399155,0.0063609203168382145,0.001246300754646823,0.0037894752462741543
2019-04-24,-0.007734628084592798,-0.003628131359641684,-0.0036871271481605516,-0.0035659172982501763,-0.0043856740991049525,-0.003889151590838802,-0.003883639855616461,-0.006414073390169861
2019-04-25,-0.000666534091451565,0.004342994409349821,0.0044252120042853615,0.00035976693252393055,0.0008978887634403243,0.005205515642374259,-0.00034216207479009775,-0.00016704950280355124
2019-04-26,0.003461628119741933,0.015603264399304706,0.01556943842631231,0.013011946541279684,0.010084529315476987,0.010870843782509576,0.006743863679083972,0.0051852814701693895
2019-04-29,0.0007641133988915971,-0.0035879183743691145,-0.0035586304335940566,-0.0025508010244292834,-0.00165014960736809,-0.002907142049677014,0.0001351214758562591,0.0002515879193742965
2019-04-30,0.004277197072810823,0.006037257832462561,0.005955158874171307,0.008829889151191539,0.006540027553005423,0.003730364217173321,0.009546287264782238,0.006331817463663736
2019-05-01,-0.006777466673225208,-0.01186831672818811,-0.011862571050480275,-0.010953580054434475,-0.009435813022779738,-0.0027889475703450906,-0.010117028311684262,-0.007624937614062244
2019-05-02,-0.0026980051346303657,-0.0019955719606761235,-0.0020361001215249974,-0.0011206755172066263,-0.0018111390109353254,-0.004738172818583131,-0.002402112612774121,-0.0029140432226523183
2019-05-03,0.008776549730189931,0.011753797750705619,0.011832989244337178,0.008140723857084087,0.008880958251792359,0.014039403330012634,0.004480849350386729,0.007257754386537751
2019-05-06,-0.00425494033413798,-0.007105292335561009,-0.007089924919667978,-0.005773399214392794,-0.004145776950651103,-0.004755429232059849,-0.0035715126506482564,-0.0036743567489035955
2019-05-07,-0.016352728902989444,-0.014275445896434369,-0.01426019196203665,-0.012757185563401996,-0.014333743715878033,-0.016498761781270965,-0.010756388879802015,-0.014012809652926284
2019-05-08,-0.0013107865221616555,-0.000491223953299369,-0.0005121429753711659,-0.0013726894125148936,-0.0009881268655012043,0.0001272994425316476,-0.002156538847136069,-0.001831177684951224
2019-05-09,-0.0038497115030626805,-0.005089653117686055,-0.005081068499916963,-0.004667044059607495,-0.004607547437528892,-0.00579707789965378,-0.0030054842524148695,-0.0029349565305800684
2019-05-10,0.007189476383148596,0.015556692435460429,0.015453510573924634,0.01526037985677875,0.013173418183987762,0.00681635747713627,0.013019619333705768,0.009592970778623533
2019-05-13,-0.0213648982018958,-0.010754597081501394,-0.010818979676864626,-0.007041881795146421,-0.011203341084571328,-0.023058442363443565,-0.004554812024151755,-0.014154472823164843
2019-05-14,0.006152789598002917,0.0037027064490606776,0.003719370204037009,0.003931882044780677,0.004092555572403178,0.0059682012161741405,0.0030013727657693945,0.004526810088567812
2019-05-15,0.003484605844939148,0.007102507661722379,0.007152418348638889,0.0055330978253480545,0.00479510971183128,0.009562836011666853,0.003973855092698209,0.003744015344024021
2019-05-16,0.009384027673648987,0.019059295365637885,0.019030420608781018,0.015421314354549409,0.014318493600542936,0.013347313687429807,0.010140786387984768,0.009733099202473783
2019-05-17,-0.004740086082741124,-0.003112370687802679,-0.003177238653841341,-0.0019141500056897298,-0.0014108318428930344,-0.005008859860915371,-0.00046651719026791216,-0.002365499579300767
2019-05-20,-0.005637143308406478,-0.006090716428425624,-0.0060716330604672075,-0.003917578577274816,-0.004775828100856305,-0.009165454063573275,-0.0011858685073554698,-0.0038219807203115908
2019-05-21,0.005899555467739015,0.0004131468975587804,0.00038717177397096236,-0.0004282794940977386,0.0025771514998114142,0.004155957044928771,-0.00042954967366581887,0.003447291614401049
2019-05-22,-0.002769421734756805,0.00570260529200306,0.005703712795929627,0.00691723299689162,0.004450153857670003,0.00044706423270612916,0.005431112298356577,0.0005856265230370639
2019-05-23,-0.01042084633695739,-0.00797884437870855,-0.007993377060446116,-0.00491438713906478,-0.006525188629470269,-0.010849102258927656,-0.0031353448370344816,-0.006858460654556642
2019-05-24,0.0026426988600285473,0.003289929681827175,0.003264263316219651,0.0024354836711577565,0.0027106998027204288,0.0018014191962407722,0.0017766015184594863,0.002362403178558292
2019-05-28,-0.01139042084095565,-0.009516664554959697,-0.009453569380570181,-0.01150162004359745,-0.010498213586449756,-0.006848528290771649,-0.013930769699866397,-0.012207023553712726
2019-05-29,-0.009396616193465213,-0.007794765049486507,-0.00780470862968663,-0.0075375378991214825,-0.008819196708213295,-0.009362935929054683,-0.009120328226698282,-0.0097660475751844
2019-05-30,0.0014033930495940261,0.003154149496348735,0.00315541614511039,0.0038138644106413544,0.003013807530291901,0.0039401190546835,0.003551698445006135,0.002327640158678923
2019-05-31,-0.013433562266595755,-0.012993035161788624,-0.013024881260033427,-0.010124621570165249,-0.010318778959884534,-0.01495999409421045,-0.008409667814602173,-0.011172100825771358
2019-06-03,-4.503852137327513e-05,-0.003869017470236047,-0.004089026660415995,0.0009530371421986317,0.0004650399016523643,-0.014710885291670195,0.008940595222411751,0.0032935051234888046
2019-06-04,0.02264805543020154,0.01609699532723141,0.016139548581086904,0.014198949930397609,0.015049754161653217,0.022154592586093313,0.012026813556898386,0.01792595167290223
2019-06-05,0.007803362910380418,0.015953073021216957,0.015902766126725476,0.015874236378679685,0.014636891136202923,0.012886110765841341,0.012660005605320768,0.010233970322456543
2019-06-06,0.01106104575184097,0.009586515493815506,0.009578133833818114,0.008643948026363812,0.009911020084481859,0.010786481503383794,0.009163568381949094,0.010509206249852632
2019-06-07,0.009893519264418504,0.01208459595689848,0.012148246820688602,0.008229060888831352,0.009270064048163773,0.018035245624066,0.002586259284689252,0.007470510501550454
2019-06-10,0.008432242872704832,0.005417133603189628,0.005516665233792795,0.0034923558195114612,0.0045081319985238455,0.010912244982711039,0.001718072050071795,0.0056376733576231075
2019-06-11,0.0019115365294963826,-0.0009463946343567509,-0.0009800126567310885,-0.0008530879419925697,-0.0011965865671240694,0.0014375403337423265,-0.0007248524041308935,0.0005735257858274778
2019-06-12,-0.0038433860648705576,0.000786357677938998,0.0007571213009247568,0.0010821120427526587,0.0015913374440637007,-0.0013205873971128268,0.0016550976463338696,-0.0009340545492251273
2019-06-13,0.0049997815831390735,0.0056348866586402035,0.005616090593495882,0.004595198733065908,0.0044896202989030964,0.004642080749486466,0.0034947719862727933,0.004304743602056016
2019-06-14,9.788731551219065e-05,0.003425751579118952,0.0034226421688339226,0.0038704879472744036,0.003780732078580762,0.0006028709670971022,0.0038392522683623476,0.0018827712468958424
2019-06-17,0.000579495061789892,-0.0007855451537228664,-0.0007442722390320622,-0.0022318752789638463,-0.0013200617946460547,0.0027408083531121896,-0.00232051662501076,-0.00042406260209026936
2019-06-18,0.011487926412872884,0.00388760976627589,0.003952626738904508,0.002224600326100834,0.004098070028838219,0.008896214725160112,0.0005951308158351765,0.007024375759190127
2019-06-19,0.0014366463260904183,0.0017828475298482527,0.0017987912072050527,0.002520085887600221,0.0019518314467004139,0.0026740269747300704,0.002951900244898331,0.0020381240235938236
2019-06-20,0.008434503567309237,0.005628026179959944,0.005579151381067016,0.005649210277397065,0.006109267319044376,0.007404680448141798,0.007545888058424266,0.007987576636023563
2019-06-21,-0.00013040222098659182,0.0004540788924380923,0.0004905933791705674,0.00018893310039236333,0.0005792479577297893,-0.0004885443568135583,0.0008965848727000569,0.0006704383094231492
2019-06-24,0.0007233302536173714,0.0034905409656005304,0.003440517952730149,0.003205484621165988,0.0021071478369818486,0.001024626698214126,0.001282565865438956,0.0011049210164146839
2019-06-25,-0.008578220471287201,-0.012959241993618087,-0.013003627968897424,-0.010807688010870842,-0.010219497284573165,-0.01434546253728397,-0.005960170766881712,-0.00760599560063524
2019-06-26,0.002352556762836855,-0.007123978119878305,-0.007045561077814844,-0.008423797536918687,-0.006546445953070967,0.0019535858353356694,-0.008329875092085937,-0.0025034581831056
2019-06-27,0.0024608341925620447,0.0025679123870034903,0.0025938230045614574,0.0025883874195455903,0.002174716509721897,0.0012390070571226541,0.0008343414486120526,0.0017239012482446192
2019-06-28,0.0037288378524036325,0.0016574110642488815,0.0016202799846030125,0.0028052485108271963,0.0016936376654637098,-0.0023744837673960184,0.003955884301631185,0.003243060569321221
2019-07-01,0.007778037434370777,0.008224546444314695,0.008233100026953544,0.007886429073291179,0.007137671347586583,0.008772094790540086,0.00595830933433783,0.006488479658241619
2019-07-02,0.00040846822612294886,0.007866867105251973,0.007879852374442775,0.007167418255564328,0.006383483663278122,0.00811143673954473,0.005442118212726665,0.002882389113485928
2019-07-03,0.00567412201393136,0.007981266332599102,0.007966125717328465,0.007342716037807895,0.006309658537524854,0.0076742263141398315,0.00720922533327828,0.0064330776963852365
2019-07-05,-0.0018211012813968974,-0.0038822712077057897,-0.0038710296663624355,-0.002630520851010787,-0.0019573621299019406,-0.0025525266763460897,-0.0016062628882719254,-0.0019100705552139718
2019-07-08,-0.0018947070704052882,0.0026639938831909404,0.0026573961446434424,0.0019370474471600563,0.0013827557631509446,0.00016178860963833586,0.0016464337712098764,-0.00025822456447133213
2019-07-09,-0.00036411343728648404,-0.0025177100232286476,-0.0024744709873962822,-0.003989356350053486,-0.0026780079458662565,0.0003698492757575611,-0.003932587835064338,-0.001709731354367361
2019-07-10,0.005000104953529982,0.006813965899583829,0.0068520377839471625,0.005817596493594035,0.006079568296305071,0.00846281675574323,0.004836588288304577,0.004885590213090207
2019-07-11,0.009607852725404875,0.004102594522774616,0.004057937127216027,0.006061694442322851,0.007790791008786435,0.002803908229258578,0.007625480290966324,0.008384370083243775
2019-07-12,0.005400277901564721,0.003492795607539678,0.0034644096211089437,0.0035645782168221007,0.0040262149938714575,0.0011955280987421268,0.0012962482786742502,0.0030094584778601607
2019-07-15,-9.416320505550857e-07,0.0016223298961002275,0.0016240196270329577,0.00027227499392612486,0.0004887724621289724,0.0027949453440294647,-0.0013038276808828853,-0.00010579710442182311
2019-07-16,-0.0034574536431771774,-0.005204290417290425,-0.005198091889566103,-0.002982148175927901,-0.003994978966030405,-0.005879587862457791,-0.0017349186693306207,-0.003373048109351351
2019-07-17,-0.003584599870835592,-0.0016408119960481526,-0.0016439232759160038,-0.0008082040536451229,-0.0009374305064369093,-0.001934266100861226,-0.00022768889070767795,-0.002157388574149377
2019-07-18,9.330944904761829e-05,0.0036091897284258323,0.0036086907206631658,0.003148328092238417,0.001810182193276777,0.0017861197062292167,0.0013044907103609837,0.000946383277452334
2019-07-19,-0.005533981510873476,-0.004597212428262276,-0.004598502112808656,-0.006265463674412164,-0.00668674369969291,-0.007096278178157278,-0.008441707967247858,-0.006625727586532348
2019-07-22,0.0026397747819120188,0.003705026770029818,0.003742930259682309,0.002123051443104318,0.0021885483017973772,0.006209805684782355,-0.0006342889300353649,0.0010511082427402396
2019-07-23,0.0112103544561315,0.0012293483653125215,0.0012246637755750633,0.007447324542903422,0.006402025848011528,0.0033307435868028534,0.012203394968011594,0.00999724519929246
2019-07-24,-0.0013413611209724952,-0.0004957561910198249,-0.0005044173298955901,-0.0009204722227356132,-0.0008838187775058737,0.00077733172090233,-0.0008891621849421716,-0.0007620996674604363
2019-07-25,-0.00642043740163134,-0.006933927373223181,-0.006968813018635611,-0.0073699802722067,-0.007794544397455416,-0.007329442470553782,-0.007287893393254308,-0.0063617473388351
2019-07-26,0.003958569070316109,0.006418616116070197,0.0063781061624781366,0.008803459502060962,0.006852523780004116,0.004673531740984727,0.009511802743028763,0.005640945332920033
2019-07-29,0.0023385371308208835,0.0013158620856001946,0.0012761861174099831,0.0023999335011044565,0.001987149792712195,0.0014123868048590005,0.004382616037824416,0.003595431789875647
2019-07-30,-0.001010038235520705,0.0007529827170311698,0.0007461502462926539,0.0017593156057227333,-0.0008283571038107951,-0.0006962722282926048,0.002164969986072629,-0.00040251511359257197
2019-07-31,-0.014380068578394134,-0.020225457724769358,-0.020220387222334546,-0.01757097328293089,-0.016928689757436333,-0.015542771669173283,-0.013621022737988597,-0.014059497639908436
2019-08-01,-0.012422521478463455,0.0012793895568774527,0.001192634199078002,-0.002386636593264879,-0.002788811528977253,-0.0014190141154328817,-0.00851826938381961,-0.009541284615701473
2019-08-02,-0.006631954186237188,-0.004892096897537557,-0.004907445503790742,-0.002216077847825515,-0.0037163387372837198,-0.00784127390952305,0.0007375069148414237,-0.0037744716192747996
2019-08-05,-0.02562388568674112,-0.022112044727677027,-0.022172800940346127,-0.02157926464166704,-0.021755713702542034,-0.024805130060622793,-0.01980162961909193,-0.02255222408825941
2019-08-06,0.01082085094380747,0.011882185322792171,0.011874122177957913,0.011702383073650235,0.011428901089741705,0.01207925862416337,0.011239537394270638,0.011056423837522589
2019-08-07,0.000996387341129612,0.005211438152744607,0.005149461264315702,0.0045273377283594485,0.003960775439123765,0.007081547630215956,0.002809975785029284,0.0020174699886088554
2019-08-08,0.017051952135734627,0.017009131736486216,0.01703428775123772,0.015685401178255454,0.01634253955678,0.017994676131258824,0.014782672528769414,0.01585880817410623
2019-08-09,-0.007085280286521889,-0.004313240799888596,-0.004318564211973963,-0.003295673903453533,-0.003748624061247985,-0.005497913368249896,-0.0029875513766719486,-0.004921304561551709
2019-08-12,-0.010874929188725124,-0.008398910472795174,-0.008433802621358732,-0.008497267167116074,-0.008725196963430881,-0.0071462128943543535,-0.00777049645487804,-0.009374104457743337
2019-08-13,0.015093945481830184,0.009684978726624216,0.009769465794945864,0.009068321244893651,0.010998903647465808,0.015787643519253436,0.008750380375540212,0.0122646848110044
2019-08-14,-0.028979923246355788,-0.022856667478178272,-0.022881131327334048,-0.020961511565366298,-0.022915811765085503,-0.023443990631259126,-0.020056483926577884,-0.025038309273001658
2019-08-15,0.0026554436203407583,0.00595213980355469,0.0059750262222049155,0.007552827947056695,0.0060152128660153625,0.005343905485987843,0.007717369653235773,0.004537506007095793
2019-08-16,0.015227599687848592,0.01116317806708711,0.011208651145459214,0.01151646476495194,0.010945660559059656,0.012517559548774537,0.010451371585738611,0.012262617607684323
2019-08-19,0.01392468187716367,0.011262068554057425,0.011228409475732004,0.009785634272326815,0.009986301505182427,0.010994159542715431,0.008264835002592674,0.011190555158320903
2019-08-20,-0.006213202217615232,0.0017629859260890335,0.0014917149411444175,-0.00199606364572813,-0.002852822344789563,-0.006476095589743158,-0.007273705299397526,-0.005820471690820339
2019-08-21,0.008758459544668806,0.009049238258297176,0.009012447745059937,0.00758798530446847,0.008314720523833419,0.008783358739410607,0.006487730157061167,0.008051424342392144
2019-08-22,-0.0017368226669649545,-0.0020376378991850963,-0.002036914622894459,0.00022243231023622023,-0.0019471801691286483,-0.0034625350186238135,0.001677586780292506,-0.0009419486558910339
2019-08-23,-0.024793131150084635,-0.01685617133434847,-0.016930895251238143,-0.015665147192305384,-0.017211744476015145,-0.023084385108648853,-0.015424263413273187,-0.02042530644405538
2019-08-26,0.010144581150178578,0.010343146021481564,0.010374141030637718,0.010700606331168983,0.00999345700298826,0.01242328844413243,0.01015896929286253,0.009890452926087479
2019-08-27,-0.004714255409693946,0.001981237625956034,0.0019474767379781266,0.0013270296921901181,-0.0008758002765382189,0.0008035075158348004,-0.00035423227311992544,-0.0026016862293564147
2019-08-28,0.0055661939423352624,0.003002370256761644,0.0029503942334108135,0.003867191102910228,0.0037682494945248113,0.0008135177766483981,0.00452048324480514,0.004646124794517537
2019-08-29,0.013234477364559627,0.010606958444219439,0.010574846040087182,0.008759496905640596,0.009661096792643376,0.009001659233576653,0.005353640513861668,0.009779404725235308
2019-08-30,0.001528974806426886,-0.0021536178638157377,-0.0021848228517804547,-0.0018634780797754935,-0.0011128828261699475,-0.002915253266333351,-0.0013462542701754288,0.0002154430064726931
2019-09-03,-0.00608530325246448,0.001449295553794805,0.0014940394126337075,0.002970711800258652,0.001701315301466666,0.0022000730887925535,0.004408769213443353,-0.0013960819240136368
2019-09-04,0.008384170767362198,0.006024660801072335,0.005974842300541239,0.00590703290764738,0.005485993770538267,0.005940207271596831,0.004902026134760318,0.006300241658413475
2019-09-05,0.013374212680432152,0.00278741452516873,0.002764732355911681,-0.0003469085334328881,0.002706268892176844,0.005520268415376339,-0.0016916109377671518,0.0066682705538145814
2019-09-06,0.0014070722462757868,0.0029680447923277065,0.0029194080804451072,0.003374425623424493,0.0025839130765057394,-0.0008560678597603344,0.002808394044543361,0.0019678071952509146
2019-09-09,0.004294976978570952,-0.005534536157376646,-0.00560342013288917,-0.006088243521708558,-0.0031644502373739947,-0.005385574008550442,-0.0003675979024112541,0.0021858189578709553
2019-09-10,0.006095307609900402,-0.007349911970374268,-0.0072566345856123204,-0.0065283573916256055,-0.0037840319242623544,-0.003952399686399932,0.0005842205237287512,0.0038217082524099055
2019-09-11,0.007454525209530161,0.005371516569579127,0.005343498079363629,0.006039928027481212,0.00600748352439151,0.009191225365480449,0.0063274492274461025,0.007336851282860879
2019-09-12,0.003025903536064245,0.009526577396340885,0.009505281469374127,0.009114271417304698,0.007677744264003028,0.0066010727424050675,0.004431287181749788,0.0034231557193018514
2019-09-13,0.0010893821315653973,-0.003206115252011421,-0.0032330693373459063,-0.0037706910351720246,-0.0021368639108595433,-0.004534128452717834,8.478678343726287e-05,0.00021427585684441475
2019-09-16,-0.005072143569353815,-0.011457304871654528,-0.011379898223320306,-0.010811164024762565,-0.009013641658137228,-0.008484250556585082,-0.004810869222990344,-0.00479555328369452
2019-09-17,0.002328561911130622,0.009916028564639134,0.009906805343107727,0.009733168322394015,0.008309040203069218,0.009356117803563047,0.005252364220560857,0.003908829082290843
2019-09-18,0.001537819501689297,0.004150527414447547,0.004116502283030732,0.0036609647819141333,0.0037306555518263895,0.0039654671755811055,0.003050735942946581,0.0022952939096776426
2019-09-19,-0.0012343807413781605,0.0044838093783461375,0.00453368000205856,0.004063017017574833,0.0033974194906847277,0.005417003937537412,0.0015117546776224344,-3.086279588582208e-05
2019-09-20,-0.006183038649017147,-0.005162802715763082,-0.005262627866084335,-0.005020195190335364,-0.004842848154048562,-0.005419141447481124,-0.0013567193904661101,-0.003927803620429771
2019-09-23,0.0008438674773176835,0.0014668516811586763,0.0013992986700033239,0.001930075145057275,0.0008386603155379202,-0.0008090321254365929,0.0012032190477149207,0.0006788463754263674
2019-09-24,-0.009332538121714529,-0.0023590143324146995,-0.002438690400438537,-0.0007690079186259968,-0.0030707969996399687,-0.0057660426514756224,-0.0009435462126591299,-0.005759713013831602
2019-09-25,0.006051907122928135,0.006151596260263181,0.006189547127054773,0.004437707717035888,0.005006780454433146,0.006692527150740091,0.0002488680800580845,0.0038599181475458266
2019-09-26,-0.005547890547582313,0.004990057203286824,0.0048641252243175614,0.005301290027154293,0.0015950713091525959,-0.0018080541761574809,-0.0008464109593766533,-0.003554568247158163
2019-09-27,-0.0037772492639801536,-0.003518965881700087,-0.003573596925764644,-0.0026430596335221823,-0.003058373984574314,-0.005094713839084997,-0.00021512068761553316,-0.002416054966858261
2019-09-30,0.004575141224817836,0.006683948257367955,0.0067043037503728975,0.005969900156765462,0.006205789851560617,0.008516885065222635,0.0025467314950105013,0.004143012533600388
2019-10-01,-0.00997301463580258,-0.007394888529137944,-0.007403118078868287,-0.007273009110364548,-0.007443732279228232,-0.0037404339812676657,-0.00683348421114105,-0.008769472903554676
2019-10-02,-0.017351675755403084,-0.0197830752287802,-0.019741544638324338,-0.020517244674705837,-0.019421743468700958,-0.01752185791787675,-0.018505047134954933,-0.017321987884502787
2019-10-03,0.006855265773775487,0.007301020935922331,0.007288852139579971,0.006949865706730174,0.006535343922692505,0.007696987528746035,0.005174227626214556,0.005616238327091683
2019-10-04,0.013863612447245766,0.012755600347132523,0.012755239017274267,0.013573690488278833,0.013617920050769117,0.01562772816738467,0.015283759479398196,0.014406603298140919
2019-10-07,-0.002660133382537899,-0.005123945974791488,-0.005103146793457913,-0.0053305889893185965,-0.004281965816061883,-0.00591340755999914,-0.005851598907237743,-0.00374086335649515
2019-10-08,-0.014863475412517424,-0.01145647627004065,-0.01150203772137992,-0.011872816766175576,-0.01230142828229086,-0.011794095159047169,-0.012353728003419495,-0.013471382592830539
2019-10-09,0.00905923661326935,0.012718974909499137,0.01272906497671178,0.011719189636306249,0.011730312228981354,0.010253028380567297,0.007513603137034863,0.008528207676514965
2019-10-10,0.008767631715921098,0.0032476601796902482,0.0032360574137668685,0.003261496794072727,0.004083925873640704,0.0018267168541514778,0.0029556701975566035,0.006315470433972736
2019-10-11,0.011219651318908008,0.0005352149247197513,0.0005486660834290724,0.0003973012588471825,0.002388208852241558,0.0033983003199633544,0.0011903217780346864,0.007288029319620248
2019-10-14,-0.001197975905955051,-0.003444286708610411,-0.0034356092187091125,-0.0032274475322460194,-0.0028421383605098383,-0.0018149712142022656,-0.002348314465764445,-0.0018160118615578869
2019-10-15,0.014907068975736903,0.0009568323786468547,0.0009985852487015556,0.0014186264353384104,0.004735054099590741,0.0029328792482024024,0.006526595381514788,0.010640906872851241
2019-10-16,-0.001084031429064991,0.0023098318236765003,0.002328645967959897,0.0023754646224407594,0.002124885050265979,0.0014042236336497815,0.0016274761727268494,0.0006222290861346291
2019-10-17,0.004445267226264038,0.00105036540813086,0.001052070190362464,0.0017513092220933224,0.002659079166448919,0.002221493748843173,0.004898705954162974,0.0045596069871587375
2019-10-18,-0.005498253694908306,0.00010504049322834774,1.2797696709032635e-05,0.002635375024181208,0.0004985762672260474,-0.005091084807244184,0.0008355892628124639,-0.0035461790527171466
2019-10-21,0.009040961611543885,0.003329870922508027,0.003403542898060996,0.0035465871473663313,0.004729369384590454,0.007707300416117668,0.00480792659947471,0.006848427246524569
2019-10-22,0.003631263111077976,0.002031072782879173,0.0019979768715177038,0.0035829243485587803,0.003063170053817288,0.00047400286713905615,0.008717553854252547,0.0056452655996415135
2019-10-23,0.004201264123805615,0.0033314524743843776,0.0033241092452971355,0.004138237937635569,0.00353597266525818,0.005723601704492376,0.004791680477450377,0.00418516988898765
2019-10-24,-0.00028545500060239704,0.007929578042278562,0.0079672512763993,0.006442704482117145,0.005331046941291495,0.0074718295831215364,-4.342022389325351e-05,-0.00016462483480628176
2019-10-25,0.0075061597334165064,-0.0028307812190841997,-0.0028391469087094556,-0.0032005093038968147,-0.0013457946221234751,-0.002325258605316738,-0.002582415636513624,0.0037479818197614367
2019-10-28,0.005412886913429338,0.004809555335999249,0.004826917488072846,0.002899587852896124,0.003314632909905413,0.005299065566098271,-0.0018773175681148224,0.0025121722960634862
2019-10-29,-0.0025857741541949197,-0.0034220963116627923,-0.0034185740675206633,-0.0026234272714338314,-0.0029274685727277427,-0.007178281082695692,-0.00013925540722037333,-0.0016530117774576913
2019-10-30,0.0034651220741122035,0.009968938906363078,0.009967119828389048,0.008867525390342523,0.008015029217165459,0.009887308210155599,0.006507816836120783,0.005092837667949546
2019-10-31,-0.0029855242252598835,-0.0006655068515695195,-0.0006747208863188137,0.00012060289066506691,0.0003415999739735387,0.0032864876917357844,0.0012075159173408068,-0.0010281717747666619
2019-11-01,0.009238426747930184,-2.11034724771908e-05,5.3639238892788654e-06,-8.152868019772885e-05,0.0007213506121803714,0.0026509595021295684,-0.00054151094927124,0.005251110096055722
2019-11-04,0.005190269321851071,-0.013423155142032628,-0.013330723328289884,-0.013937700967058153,-0.010008387355202153,-0.007789825419941221,-0.008351355542332461,-0.000807637957468077
2019-11-05,-0.0020171190620195123,-0.006000721666054476,-0.0059472274366856315,-0.0061503004978107345,-0.005240265596510363,-0.0039349536528622275,-0.0040236311152261894,-0.0029412950442671004
2019-11-06,-0.0015965130911506087,0.004431253867477114,0.004380648990049751,0.004900564464764612,0.0033557506073345067,0.001970476229249174,0.0018677476490476241,-0.0003105675585970413
2019-11-07,0.005453637354114749,-0.005112848705360773,-0.005077672516591081,-0.005214401011429115,-0.0029242846018042723,-0.003077768436690831,-0.0014218791819842203,0.002554854439439369
2019-11-08,0.00011581497024670817,0.0017684144739478214,0.0017720006032204694,0.0008415114333262252,0.0010149629493807488,0.0025640559117496853,-0.00122323302784344,-0.00045063712538051526
2019-11-11,-0.0039036370613018123,-0.0017543506412782683,-0.0017415760972380179,-0.002514544136319241,-0.00257311953476691,-0.0015617772019457243,-0.004382477320833078,-0.003968280828295145
2019-11-12,0.0009742164349457738,0.004610359838767897,0.004595934801921997,0.0031005822360559154,0.0035858092189569035,0.0016268997818535968,-0.000262051365788607,0.0009240034483684045
2019-11-13,0.001565023656097786,0.010113862262524975,0.010046008088169245,0.009989143681242929,0.008161137026029719,0.005563044300376463,0.008073448196867616,0.00449047354041654
2019-11-14,0.0012695578652990314,0.00426588441878506,0.004218421551086093,0.003922672049542442,0.003773553506575711,0.001584331997704691,0.0027334184315834786,0.0019602103111791003
2019-11-15,0.007597978589128251,0.005524436469158456,0.005504588810056221,0.005096370280526008,0.007032337854154802,0.005978474514228838,0.008855200208557124,0.008524801294512274
2019-11-18,0.003569715671721596,0.005023537710703074,0.005022143632169795,0.005649124588220866,0.005414488429729358,0.005466303749386947,0.0033729206448396276,0.002992429448315903
2019-11-19,-0.006947201837539718,-0.011076586572369984,-0.010824360192834281,-0.008361259691887724,-0.00692136859254211,-0.0004903563550967549,-0.004092770458720141,-0.005765983174149558
2019-11-20,-0.0008992826482208116,-0.0015539964895011638,-0.0014911659325523852,-0.0005747803394048345,-3.3556887998886786e-05,0.0002822861355100681,0.003266537556519955,0.0006513134398293818
2019-11-21,0.0009023638958496338,-0.005832965797864409,-0.005809498201516994,-0.005348178496382361,-0.004028079404333473,-0.004412814832220668,-0.0005159438820926399,0.0004099886509456585
2019-11-22,0.0013558071672343797,-0.0023020359273024926,-0.002273770341687742,-0.00163576356092765,-0.0013171003099934353,0.0008268292610449368,3.932040978238405e-05,0.00046244914378013036
2019-11-25,0.009529113653654386,0.003901834064594434,0.0039770322587080464,0.0034453916609200608,0.005369056931452398,0.007826839329804436,0.0019675324182901743,0.00625209314021169
2019-11-26,0.0010062251845852632,0.008264359238589591,0.008234007613560301,0.008293147650713317,0.006440640874588732,0.006941672881587868,0.0059949514979642515,0.0030496343499706313
2019-11-27,0.003004287088999469,0.0019686832782979113,0.001987694671136353,0.001452288283706915,0.0018775380921316476,0.003837431541683589,0.00043767469319067054,0.001993738704119341
2019-11-29,-0.003984039943825013,-0.002454206120416691,-0.0024381899971825938,-0.0017374687203235428,-0.002072936665507341,-0.002894204743513429,-0.0016136139996393295,-0.002908657845990037
2019-12-02,-0.00846050487942751,-0.005736359606191455,-0.0057994147308957356,-0.004412528466656074,-0.006684571764213665,-0.00965759840693825,-0.002120744689594889,-0.006612419624949628
2019-12-03,-0.007552543192540284,-0.0020479568314532015,-0.0020572007731542996,-0.0014428637665335753,-0.002572767397869602,-0.0056047549912221495,-0.0023469127968632764,-0.0053973996085472375
2019-12-04,0.008742705981609866,0.009635525688427071,0.009597504075623098,0.010005872880739286,0.008707500710646077,0.005055741185918894,0.011158754263024928,0.0093864361969338
2019-12-05,0.0012591774970587277,0.0029017262458470583,0.0029418152178533052,0.0023328914647975374,0.0017666631055319737,-0.0005666751440427387,0.0006588142674450737,0.0011641707742711116
2019-12-06,0.010183006995575505,0.005925203046151628,0.0059216834719573175,0.005005607581830329,0.0050539826104385455,0.007330536003681498,0.005152083090637527,0.00804096447336411
2019-12-09,-0.0024453738555394455,-0.002268474934297382,-0.002286693241384974,-0.0020985309750053416,-0.0014240478932959766,-0.0009312301638557674,-0.00159004499970683,-0.0020437054704696145
2019-12-10,-0.0007182860501458999,-0.0012315318720274027,-0.001207404101260634,-0.0016483507409353892,-0.0014299781460026528,-0.0016896549110136938,-0.002144149099971404,-0.0012054150251409324
2019-12-11,0.002069442967130408,0.003885159518558501,0.003918974906486072,0.003560814972230819,0.0025807315864947444,0.0023507956116954887,0.0013957970749838289,0.0019238208002327895
2019-12-12,0.011991429213946914,0.006162978236113004,0.006123822975201643,0.006406007865568997,0.005818882305903328,0.004081103664331787,0.006734721571639568,0.008899603768708575
2019-12-13,0.0008571008725206664,0.00612580478980429,0.006173881264275316,0.005430542659641269,0.005733736947649337,0.007301645642009413,0.0025494025937948805,0.002198171686230932
2019-12-16,0.0075888721811567805,0.006595311870989606,0.00666191927262183,0.005927386324551254,0.007022636239683022,0.007123902057400988,0.006141379062706509,0.007467724415580523
2019-12-17,0.003303202820339246,-0.0005283540961820155,-0.0005521593541861769,-0.0003865963002381845,0.0006046964641885921,0.003057169714626884,0.0012772077251488323,0.0024999386865269813
2019-12-18,-0.0010175979372523125,-0.0033734124291801004,-0.0033509807830885974,-0.0036215097968125276,-0.002692735817045766,-0.0026076234078181715,-0.0028253856399738098,-0.0015233388325249786
2019-12-19,0.0038471991349089407,0.004123085561578588,0.004139404360712584,0.004172183387389561,0.004765779664340775,0.0058536880855346585,0.0037898356540437828,0.003687852234825595
2019-12-20,0.005918129036483366,0.005950130485675498,0.00592835864922181,0.006189299312970187,0.00586194625555847,0.00455789132595763,0.006572284995752797,0.006043325503610086
2019-12-23,0.0009052307317387598,-0.0025022730549957295,-0.002453305967383912,-0.00319330816745933,-0.0029832122347037693,-0.0007950749366868459,-0.003021956544978055,-0.0010454975253568755
2019-12-24,-1.5465726269647817e-06,0.001902081825173374,0.0018999633509098057,0.001674825591268192,0.0018513512953000077,0.0015695209103290253,0.0009253479756561322,0.0006713457757909769
2019-12-26,0.007461677086985752,0.006912379464366847,0.0069253392399266644,0.006204330710743333,0.006839504171212596,0.01428317533265,0.004157822654837995,0.006331023339168684
2019-12-27,-0.00036281816773309217,0.0026585821310181057,0.0026415644809920646,0.002970910384643144,0.0018665779306734631,0.0009795261196898775,0.0019645214919710163,0.0005256064696843588
2019-12-30,-0.006341621709375134,-0.005814944622159146,-0.0058040220928161634,-0.0059848689090821194,-0.006416852591316191,-0.007622876747352736,-0.005276031251794877,-0.005878683213712654
2019-12-31,0.0039546760524296065,0.0034719636988838065,0.0034781466914415304,0.0032796820188467635,0.003548060025192701,0.0032664984919570372,0.003551125122810639,0.0037018197613158943
2020-01-02,0.007536781730664632,0.0008644091710523494,0.0008803601104019343,-0.0014763563829230941,0.0004867197409452739,0.012566788426854547,-0.0031736876631618394,0.003008381115656489
2020-01-03,-0.009818181828233796,-0.00725859894414016,-0.007288611990625915,-0.007111299586047393,-0.007635997478185219,-0.009937794737392869,-0.005561910847927232,-0.007745877107144361
2020-01-06,0.003467124836226354,0.002814917432650388,0.0028226256377088532,0.0022431216583078672,0.0029985946982800105,0.0054547977506853584,0.0016622231224465711,0.003101961704146561
2020-01-07,-0.003951788210209695,-0.0055864869272617135,-0.005584821354881586,-0.006147468795475786,-0.004874265790976717,-0.004698969805154274,-0.0057597761294846395,-0.004132382491792486
2020-01-08,0.004959816403055761,0.008398284660496413,0.008440824599592833,0.007406210374704125,0.007001602050472178,0.005716460113894595,0.002178460662509929,0.004101929483660172
2020-01-09,0.00841981882385645,0.011940608529209307,0.011882832467516646,0.010698373002848705,0.009572749842984951,0.009605074519065893,0.00838195781815032,0.008523391313700612
2020-01-10,-0.0025074369990055745,1.6576504533016845e-05,2.499729265803552e-06,-0.00015286486074606032,-0.0007519478644657518,-0.003565056233231445,-0.001251047960256435,-0.0018510329647875023
2020-01-13,0.007496225815794233,0.011185310428117656,0.01112108435384962,0.00928464627381076,0.008092888116533414,0.007765576743675728,0.006211398636582821,0.007011031220787389
2020-01-14,-0.0029782287835397048,-0.0028897761853095005,-0.0028672249074879197,-0.0008629440329036564,-0.001435735280118422,-0.005405936490751939,0.0014440605533636575,-0.0012991127056665164
2020-01-15,0.0029814363525424437,0.007514634490684902,0.007509206464779261,0.007838892109208517,0.007396802383146994,0.0025224854700360844,0.007561554524261327,0.005401195380892343
2020-01-16,0.009376240549930026,0.007651324188006292,0.007676143746811359,0.0063761092426508625,0.007532954295745853,0.01028655762254016,0.004332411520195256,0.007722054081204632
2020-01-17,0.002266727344327535,0.0049797500820232266,0.0049716077129158265,0.004219291597674202,0.0037119591593697265,0.0025017490866383607,0.0023877332872219714,0.002452447641870803
2020-01-21,-0.003466089376684023,-0.00014799641656138007,-0.00016739226639539417,0.00033426133680136694,0.0011322211220701206,-0.0005527688665821762,0.00023526068971158054,-0.0014829939947167414
2020-01-22,-0.0005263160872719386,0.002851155783521353,0.00282392984558677,0.0032259939418259886,0.0025588290378251166,-0.001048102261113626,0.002840170738764858,0.0009788883471908427
2020-01-23,0.00034257437965012905,0.001034309487004892,0.0010105797767376856,0.00036258157850355133,0.00042485001802239353,0.0012506283057789336,-0.0002637587508687034,-2.741744625633924e-05
2020-01-24,-0.007695408025618966,-0.0012092178180803659,-0.0012535797898196588,-0.0023193762270636853,-0.003092997639814299,-0.007930621873520005,-0.002805200184644696,-0.004801685003085088
2020-01-27,-0.014965022381488224,-0.007804696877426132,-0.007863307954410814,-0.0061717510060850245,-0.007890804104951132,-0.015389646306063764,-0.003290058102298876,-0.009882891924111736
2020-01-28,0.010784101266261725,0.00907105897025362,0.009134032199212827,0.006801536132006625,0.008102031134654464,0.01357545108940128,0.001999741181223813,0.007275950327642056
2020-01-29,-0.0006190253135242019,0.004654198906136164,0.004640311776513917,0.002034334576894059,0.001899659882609983,0.005301852817863439,-0.0020161538536562773,-0.0008381095706344599
2020-01-30,0.0077791629904426784,0.013889333078720423,0.013790703517634118,0.01429618734728244,0.011891500843364433,0.00945274879538438,0.012814359180096657,0.009415703688669508
2020-01-31,-0.018120536483321126,-0.017575046472216527,-0.01763566872842237,-0.01625358198525395,-0.013084487728201033,-0.006742120989220446,-0.016129571680451038,-0.016737317988597677
2020-02-03,0.004302982835296509,0.007029155200442672,0.006985302019633544,0.0066083163736188055,0.006743616060413515,0.003403229763726534,0.0021212795779155247,0.00322066762954476
2020-02-04,0.014725603071091165,0.013364754715385008,0.013358391073684084,0.013328134054922725,0.013108457321083122,0.018703266573899313,0.00477463862130878,0.01050117969931863
2020-02-05,0.01649944746931009,0.0061453545274432475,0.006152909810066554,0.006429452689431292,0.009368050295843311,0.011075510005066569,0.015224249644893106,0.01570168630708335
2020-02-06,0.0012331999743291355,0.007926706177463938,0.007921566387660839,0.007893573699242484,0.005873488482100786,0.004777530685178055,-7.566281284454579e-05,0.0009016233648726502
2020-02-07,-0.006820613623160332,-0.0034372967904362506,-0.0034356034554718917,-0.0031787475246518593,-0.0032114928967895695,-0.003023364408246132,-0.003072051681419219,-0.005324898518757726
2020-02-10,0.008853688053022335,0.009516177662962422,0.009501000601222831,0.009516557378151713,0.009182402331246564,0.01131115230300761,0.004441529802000188,0.006958895121473629
2020-02-11,0.0023200012515049995,-0.008252511991607148,-0.008244568580890954,-0.00832062465733674,-0.00484648161383372,-0.0016680972999100208,0.0005704848051184541,0.0013522153284746263
2020-02-12,0.008079228370022395,0.0017586613728295397,0.001766289960926093,0.0018758366874167542,0.003016837657072724,0.007566862549950537,0.0006436492005961192,0.005131264696815352
2020-02-13,0.0006387435147532372,0.006025796941073747,0.006001071716583706,0.005500116622331852,0.005035220720321476,-0.0023675442314287087,0.0053207074128200915,0.0031464355408603595
2020-02-14,0.005157849039375995,0.0071146477073256165,0.007098441548505807,0.006861783933162613,0.00606999127519936,0.0003787701052890835,0.003886030187343792,0.004345010791176218
2020-02-18,-0.0011773260357003101,-0.0014040166499579287,-0.0014418669726518063,-0.0014362331161926756,0.00023310367984219482,-0.0012070746571599678,-0.0021218364891792962,-0.0010239994826697352
2020-02-19,0.007866249815331017,-0.0011015077745460955,-0.0010731936098803407,-0.0007356343630509077,-0.0003253695528072642,0.004948320241231041,-0.0015570510677553884,0.002526475908471326
2020-02-20,-0.0051041074142749165,-0.00188396877744057,-0.0018735407504447688,-0.0018673706263188095,-0.0018627244449379576,-0.006601532876268301,0.0010986360630504954,-0.0025233869731298153
2020-02-21,-0.0112567879159724,-0.00951667420010649,-0.009509775752882033,-0.00947359488505306,-0.00902289608037432,-0.014904153779809914,-0.0005785269902381929,-0.007007871379114072
2020-02-24,-0.038173186259080394,-0.03099020383263329,-0.03098179868668427,-0.031205543082699405,-0.03262632772694152,-0.038831318224014644,-0.028253475261459493,-0.03366798596179743
2020-02-25,-0.027582888597465494,-0.020693191520205323,-0.02070498670685439,-0.02068548884263388,-0.022296485599577087,-0.02394035942276629,-0.022694013563440918,-0.024997025940632023
2020-02-26,-0.0017001174167473598,0.002333015589649712,0.0023276309047290944,0.0021327509308914916,0.0012622498484835543,0.0007328785518585512,-0.006242065184695278,-0.003446291246175792
2020-02-27,-0.047952120497325,-0.055051596873167075,-0.05504896035902829,-0.05504582652063572,-0.051591685910094554,-0.05239113296558917,-0.04476984390813199,-0.04697555282530641
2020-02-28,-0.0032770549877068067,-0.004951256421887207,-0.004992366748753585,-0.004939212310543617,-0.006854936555266922,-0.0017376847752331726,-0.016957850311565825,-0.008181553363517668
2020-03-02,0.04925001803203233,0.06150933343580611,0.061537266759899234,0.05937666394326446,0.05743997254315314,0.0560482360758463,0.04992718904033211,0.050650941560864915
2020-03-03,-0.02636040446685839,-0.020178882862869618,-0.02017072022030486,-0.018977715427944797,-0.020569119027921134,-0.029033722173831045,-0.017005695897647666,-0.022960671975901348
2020-03-04,0.04842060345427601,0.050864255653320534,0.050873187470673376,0.051424683028547635,0.05334507288502377,0.04582643753539939,0.05356641200673051,0.05071329489711096
2020-03-05,-0.031047598323004744,-0.028145073744448856,-0.02812472989708803,-0.027900257670263162,-0.02732842991128126,-0.028818494611968837,-0.02681997301214545,-0.029305379755400707
2020-03-06,-0.02062000947439868,-0.018099061390585813,-0.018084106549103418,-0.01890183292326897,-0.01755439556444216,-0.018894368892156788,-0.0189374823200692,-0.019591128483657072
2020-03-09,-0.08124076740670783,-0.059697557006420765,-0.059690362762141125,-0.05971959131006088,-0.05908313825186029,-0.07108503381848486,-0.06904545221600933,-0.07448760822062206
2020-03-10,0.044021025106864675,0.03460325048232171,0.03468452535404998,0.03420442591925066,0.033497168639451846,0.051887605731083086,0.030481246243835525,0.03588482692232242
2020-03-11,-0.04365353948203232,-0.04666951626856908,-0.04672273764498791,-0.047262791201945764,-0.04665337966816285,-0.0422993002260893,-0.04674370862645172,-0.04519070589279739
2020-03-12,-0.09621127735913093,-0.1017763180522786,-0.10179602391249298,-0.10200650322644333,-0.09969852833029647,-0.09265464813513491,-0.09603005965003297,-0.09802534856264455
2020-03-13,0.09753691786386498,0.0997671396973554,0.0997096921291265,0.09782516588751577,0.09493626936087907,0.10006013825650828,0.08023429303262075,0.09086137532394511
2020-03-16,-0.11596825692350698,-0.09818077169060213,-0.09832639815965005,-0.10101551615350046,-0.10144003099717658,-0.11155050797139665,-0.09989619977640118,-0.10832462693264278
2020-03-17,0.06443338623700234,0.07123739686819341,0.07126604773984879,0.07171255889761996,0.07305633179628446,0.06608613878354985,0.0658031107117909,0.06671816208477654
2020-03-18,-0.06111884366634612,-0.03423984418196169,-0.034326077509348574,-0.037559405806303015,-0.04018819773328064,-0.040880419394866085,-0.06420014368186411,-0.05983568304928777
2020-03-19,0.0026488493480889552,-0.02541692194090972,-0.025346105616984804,-0.024107215727098175,-0.020923105588352642,0.00435548870190372,-0.025633573987278946,-0.0076318808483021305
2020-03-20,-0.04884298506874363,-0.061908185528914195,-0.061963583432945835,-0.06126018070513739,-0.058778273766688094,-0.04423333576180455,-0.0582063914229789,-0.05358374688628664
2020-03-23,-0.024251494222319314,-0.02819401178903036,-0.028096746380198878,-0.024654511390431955,-0.0269751828783531,-0.012285510844661784,-0.04072119213453507,-0.03090485717950242
2020-03-24,0.10650366655912968,0.08900111743778605,0.08905688415885527,0.09054796939452814,0.090973518247919,0.08434597134790867,0.10402839583126156,0.10543997074647948
2020-03-25,0.011544438588874106,0.0029301266062757847,0.0029012150606657627,0.002545734380307474,0.005213367952218162,-0.001154663352876839,0.020415083079125873,0.0140754481332932
2020-03-26,0.06459163096907283,0.06788265157479145,0.06791357845340618,0.0688888676251318,0.06892764178917354,0.05850306727748533,0.07507493817332134,0.06899315515422244
2020-03-27,-0.03548694541089781,-0.017145929521580117,-0.017122203552893622,-0.016292457135838156,-0.01917791246308953,-0.034467372636322824,-0.027211207816963734,-0.030241056362272256
2020-03-30,0.04415011356495091,0.052295316925707436,0.05225445019594277,0.05256464035960451,0.05155079235106541,0.043957318552679814,0.05017536491767505,0.046466768669294334
2020-03-31,-0.013859602257954462,-0.021799257151606244,-0.021837760389228356,-0.023947738432844035,-0.022209854464414147,-0.013709041223154528,-0.0218762619481101,-0.016918794568395623
2020-04-01,-0.04645300362380467,-0.04263877491019186,-0.04263877492942081,-0.0436057805582617,-0.04721202848826178,-0.03958934198761144,-0.041968480034856204,-0.044781212864747566
2020-04-02,0.038021593628875916,0.025579495411380826,0.025579495418114107,0.025874014397983203,0.03055078596440608,0.024729074639894266,0.033524411147632494,0.037466563297154476
2020-04-03,-0.016559777358367667,-0.008630187534502398,-0.008630187536666334,-0.008738948875205432,-0.01052320619527225,-0.012501945039126494,-0.005816971753952793,-0.014312164258829085
2020-04-06,0.0637254002193528,0.05744101898766529,0.057441019001483795,0.05816530104411366,0.060115162988471305,0.06389447019607752,0.05131570265896657,0.060898672654924546
2020-04-07,-0.0007362059407998167,-0.015174405946311142,-0.015174405942123381,-0.014866088849312842,-0.013959325024611724,-0.004248002389526051,-0.010566664401306936,-0.002230186622030339
2020-04-08,0.038016265442552655,0.01937627313463053,0.0193762731436391,0.01985147228826256,0.025911911841298263,0.02763755850155003,0.028159147710144605,0.03674444661986431
2020-04-09,0.009542164036903333,0.010496530579036545,0.010496530584971131,0.010775033008076473,0.012132385911195476,0.007225330288984644,0.01275994885418652,0.00976350405049864
2020-04-13,-0.010726892499536511,0.009903506741324453,0.00990350670834661,0.008291043037621293,-0.00517898940219097,0.007123038057287978,-0.008997919388096909,-0.01148020695980767
2020-04-14,0.026089971147615243,0.043226306319289476,0.043226306306275664,0.04255441274354821,0.03881113475907316,0.03910286982553646,0.038353264089582506,0.027715597441018813
2020-04-15,-0.016104567532623904,-0.0069834742963866825,-0.006983474318582705,-0.008129697805590363,-0.01090692249190417,-0.007950757982950418,-0.011334674967788838,-0.015599095896080994
2020-04-16,0.007834525446178908,0.017836384478690626,0.0178363844642222,0.017148000597574597,0.013469057109759541,0.018843417903217308,0.008158323857002214,0.007124812197940145
2020-04-17,0.028434334576247666,0.00984221870572144,0.009842218723895346,0.01074211511836154,0.01620698681209043,0.010339722720027922,0.021722142743653805,0.028002634181359287
2020-04-20,-0.023153984782719128,-0.019321731796521746,-0.01932173180901997,-0.01990016717776011,-0.02340701364453135,-0.016045812307290852,-0.01916072643517175,-0.022940730492091554
2020-04-21,-0.027415447205142218,-0.023803394463650873,-0.02380339446512414,-0.0239041263517914,-0.02338929726599115,-0.028696573488981914,-0.017906811360829722,-0.02532010185734368
2020-04-22,0.021443986574744223,0.023685531496351775,0.02368553149743291,0.023711045027136057,0.02266482814324844,0.02144168226962284,0.019794705162000215,0.020234029763892325
2020-04-23,0.0048034640232275105,-0.0029595305594958266,-0.0029595305676346495,-0.003334464538801263,-0.003312628727905942,0.0030151481812363823,0.00031651500817231337,0.00443018498602199
2020-04-24,0.011107204115563762,0.006813492181031,0.006813492180029135,0.006753463397330295,0.007134459480489186,0.013146289883469775,0.0021536790277341122,0.009377909881638669
2020-04-27,0.013351212322951334,-0.0021004230217473996,-0.00210042300922908,-0.0014649183291493006,0.005500470572282756,0.0034533270061591903,0.0062647535745554705,0.011904017478598261
2020-04-28,-0.005140463826281305,-0.016666042337492137,-0.016666042322714625,-0.01589573980195258,-0.012351586519920743,-0.013759624205083143,-0.010633719365564342,-0.005488332126160511
2020-04-29,0.020980202372402168,0.017049144850356246,0.01704914484358544,0.016721687682946573,0.011508431726181545,0.023100548173081936,0.0050531577272387995,0.018309499168883914
2020-04-30,-0.008455682873549919,0.011776796837037917,0.011776796809105372,0.010371353195504751,0.00016587876851303918,0.008439412688934445,-0.002872552966637576,-0.007774963422835124
2020-05-01,-0.028451340878447473,-0.028674701318700313,-0.02867470131139016,-0.028674701259870816,-0.025003614039138977,-0.03198518135853845,-0.028535498955801875,-0.02751207849666404
2020-05-04,0.00807744982852876,0.010415607771409707,0.010415607767050306,0.0104156077328601,0.009233497019462744,0.011208480778207797,0.0041260890353740365,0.0068704873651301845
2020-05-05,0.007593470666373392,0.005462725647392919,0.005462725648682776,0.005462725642916277,0.0059651672204248385,0.008017503812738802,0.002912686065076331,0.006898263437088659
2020-05-06,-0.009934090911735693,-0.00566499428566325,-0.005664994287487901,-0.005664994334822371,-0.007825238116870525,-0.00046596689368560984,-0.011659546458165804,-0.010892980842367561
2020-05-07,0.009871270541636834,0.0040012922645715765,0.004001292262300948,0.004001292230456199,0.005010773149640491,0.007127426647404178,0.0028215668719839826,0.008273341480051988
2020-05-08,0.022301223433150552,0.017452627489660477,0.017452627487372308,0.017452627456848946,0.018708547433409217,0.016216176532075632,0.0212361321162724,0.022321294347111387
2020-05-11,-0.002888929358806469,0.004180575228142525,0.004180575227716865,0.004180575199585368,0.002776544131129155,0.00577202770490004,-0.0027420793898790263,-0.0033967053907622002
2020-05-12,-0.018743189527034576,-0.0121622833448215,-0.012162283344227531,-0.012162283344080094,-0.013002642388842078,-0.01741931169522737,-0.013858326113996067,-0.0174349275921184
2020-05-13,-0.0158790110050534,-0.003314388982603944,-0.003314388981214833,-0.0033143889635344204,-0.007372114290047693,-0.010880521187460301,-0.00856711146878475,-0.014624161190883389
2020-05-14,0.013763479701949244,0.005387840204837957,0.0053878402043077145,0.005387840195736349,0.007345832147044984,0.010439593778039269,0.002918190431218548,0.011765910614065733
2020-05-15,0.005447904206570042,0.0021985843980618647,0.002198584402355541,0.002198584457352659,0.004839433979475949,0.007904734589801565,0.004056818937396844,0.004570597607128635
2020-05-18,0.03390315124719945,0.016339231955837974,0.016339231951361777,0.016339231902382956,0.01992510531725422,0.020427596753082256,0.024397750064873325,0.032256838343139416
2020-05-19,-0.015679737226168666,-0.011504771902891897,-0.011504771902524635,-0.011504771920974988,-0.012411678774226664,-0.00905642950472485,-0.011933270085010772,-0.015797070803449498
2020-05-20,0.017977185087715508,0.012809835988706775,0.012809835981234752,0.012809835909925349,0.013431929740113313,0.014580699580258427,0.015202392454972458,0.017127173174982913
2020-05-21,-0.011387537552301485,-0.014133084994155998,-0.014133084991178047,-0.014133084980432087,-0.013061306293630004,-0.01142365910089127,-0.014598250865572204,-0.011581124777157226
2020-05-22,0.0009116076788548977,0.00582740213432853,0.005827402129768622,0.005827402096377776,0.00463712007769046,0.0013714429517608373,-0.001285880123651939,0.0005083145727882155
2020-05-26,0.015087597741732628,-0.004959346011863541,-0.004959346009371202,-0.004959345990719899,-0.0016646626697781608,0.0018325853887393162,0.006265624234906619,0.014083599175840344
2020-05-27,0.016914820918335183,0.009193316933352236,0.009193316931504603,0.009193316930362183,0.009627171792735645,0.00844330523530834,0.008028669434207991,0.016406325419685563
2020-05-28,-0.0020373359793008916,0.011954469398050449,0.011954469399540146,0.011954469433514747,0.011789614267543769,0.0006190083184354211,0.011910205128848217,0.0008406895152872629
2020-05-29,0.0058268435550778985,0.009027332417660183,0.009027332418072964,0.009027332438718894,0.008651420989406855,0.007989330077130541,0.007123182764229963,0.005465756713901815
2020-06-01,0.006497654044578471,0.006676870973612914,0.006676902508143012,0.004993426534999124,0.005337162554551078,0.005952035424109381,0.006180188745184001,0.00636506841179707
2020-06-02,0.009893932825908891,0.005549590602913934,0.005549594018430248,0.005897162976590042,0.006255646927049163,0.0076997365642568205,0.00467372312715697,0.009169554747196385
2020-06-03,0.01608655383275548,0.005049815989451201,0.0050498539721888225,0.005297511960616008,0.006628605881230154,0.009088566509393825,0.012325193041355709,0.015350372356705
2020-06-04,-0.004878115770239555,-0.016136794305653956,-0.016136778984278233,-0.016383087020115483,-0.014110432748045576,-0.007868020358369754,-0.010352678482593802,-0.006219625928216788
2020-06-05,0.030577904531501554,0.016905117897039856,0.016905166761920443,0.0156184479496706,0.019746323009432354,0.02507042258808223,0.019965326807780848,0.02891455877771354
2020-06-08,0.009273496371510648,0.011216602561675781,0.011216575229642034,0.009883067644052446,0.007265238957740783,0.008539695286829518,0.008611662428161138,0.009258141002444598
2020-06-09,-0.0039594024093222435,0.009625040006727259,0.009625032086364005,0.006214175171876946,0.005029862374913208,0.007817876054737383,-0.0024193758879776928,-0.004223922798070823
2020-06-10,-0.005232104176090546,0.015731861594283192,0.015731839464508957,0.014412399170389723,0.010872170767896927,0.009220548204261103,0.001329935998217291,-0.004365414453958438
2020-06-11,-0.062259483563342544,-0.038811100339785964,-0.03881112653168095,-0.03920944251648606,-0.04443917084885285,-0.05283487843775281,-0.047021248411091676,-0.0594525687389994
2020-06-12,0.012580092419828492,0.00011974093866928825,0.00011974782234136505,0.0004245638510247396,0.0029635933838725315,0.007438051482776542,0.003784618995391398,0.010835854824279956
2020-06-15,0.00724538122495777,0.008279579948537341,0.008279595163353193,0.006842619471167932,0.007656254463907386,0.007506200521866457,0.006750618313620782,0.0068348994272848795
2020-06-16,0.019547141368658316,0.0157148331597603,0.015714836309573377,0.015506898971480831,0.016200654859947594,0.021241985170257882,0.01509290511636463,0.019261742794340453
2020-06-17,-0.005857023457097155,0.0026613933525461153,0.0026613918748528143,0.002329024621936515,0.00164556666848803,-0.0008442157990484755,-0.0013666294971099724,-0.0052699573681987966
2020-06-18,0.0007416538223929958,0.005249537576557106,0.005249546323092602,0.004925843095381799,0.003795800532504723,0.002856228219511703,0.004317738484757472,0.0013274351586372024
2020-06-19,-0.006897164569538261,-0.005987203995915569,-0.005987207594701394,-0.005574886426278902,-0.005794648688423831,-0.0033078221805661334,-0.006090783423142843,-0.007013328038576794
2020-06-22,0.008142124350208224,0.014449906631179621,0.014449920742727551,0.012233694844457466,0.011596331099628099,0.013240514587875785,0.0031831028266664507,0.006950726728097711
2020-06-23,0.005024997557440791,0.005673783558749035,0.005673801704476844,0.003629917931054605,0.004318424720225922,0.009946302069825608,0.002825140335967369,0.004570767759824568
2020-06-24,-0.02459474381974458,-0.013600026234792173,-0.013600037764196271,-0.014108752601481256,-0.01618062331592751,-0.020093876403495914,-0.018254822519261915,-0.02339136252035423
2020-06-25,0.015053901259550972,0.006821172036321155,0.006821191143782546,0.005877574428194032,0.00797087644297001,0.011919658243409792,0.005751353466135534,0.01313958647129998
2020-06-26,-0.029689323807502332,-0.02108907581172692,-0.021089072055837432,-0.01962004402610773,-0.02138244487123908,-0.025721179738322886,-0.020771370453801064,-0.027818831234715402
2020-06-29,0.013973218765376716,0.010962788890899855,0.010962804714820917,0.01035376009159239,0.01252991901807965,0.011482742818500702,0.01106625078372181,0.01387799951596258
2020-06-30,0.015621560341902985,0.017941339357153252,0.0179413287755279,0.017814970337673763,0.01653070189678929,0.018256530857894138,0.014081838215080689,0.015008295777102054
2020-07-01,0.0025392092594351823,0.015960684532389635,0.01596068452449595,0.015895807358349057,0.01146779567110734,0.008280786258552997,0.013188350851249586,0.0039423651852537045
2020-07-02,0.006200341016612043,0.0054390061119085065,0.005439006090737664,0.005321590561255363,0.005545399608675838,0.004899688570446203,0.0063315800135161915,0.006132561809609749
2020-07-06,0.01846764338641327,0.02249279455068587,0.022492794562699592,0.02248936324823103,0.019460509600513154,0.025564412897302047,0.019144481226867516,0.0178655252992288
2020-07-07,-0.012046398181315143,-0.005986244209916447,-0.005986244209751468,-0.005988900870733449,-0.005308767805855985,-0.01145848836721941,-0.004395306518986897,-0.010558349572662773
2020-07-08,0.01072711763616696,0.019078037264821823,0.019078037287082683,0.019156582381599785,0.015500781939461694,0.015326922834570489,0.008270906213095675,0.010034075565006129
2020-07-09,-0.008307401439415663,0.007417709668006367,0.00741770967247346,0.00738608351374892,0.003372963833581988,0.0017878686985184356,-0.0009927968909818619,-0.007629756862608028
2020-07-10,0.016733117721130508,0.009883460335663452,0.00988346032530707,0.009801043722105218,0.00947085351161081,0.00935758424774269,0.014373067060222011,0.016192686271493395
2020-07-13,-0.0016370925551901783,-0.015546717037064561,-0.015546717033378621,-0.015462565909742931,-0.009702046428077815,-0.009826821225537685,-0.003823521874385283,-0.0012720331865037071
2020-07-14,0.021912305215556094,0.01049769456708649,0.010497694551880876,0.010434159329029358,0.01418575680133971,0.012764265614735981,0.01330720926147233,0.02061104481231979
2020-07-15,0.0014653621832607655,-0.007037538441950986,-0.007037538454162884,-0.007118506981812489,-0.004719806714706176,-0.0024808040165913425,-0.0025175542018048835,0.0009424098381445312
2020-07-16,-0.00039670637373567796,0.0017551051377486804,0.0017551051261883721,0.0017602844421023,0.0018621327199404014,-0.005192874841525641,0.004810601162237305,0.0007375845383137403
2020-07-17,-0.0005177207848842125,0.0038177332630975336,0.0038177332480286985,0.003747386074907544,0.004334931791144525,-0.003618401082972289,0.0058985477123500996,0.0007875817442881683
2020-07-20,0.0040938114380031365,0.025132347595181237,0.025132347617813133,0.025194163894380672,0.017255633016906247,0.023381165702083484,0.010702153784150958,0.004320907312854283
2020-07-21,0.008574559798470105,-0.006413448917977238,-0.006413448939533883,-0.006482910837687039,-0.0033385985179011923,-0.0011914150762619702,0.0043012846961805185,0.007908763809152175
2020-07-22,0.002230475540883514,0.005624848415827444,0.005624848408122718,0.005608544951737571,0.006524728066500618,0.001703931034478856,0.006162089606721155,0.003188693945227694
2020-07-23,-0.011316028894986396,-0.020615627326589614,-0.02061562735300959,-0.020647564344920433,-0.016699801623153654,-0.02354268687832306,-0.00730094845937268,-0.010208713117297874
2020-07-24,-0.0022490929941140214,-0.0012701953091606155,-0.001270195302148669,-0.0012774305573285405,-0.0016415957627735622,-0.0014632695783501903,-0.0011381435125165096,-0.0021652587419705993
2020-07-27,0.006655698893983875,0.007985858008544566,0.007985858017425906,0.007905202262107558,0.006601995285778095,0.010050523236415643,0.00257067573393166,0.005676456419103637
2020-07-28,-0.007239350921706911,-0.0041219266969143575,-0.004121926696693423,-0.004071855671073044,-0.004098476724373024,-0.009733930781166023,-0.004051220755058704,-0.006194891784931711
2020-07-29,0.009970870590736869,0.008815306151558566,0.008815306161185976,0.008790435397049157,0.008038495165390014,0.010424142293574246,0.003044155667772941,0.008599867657752114
2020-07-30,-0.006874780755280141,0.0077568376003136486,0.0077568376250243265,0.007822370247091204,0.006358117181458178,-0.0010629494097919023,0.0018710186005503893,-0.005156918650401465
2020-07-31,0.004046864456771715,0.022583523739705402,0.022583523808051398,0.022500342242376403,0.016433073563420164,0.023223144525915673,0.004562726400821671,0.0039913518771117484
2020-08-03,0.005817686612547668,0.008019741036031647,0.008019741000209413,0.0039005149887703094,0.00788855300835456,0.010528404500955713,-0.006410476947103616,0.003860508072718316
2020-08-04,0.008274118543617037,0.009651191722675811,0.009651191765820188,0.010654545804827054,0.00865645279041738,0.004622849989358135,0.009871499908675085,0.008426162221532696
2020-08-05,0.009780245491110895,0.004066505403642173,0.004066505396984832,0.005425950957115955,0.005175412194799112,0.008854317635361042,0.009200760596106417,0.00937334025834513
2020-08-06,0.003230542916354384,0.008661986753695006,0.008661986786909992,0.007102650575191882,0.006443751193579539,0.009900734357882301,-0.0008831596642624451,0.0025598348744402255
2020-08-07,0.0006328646771163182,-0.006592539577344181,-0.006592539582520929,-0.005713417421479239,-0.0041800509505038885,-0.007997098965691896,0.0014549695423815567,0.0011069187967485128
2020-08-10,0.006805336552887731,-0.0036936546546399995,-0.0036936546172893214,-0.002848986713106627,-0.0027976114374693717,0.0019871589803344136,-0.0034685922120719637,0.005279268194644748
2020-08-11,-0.005233256502321426,-0.01895478014036145,-0.018954780180481468,-0.016951280433717186,-0.015727645734356255,-0.012697895913392432,-0.00724834886066561,-0.005528322332445379
2020-08-12,0.017387168633794525,0.025256799488668547,0.02525679950631532,0.02435162696531812,0.024390190716687465,0.02159516112428217,0.017909618238575176,0.017262155061356976
2020-08-13,-0.004177564432208181,0.0037155415537355463,0.003715541572465453,0.00404635160836575,0.0021294244424627795,-0.00014245353881792155,-0.0027218200563037254,-0.003870436064512983
2020-08-14,-0.00028657878093363287,-0.004694896110996161,-0.004694896117018343,-0.004963773267601446,-0.0033958418601777174,-0.0006445961704458769,-0.002739944026164287,-0.0008651325983096703
2020-08-17,0.00282490891293663,0.004865406225480262,0.004865406226781888,0.004393065407071184,0.00636951040149647,0.0024838175664212425,0.0032218753416910495,0.0024214655901824145
2020-08-18,-0.0009184581245770262,0.01181854851870412,0.011818548557104291,0.011005931590340579,0.008151436297964665,0.008570649665947672,0.010804092825993816,0.0008315132876073328
2020-08-19,-0.0054091490369923,-0.005290000532972794,-0.005290000539149964,-0.004784503535595119,-0.005080038598352488,-0.006654368580711334,-0.008364779200504047,-0.005699333115322336
2020-08-20,-0.00034224604081867227,0.011421969604738846,0.011421969625648343,0.0093132793518651,0.008524495232613116,0.008121710832806217,0.0034736815428344503,0.00045776835444422126
2020-08-21,0.007442374469138757,0.009972335565419765,0.00997233563448674,0.010236576213983328,0.009481160560293134,0.009265438375507973,0.0008851148197039915,0.0062188462884638085
2020-08-24,0.012026513465964062,0.007046493923092534,0.007046493915918495,0.00808548995851921,0.006880918245805168,0.0099448726335849,0.008809060868177454,0.011301295521435994
2020-08-25,-0.0012635090063728427,0.0025277196246444866,0.0025277196029336313,0.0019589896448668487,0.002498495487540442,0.0013857871873099725,0.0016727526119248992,-0.0008487491813623516
2020-08-26,0.002725631874832768,0.00987966058097789,0.009879660575942806,0.009160304107902917,0.008300623624257764,0.010642579158244736,0.006028442476857743,0.0031056163104357104
2020-08-27,0.0022979768088047248,-0.0011760964904715676,-0.0011760965246853106,-0.0033991645073696564,-0.0008295316274122833,0.0004872608794077582,-0.0020215304553562463,0.0018066984620652704
2020-08-28,0.008269680268635726,0.003072260219356693,0.0030722601958435014,0.0030487907412202198,0.005116099146818209,0.005795236779484014,0.010053075590279015,0.008078775062295707
2020-08-31,-0.0036243230461869835,0.006363395347644296,0.006363395428684582,0.00645609752214904,0.003717266350961923,0.002977053423481202,-0.0012331482361613855,-0.0034192409591006223
2020-09-01,0.006553528504889883,0.012016442902830438,0.012070478320794775,0.013737925779419236,0.01101795416198903,0.010842545061598763,0.0004231023340588447,0.005148231631253886
2020-09-02,0.01651682851795,0.01269820530738408,0.012725256366562965,0.012279350819644153,0.015249288021947471,0.008567081408787924,0.021785157871343275,0.01722340444949877
2020-09-03,-0.03178139990519957,-0.044739405211963845,-0.0447072695627162,-0.04254850766289631,-0.04298429159760708,-0.04310551502006521,-0.02714145644139343,-0.03044231420672927
2020-09-04,-0.0044852996283012425,-0.009452448967879334,-0.009413489977180167,-0.009409750769262204,-0.00990069097478885,-0.007142941319008056,-0.006209358970695855,-0.004573609991434857
2020-09-08,-0.0268334348228374,-0.032604530050190705,-0.032512404603944,-0.029752745744160647,-0.029049977505196778,-0.038037744625526115,-0.019887232655957043,-0.024783344503363836
2020-09-09,0.02231734247432282,0.029391553533836712,0.02937705223664966,0.028654217981702867,0.029071299817780227,0.027941682312813354,0.019780471616155593,0.021490854873944087
2020-09-10,-0.019558529635660293,-0.022586965502187528,-0.022538126247160672,-0.021648338242572396,-0.021338615697454655,-0.02327484511110456,-0.016213905424322217,-0.018848842882080108
2020-09-11,0.0033432313355363785,-0.002556388258217912,-0.0024454674349254635,-0.001426404932072356,-0.00025572964831566125,-0.003288542060215449,0.005317128947282201,0.004076902342139865
2020-09-14,0.009621648966345875,0.009739911960420677,0.009767612974229678,0.009284027205673118,0.011425890280249318,0.008742568225668101,0.0026392687914340573,0.008273152747703794
2020-09-15,0.0005007622564392467,0.015747955476665076,0.015674475749320793,0.014311165866545794,0.01257943336161893,0.004901645415703815,0.010420196829525885,0.0022939724923336513
2020-09-16,-0.00611657714690117,-0.02554594220046502,-0.025480524680255745,-0.02484492705308461,-0.02184808670101479,-0.012241533785559144,-0.013263144619089395,-0.007283151572072155
2020-09-17,-0.005618450727124524,-0.008674587073419615,-0.008569350785062269,-0.007629492375138436,-0.007167864287893733,-0.010541469921642843,-0.00660860426103238,-0.005550751265266829
2020-09-18,-0.008598690450090762,-0.014149820619956954,-0.01414882158052544,-0.014629134281509137,-0.012046293798015695,-0.012718916485373488,-0.004552675765502112,-0.007649837860574382
2020-09-21,-0.012820065097729483,0.003292275080905682,0.003162630127392818,-0.0001822964485521661,-0.0014456698900119358,-0.003172687347695158,-0.015812082058295096,-0.013600932886795647
2020-09-22,0.003988136042404999,0.01914224356988048,0.018939154570859706,0.01792002679184246,0.014904214450337516,0.015590681751906699,0.012899057806357028,0.005130662857776747
2020-09-23,-0.025302230201725284,-0.027351319285897402,-0.027280283556611273,-0.026667129178356896,-0.025383623826581547,-0.030126495546630383,-0.020501829405349725,-0.023837074906123634
2020-09-24,0.008304333615143156,0.009583571012947711,0.009579603323269348,0.008911022494787924,0.008490227624606161,0.007072309792003129,0.006706113981128636,0.007761821364027366
2020-09-25,0.01317247223601603,0.01820399546305662,0.01808562972069261,0.015959397278058063,0.016952437687194344,0.018831445952711245,0.00816092080354447,0.012187650913907389
2020-09-28,0.01518229251178127,0.01358089054182332,0.013557283652362528,0.014756367416865368,0.013023509470482475,0.017113702644786066,0.012964126815824706,0.014413416670262746
2020-09-29,-0.006446807538759813,-0.006603922039523202,-0.006580370313636452,-0.00600165342497383,-0.0045932418763412475,-0.008180103854050214,-0.005645236152571065,-0.006304974026397625
2020-09-30,0.010501910217892263,0.00414152930206213,0.004162846341617232,0.003297916892498476,0.007036159828665678,0.010362914614256313,0.0050145947655395595,0.009590654563721435
2020-10-01,-0.0026841737701898127,0.007720480869450208,0.0076530170692059585,0.006399199052588456,0.005364167519483987,0.00444021706193487,0.000281419485183676,-0.002239849732474708
2020-10-02,-0.0066810133882122535,-0.018262423286556362,-0.018305571929492448,-0.016414986479724503,-0.014870063293881186,-0.016825072080477788,-0.009284466762350618,-0.006528725038136063
2020-10-05,0.019157336325628993,0.021064270408990282,0.021200992113438177,0.020193528179424547,0.019600902729749015,0.020537288006281962,0.013906283093113592,0.01794002350822832
2020-10-06,-0.010807472490116599,-0.011843618983584325,-0.011651432324175981,-0.012450333329125485,-0.010901279757344451,-0.01880137040727048,-0.011054485565494931,-0.010780443557262931
2020-10-07,0.0183882156194628,0.02002314922372994,0.02000592657427669,0.021212977493636043,0.01940550732255719,0.01957781115315904,0.01760600298806203,0.018131949749786935
2020-10-08,0.010057907957767398,0.003366900231401626,0.003284426643978433,0.0029404097138046037,0.003970678484194412,0.006532335392301913,0.00865115042815634,0.009960354288282236
2020-10-09,0.006725930704703398,0.014492735997562178,0.014285074026913147,0.014534407882790257,0.012650551479873151,0.01434610057559138,0.012440172230927526,0.007839209115487744
2020-10-12,0.01772609272758685,0.027127459431238732,0.027132287386385734,0.026457897461571456,0.022916378207171295,0.028699154073939415,0.014594725525438834,0.0166276613326517
2020-10-13,-0.00850585414067806,-0.009626741621106327,-0.009674644708629887,-0.011194964880227198,-0.008387070445478817,-0.008346447391558987,-0.01154879765035921,-0.008966451281195664
2020-10-14,-0.006148238089272007,-0.005813049795995173,-0.005806072988468802,-0.006167381488301316,-0.006221278510571526,-0.00866089185563479,-0.006638486898020712,-0.005996224899972535
2020-10-15,-0.001697862076270873,-0.00692183050129469,-0.0069564943416557945,-0.007893392844693814,-0.005846595066783644,-0.002786047788662538,-0.006028472892232295,-0.002188835932662614
2020-10-16,0.0008173881391806415,0.0015330459047278033,0.001495006841842228,0.0017790883254924506,0.001950105512331879,-0.00544181656837861,0.0015655341931191114,0.0016482901170040698
2020-10-19,-0.017258457903827962,-0.02048271069544405,-0.02046410049407621,-0.019687979384179655,-0.019368096793184186,-0.020273377730979036,-0.017850470575851873,-0.01731734960818876
2020-10-20,0.006988571666399324,0.006919931641347743,0.006985602526982104,0.007487375295979204,0.0068905926509506,0.006349177649431104,0.006227966852797806,0.006753378420505607
2020-10-21,-0.00796077502601733,-0.004870723722131154,-0.0049294625046523155,-0.005730382128456113,-0.004927737947816868,-0.006079988607378128,-0.005760435701656741,-0.007339062166836108
2020-10-22,0.010005437484978064,0.00040311653371727374,0.0003379685795077414,0.0011073507716496955,0.000699608076486502,0.004388961714610229,0.007167221630213216,0.0094629980095704
2020-10-23,0.0021916192652566835,0.003541124385857186,0.0036024663784648414,0.0032964058330708923,0.004231431841249078,0.002161418779077273,0.002360200690016967,0.0021625856076012973
2020-10-26,-0.018116959644321362,-0.008998130897949652,-0.009048537094414666,-0.007483270438880418,-0.011286232205579116,-0.01287101342350705,-0.00919330663932838,-0.016573589335940553
2020-10-27,-0.003440283082693507,0.008931012668183413,0.008923474525391883,0.0077669378171123515,0.006863338886741399,0.0066291877342548045,0.004007066043027363,-0.002525178030673425
2020-10-28,-0.03698907868218726,-0.03608351401643162,-0.03612928587506703,-0.0346978153692864,-0.03589762377524208,-0.039598204868202425,-0.03399806405546579,-0.03615411270238256
2020-10-29,0.011133239775698467,0.01121184442980705,0.011336111220824119,0.01114552802434643,0.009122212864761448,0.01459311912904182,0.004036684192795237,0.009289307844536188
2020-10-30,-0.009962036361154447,-0.023602985803140686,-0.023711972978001872,-0.02418591119349467,-0.019565783014122706,-0.023990078592435182,-0.013362934513623914,-0.009700787285998769
2020-11-02,0.017195116930137422,0.006382626561134419,0.006406393876511096,0.007036302824337426,0.010829652564644743,0.007444331788436731,0.012479887381191324,0.016642130160035684
2020-11-03,0.017734340004440075,0.01897383345205239,0.019110758796389016,0.017754459534926603,0.019119302491129586,0.015465106063923262,0.011622152232980687,0.016708742281091427
2020-11-04,0.011772431191633403,0.02276869942745341,0.022926331605311656,0.020124940083997567,0.017576497309781836,0.029466790396337705,0.009016212265150036,0.010431073395702262
2020-11-05,0.02189852259313918,0.022974775892810495,0.022901549116715714,0.025166765355544962,0.025064173526501143,0.02328498667342238,0.017211866180609325,0.020827217346692795
2020-11-06,-0.0011561111736370089,0.007212422171297028,0.007390888790884675,0.004788974996599249,0.004269736102985089,-0.0014291607815624108,0.004883023856693924,-0.0003500074127336106
2020-11-09,0.022408377035755933,-0.03504952923405247,-0.0353107175171441,-0.027817374695505603,-0.02032466246270126,0.0005900989606613116,0.007071053011470374,0.019808970038056373
2020-11-10,0.004246258755005616,-0.013079633498262355,-0.013652521164984943,-0.010332624313916683,-0.005541063508911259,-0.005300577497397541,0.007392702461462397,0.005609652737170512
2020-11-11,0.0059737182434094205,0.02745923754045765,0.027524137865569287,0.024012409515438815,0.01853406936192492,0.014831496432911484,0.006987674004119704,0.005687478061312534
2020-11-12,-0.00854917277133238,-0.0041753339356739305,-0.00417290002372428,-0.005364602000740626,-0.005292313111118219,-0.007197436407611724,-0.007487771087419159,-0.008105325515831763
2020-11-13,0.009573507026711559,0.003928517983943225,0.0039054043230029034,0.005858637827582225,0.005832858302518229,0.007337297845871227,0.010091470889724397,0.009704422952134362
2020-11-16,0.01450619827943167,0.0036509528031432037,0.003642329976060399,0.001900222183527589,0.0024812146794219725,0.010310589660911473,0.003231645504961911,0.012189236432928574
2020-11-17,-0.006724156222770006,-0.0074023783711580915,-0.007442142013150521,-0.007631192498414041,-0.008692523575245081,-0.0064043252323395805,-0.00514622800186415,-0.006790136597970786
2020-11-18,-0.013147984836656912,-0.009764670227878525,-0.009718775848738481,-0.010829300640298412,-0.01043584912069384,-0.013861235368747504,-0.014462048061788746,-0.013385646241694471
2020-11-19,0.002313639221676933,0.00016525082911611477,0.0001510124103174526,0.0008905651297204109,0.0009035605222340592,0.0036163527171402254,0.0025254927139979344,0.0020806220739664205
2020-11-20,-0.006682879086431726,-0.006926522930363999,-0.006991296961402105,-0.005225233695678955,-0.005657894766467164,-0.007408960574940893,-0.004472832573734986,-0.006096181834207015
2020-11-23,0.010347187365494559,-0.007789011599142359,-0.007373636097210756,-0.007756723391124765,-0.005184901252894725,0.0013942983524033448,-0.0006661519975915686,0.00798155454672611
2020-11-24,0.018594532914265383,0.0022901619373028037,0.002212743128635619,0.005675771066136148,0.0055342643894591426,0.01605791746599916,0.008327620459165797,0.016621524033751944
2020-11-25,-0.0041089463937236115,0.013155249803336933,0.013162469862414428,0.010360294075547838,0.007365915737687079,0.001217054255907568,0.0022671849965645308,-0.003152714552196567
2020-11-27,9.136709069568205e-05,1.5545345020573365e-05,1.3573350803097739e-05,0.0007372002022936197,0.001925428768601245,0.0017399537705184986,0.00011603978568341944,0.0001664128715892499
2020-11-30,-0.011597963114100995,7.053626056263695e-05,-0.00020833864141933667,-0.0022339264301062256,-0.0021827519507584547,-0.0059329027108793175,-0.007882730560373807,-0.01071183549715704
2020-12-01,0.009694824169226512,0.011062796235742578,0.01104351121862912,0.012550266932614296,0.010053253323381917,0.014434438260544802,0.011389910756875121,0.009962440864687228
2020-12-02,0.0059768027912912025,-0.0015082546961409093,-0.001624320415145819,-0.0033073779453716146,-0.0021795301236143816,0.001633194188418896,-0.0020601535538300464,0.0043377085230207335
2020-12-03,-0.0034352623775992797,-0.008657691694469505,-0.008752990186458809,-0.008401085458360602,-0.007283154999868757,-0.0034979439553476377,-0.0020384980477533565,-0.0030890485265973044
2020-12-04,0.010954320334132461,-0.0007529284756923049,-0.0006094238469258606,-0.0015710174771389473,0.0013679981331493618,0.002487440917986028,0.00615035230141836,0.009755755126626964
2020-12-07,-0.005624633004423507,0.004420345478451937,0.004371502320924314,0.004568707561907415,0.0016721487527455725,-0.0012459747533950516,-0.004703873639051559,-0.005364921371421971
2020-12-08,0.004429131499689154,-0.0001798898390013015,-0.00025797837822427727,0.0017743942658159373,0.0008937032606863848,0.0055912069601460335,0.007765832216107604,0.005046958585769978
2020-12-09,-0.003950967165523123,-0.015252111047154293,-0.01514457090804222,-0.013280963261912637,-0.011104668861408595,-0.010615888811718599,-0.002732596496653028,-0.00345457460117482
2020-12-10,0.0016001233104983026,0.00022337679628314788,0.0002447772033244977,0.00014996288462754137,-0.0010482884529923187,0.0011782555337620515,-0.0025715768956754426,0.00045280048873497236
2020-12-11,-0.0009032810365875443,0.002460004338125099,0.0023893956601879207,0.001989519410929841,0.0022754044632247172,0.0007150322529776432,0.003997763992604986,7.749578440474636e-05
2020-12-14,-0.006875409904518848,0.0038230803063563634,0.0038604051970254627,0.0011035539659407512,0.001377807260839914,-0.0025489216043387275,-0.0068029357675376545,-0.006859881893313213
2020-12-15,0.013435047455207405,0.015624074076490135,0.015604044884856672,0.01782809604322866,0.014938489770438768,0.015544882946615601,0.0098773410862667,0.013024556009797239
2020-12-16,0.0011960105994444081,0.0019265476503007584,0.0018419967955203287,0.0025172298655373737,0.0022304303513946966,0.0076100658945157384,0.0014088066258386434,0.001174402490766946
2020-12-17,0.005637478091450987,0.007269529358208127,0.007392798937372769,0.007744619114472107,0.007615622758347929,0.005370764669984096,0.010148193362266023,0.006529621442678213
2020-12-18,-0.0048714127625475445,-0.006009696526222297,-0.005998710776445537,-0.005767775769391581,-0.004835521136453913,-0.007251439976181606,0.0003608796284690907,-0.003872165303704156
2020-12-21,0.0026417604613147017,-1.4771899670029676e-05,-4.924298985353737e-05,-0.0006694200666598205,0.000431912417934166,0.005157651770787863,-0.008985638764394177,0.000601560155981673
2020-12-22,-0.005295111181148893,0.0036319206386203895,0.003595386153187663,0.004815091681781514,0.0018631069989436533,0.0025826727412467942,-0.002512546036500418,-0.004585099406437587
2020-12-23,0.003391337338283229,-0.006959287590109886,-0.006931076176636353,-0.005266313921410304,-0.004639368465449656,-0.002070048569699501,-0.0008986703432072307,0.0025822192674045397
2020-12-24,0.0031866470421355597,0.004211445195060337,0.0041674396240907186,0.00516310542100995,0.004995718510401703,0.0034783592612401826,0.004163680509861933,0.00362359964908765
2020-12-28,0.008927777435801199,0.015557633255925296,0.015515562208326061,0.01784225709396825,0.013042096079437293,0.0177492087796145,0.013534864040865235,0.009610169061767149
2020-12-29,-0.0027876375512643214,-0.0003927803937769925,-0.00036192868008433354,-0.0014652017420069274,-0.0019429198327416408,-0.002033753227458135,0.0021679578038864555,-0.0021224959898352713
2020-12-30,0.0029750793891236693,0.0006199905459634003,0.0007560899343461713,-0.0009436527151917007,0.00030192086369829063,-0.0033828197979304253,0.002511679654270571,0.0027428093026684586
2020-12-31,0.004329060169808274,0.0010343940639843119,0.001018013290249975,0.001907189851104496,0.002681390246189741,0.00036168363039568163,0.004875932688197304,0.004750037074774172
2021-01-04,-0.010977584480793112,-0.01916837194794907,-0.01924861855505855,-0.020060661661518875,-0.017013469923952584,-0.016511025716499206,-0.017755369671638044,-0.012500864877890816
2021-01-05,0.01146279992835919,0.011611313778338683,0.011701273055870542,0.010720358509622274,0.010455024545269698,0.00941924538820782,0.008472402907316212,0.010415816781806031
2021-01-06,0.01196631672412174,-0.006958117579321965,-0.0067424764110816104,-0.0016484440732891237,-0.0013890741618627356,-0.0066286350547754,0.0036876181964953236,0.010853790740595226
2021-01-07,0.012301396610351567,0.01695151353642088,0.017010664651061935,0.012670497863297658,0.015494658593391497,0.014902620547879275,-0.00015541459382162337,0.009874601408279338
2021-01-08,0.004871278091985509,0.006782669334813862,0.006773243924092176,0.00705404691017919,0.005912057882279109,0.006122429254728834,0.0066961643725438336,0.005290303208608238
2021-01-11,-0.0009511749697667105,-0.010504466640860133,-0.010540988265515194,-0.012827693019204944,-0.008508165763767006,-0.009080374068260677,-0.00977980558008551,-0.0030057411580718396
2021-01-12,0.0051843065678320865,-0.002554006356479288,-0.002531303053543432,-0.0022970483522313234,-0.0006850591627918234,0.0012497078014477303,-0.000984595301327662,0.00394934218586096
2021-01-13,0.003823578789081905,0.012504911255031947,0.012527761859630004,0.012259702583125476,0.00944549005091666,0.007258227096213377,0.006077529905035295,0.004163648269688736
2021-01-14,-0.0007123497836922787,-0.010258636991106518,-0.010301866778209434,-0.007980596151185515,-0.008579074969612965,-0.006255699397718528,-0.002054390946166773,-0.0012139909924572256
2021-01-15,-0.013609036462449153,-0.012159749118031415,-0.01229091860504361,-0.010630729139065154,-0.010735406457281438,-0.010276414126094147,-0.009657415883948084,-0.012152963531226968
2021-01-19,0.004558283277057873,0.004789318855212388,0.0049066531177350825,0.00437391691111122,0.004109010398874791,0.006261558911550891,0.0041789249792665295,0.0043780249237834745
2021-01-20,0.007464680526562795,0.019829488148476848,0.01988115912355748,0.017458642479983855,0.01592680654747136,0.01980573070335989,0.008070804149846733,0.007538577566565063
2021-01-21,0.0007243507487586509,0.013389238393333391,0.013242836321172291,0.010333043421340449,0.011113151861820603,0.008081753842720252,-0.000588106168134428,0.000815118110788049
2021-01-22,-0.001903422632446139,0.00015246778588262622,0.0001597296716389085,0.0013133000724732113,0.0003107722016331138,0.0014365344820923553,-0.00174563658593474,-0.0015506699863150342
2021-01-25,0.0023046909027275575,0.015086977173239813,0.014991322853804112,0.01654433403720401,0.011524175551213434,0.008721998399114472,0.00996155243461061,0.004073672962119357
2021-01-26,-0.002116567339336517,-0.0024789496548316414,-0.0024398702159703634,0.0001177417256978952,-0.0014368916443736612,0.003416899958223585,0.007897366906511216,-0.00018703028714361913
2021-01-27,-0.026470504768394965,-0.0347611452542792,-0.03489790810652038,-0.03366815518318833,-0.032625139651115354,-0.018748720865594093,-0.02914899149792549,-0.02687332171976342
2021-01-28,0.011864580646911094,0.004605982570059508,0.004710444849180373,0.004679200620891999,0.007089000663801803,0.003434872851096671,0.012790322709209434,0.012043163280389457
2021-01-29,-0.020982597758241628,-0.018291883471605708,-0.018292696449292323,-0.020060939504817688,-0.01867932875497169,-0.023853704581897284,-0.02061574462606286,-0.0210544750990882
2021-02-01,0.0123482802627779,0.018933223961282275,0.01894943714820818,0.017190094664947253,0.016755849822589042,0.018967022598032957,0.012723931113415077,0.012393032105160184
2021-02-02,0.01409464590888132,0.013164335637845248,0.013055521697570072,0.010234670783423994,0.012407269437519464,0.008383898034519,0.005877054335278853,0.012355394254571106
2021-02-03,0.0029649854729161262,-0.006179320480344419,-0.006298920404511521,-0.006261296059371757,-0.00456853812840563,-0.00093556999714417,-0.004105882886476175,0.001496025014964264
2021-02-04,0.0063655852352817455,0.007723205191422444,0.007775762212471005,0.008719582598792908,0.007271951430592116,0.00857413687014641,0.004889503415466123,0.0058955025542617445
2021-02-05,0.006103949713824219,0.0035235221177103426,0.003849349601843466,0.0038142519829698074,0.0039121655299190206,0.004501626903298694,0.011545040804267881,0.0069076745518446
2021-02-08,0.012271237967949267,0.008748782381441611,0.008769352879022918,0.007629587849486308,0.00922589599701329,0.003963293152138725,0.001921155167048827,0.00968085964950749
2021-02-09,-0.002501957191519466,-0.004009509805840694,-0.003917398792034565,-0.0026009858112152617,-0.0032085330524985745,-0.002626798910492001,-0.001886915438168324,-0.0021409927206625934
2021-02-10,0.0045031651555600405,0.0031081203800413792,0.003099518340204499,0.0034470543230376016,0.003603363421900818,-0.00040165338898290326,-0.00136805349281377,0.0031332686437450796
2021-02-11,-4.6412610662294185e-05,0.003992173562649359,0.00393647484869053,0.0028911431415816757,0.0038354969057317057,-0.0018448500874282958,-0.001223983768580461,-0.0003209593765208796
2021-02-12,0.001028672877306791,-0.0047209086376847065,-0.004612594179177254,-0.003846319423540967,-0.003982156373510182,0.0027195395262633593,0.001454722246412965,0.000998899392058883
2021-02-16,0.003712604616067372,-0.0026252366960085594,-0.0028838780386258867,-0.004527361104659455,-0.0025077900029349953,-0.00251360553945823,-0.0033272308571384857,0.0017030419778230055
2021-02-17,0.002719372664656161,-0.00651932618168527,-0.0065730018844355476,-0.005801487240212788,-0.005274382664969046,0.002613483055978305,0.0041462843928057325,0.002921050046386986
2021-02-18,-0.0012740688381540632,-0.0009549233255565781,-0.0010298408982343243,-0.0007461954660892278,-0.000656633050894806,-0.0001902059416626356,0.0039424066413127345,-0.0002309539242616454
2021-02-19,-0.0010553574111589192,-0.00832054008570604,-0.008293177079823688,-0.011686998661657455,-0.007402671677952499,-0.007913710735892865,-0.013598756850708549,-0.003687966950031596
2021-02-22,-0.0013747327258119002,-0.020955454448063682,-0.020991195937018814,-0.022114353341317283,-0.018336203137722107,-0.011038673163913715,-0.002983359804729746,-0.00213634663082507
2021-02-23,0.0023093112127696713,-2.6300456961059204e-05,-1.912435738338214e-05,-0.002504186386228513,-0.000777119507844759,0.0005222841787573262,0.0022221512893216833,0.002071412669927941
2021-02-24,0.008559994705826579,-0.0005303159678683445,-0.0005678471902239579,0.0007063903377364511,0.0006080430214556731,0.0022992105462131818,0.000693566017337055,0.006521023844474838
2021-02-25,-0.01819732806862251,-0.02735648621989495,-0.027449714329243924,-0.025005876638450997,-0.025961400418097025,-0.021996490575200256,-0.012210562782289047,-0.016756158608840055
2021-02-26,-0.00986099275229646,-0.0003040322001913731,-0.00021033322119956566,-0.0013945863795715718,-0.0012010844596084258,-0.0030435477483552464,-0.015011014690730962,-0.010457687193609955
2021-03-01,0.02174507946059756,0.024297665444394934,0.024402897544629543,0.0253101438549872,0.023682589815382293,0.024345912001314307,0.015417892430563018,0.02071170297975744
2021-03-02,-0.006427849701875821,-0.017300645569628625,-0.017277996425704822,-0.015680426729143382,-0.012952654748475956,-0.010284656619644394,-0.0047653132311437085,-0.006084350726589416
2021-03-03,-0.011653461275266896,-0.02731017195547014,-0.027242086035943802,-0.027234155498917167,-0.023662356841001042,-0.016696315143802876,-0.015405911060002886,-0.012722594156225342
2021-03-04,-0.007771559642271941,-0.01666042005716062,-0.016716105519675617,-0.01634675204268521,-0.015539480493146685,-0.008150932693462898,-0.008655447485727108,-0.008058596705609267
2021-03-05,0.017619729266472373,0.011185997658017977,0.01098553413995007,0.01085468510975196,0.011036983567012992,0.016355408950976758,0.017947611616006443,0.01754759445458376
2021-03-08,0.00018863460202656057,-0.02015276063124949,-0.020123112895530038,-0.01851136123188779,-0.014029542284102026,-0.00921220932350264,0.005750397557953368,0.0013033109710263169
2021-03-09,0.01193665431309654,0.0317226854178605,0.0317456293133489,0.031243515039136582,0.02880905731672434,0.01976660265214414,0.00720791195656556,0.011462176261437529
2021-03-10,0.010015613200071272,0.003504041148712611,0.003646259350713388,0.0023460759713025414,0.004009210362752924,0.003475800871529211,0.008903209483205776,0.009423944320681388
2021-03-11,0.005416151545402981,0.013627181067746852,0.013669036304594373,0.012564616341572021,0.012014983286233294,0.009786930924273074,0.0015837781558938335,0.0048385454917501125
2021-03-12,0.006983903230640021,0.006673351370146019,0.0067257186113856005,0.004240618160479492,0.003912847659418128,0.0002992833052855026,0.004798446114870236,0.0065641663961868435
2021-03-15,0.001867236961979657,0.009208453484602197,0.009145887454769408,0.009043459842815738,0.007925819582501825,0.0035740336383343063,0.0030778979000019024,0.0022016473204637954
2021-03-16,-0.0015022979102540246,-0.00030423549861791077,-0.00039343232307842424,0.0017424684169640159,0.002191151990896145,0.0035689522336568302,0.0017290471046562672,-0.000521739695124479
2021-03-17,0.0006058094378533774,0.002523489170995541,0.002606024197046697,-0.0004394853484898098,-0.0013505295835415376,0.000956939588176775,0.0003158876462332483,0.00012285625745245277
2021-03-18,-0.012982744319435136,-0.02818515982529335,-0.02815551293405738,-0.026819673403518873,-0.021131698360277507,-0.01930706135169913,-0.01289458964644108,-0.01258372033019406
2021-03-19,-0.0010624127848301024,-0.0020031739435464324,-0.0020201996820939927,-0.0012734247452889091,-3.281475553651436e-05,0.0016440767475232043,0.0012724864533952829,-0.000495634535451428
2021-03-22,0.004452616792768316,0.015156321779405735,0.014982164919967955,0.015410405634187496,0.012725112468195077,0.010498054944012125,0.0076279851441696245,0.005322988769435488
2021-03-23,-0.0018756475180897736,-0.001390652671634629,-0.0016104258375944092,0.0012704205761382426,0.0015265631107099775,0.0011129273300163334,0.0058819442625672735,-0.00010308672269110364
2021-03-24,0.0002322173287603313,-0.01309573639632966,-0.013158536480045724,-0.012284955170894563,-0.01056396463021203,-0.005013865104266824,0.00017167729640732432,8.950124614726107e-05
2021-03-25,0.0038308800050514957,0.0012757011404853635,0.0012551194075769434,0.0010483416575266524,0.0020169545946877587,-0.0008012040996968617,0.0029341530493303125,0.0036926701272874674
2021-03-26,0.016191181517151376,0.01269789673737054,0.012588739119786085,0.011754087663800483,0.012942220839388119,0.01302572264793267,0.015407132537191615,0.015957412884332056
2021-03-29,0.0019479080318727249,0.0065971934978164,0.006494254719656478,0.0066798317879182,0.005413943236572738,0.001938103659515411,0.0087417582356899,0.0032096239136627513
2021-03-30,-0.0044983455848176535,-0.0036107820981987615,-0.0034205403178336757,-0.00549676925372955,-0.005335464606887608,-0.007733352596711152,-0.008145805162216413,-0.0053058142606458025
2021-03-31,0.0014913155478843976,0.014611348183802164,0.014555577834142186,0.013764674863870896,0.011396217115303697,0.006181562417111319,0.0009093760992984201,0.0015913154688094178
2021-04-01,0.007599107957239948,0.012224429356809674,0.012224251722410262,0.007306731149966383,0.009120764564617412,0.01128623510622262,0.0020731299122105362,0.006338865047248676
2021-04-05,0.008950648413037277,0.015109563759077016,0.015100231103224893,0.015059672574907257,0.013479121034609687,0.015688463057721203,0.011239302169548715,0.009783857494766401
2021-04-06,-0.002594620657328184,-0.0018604779468174293,-0.001855590206184976,-0.0009645593784879392,-0.0018895921785112568,-0.0015684144100112096,0.0002590090596501504,-0.0020213645527489277
2021-04-07,0.004759641973764772,0.008229699738127039,0.008232387824078424,0.006992091840832604,0.007270894079639545,0.008142969228812191,0.0037140879081696276,0.00444903581107603
2021-04-08,0.003473417519988198,0.008125622956314693,0.008129126940731313,0.006998005392721218,0.007220978761432573,0.006090902213809368,0.0010797173562604456,0.0031938048899520233
2021-04-09,0.006670374470425067,0.010686918302680759,0.010683663439232438,0.008547578846250792,0.009249670517567976,0.01072164819201249,0.0026431718207369226,0.006239750350998108
2021-04-12,0.002794322193231169,0.005835535040776385,0.005835824392200761,0.001133685540642082,0.0064536846082676735,-0.0018209204142493052,0.002035845179450879,0.0022836314384331313
2021-04-13,0.0023846300813794574,0.013528269876060373,0.01352340048257017,0.0078505874838668,0.008471263084789182,0.005548800133314158,-0.003567736466613236,0.0013818192728354273
2021-04-14,-0.0007569009902040902,-0.009292380187041926,-0.009283923901462932,-0.006397282972820717,-0.007439435338569389,-0.006697903819601003,-0.0013777562605997717,-0.0010288555183315395
2021-04-15,0.012660543470234709,0.01873638146009471,0.018736138569141803,0.014119150908149525,0.01893140638962243,0.011930151788294152,0.008031553064068442,0.011919911172964648
2021-04-16,0.003581694592047935,0.001220582393736347,0.0012219093822611882,0.0027232571523314597,0.0020936766842436505,0.003504793879386847,0.006067868323272441,0.004233108309471989
2021-04-19,-0.004949011209868792,-0.010132070708976926,-0.010129685532725308,-0.006445850532400432,-0.008588003428362523,-0.002866102675643911,-0.0028987580287919146,-0.004453481308944962
2021-04-20,-0.006918714223092093,-0.00930768973548135,-0.009315254064547362,-0.005821276689919275,-0.007198291256014677,-0.004652515856271355,0.002044174725105652,-0.0048472175219996805
2021-04-21,0.006306561146632417,0.0028378284143788512,0.002834285420223459,0.0009964631906049792,0.0034428262284336153,0.005577758527922194,0.0027885693185054627,0.005333708216425759
2021-04-22,-0.012695126785801425,-0.013537733637082328,-0.013538370625524987,-0.01148699090768357,-0.013673700399409627,-0.011893124313744008,-0.009553423195624466,-0.01182413112397629
2021-04-23,0.010187351660168709,0.01222681561893646,0.012231758842097484,0.008703016049351309,0.011938086945966875,0.00941232031228778,0.0030326813151788645,0.008795720315219135
2021-04-26,-0.0010980722682454314,0.0062371690556701775,0.006243383096447008,0.0025620215212798225,0.0026636592162920802,0.0009346014952946735,-0.0043831191581849005,-0.001889757024240435
2021-04-27,0.0009844041142748061,-0.0026702206476130197,-0.0026680517135649895,-0.0022343678576139947,-0.0016748439394439485,0.0010587914663404696,-0.0008175248827609893,0.0005167795118563578
2021-04-28,0.0011846721138939476,0.0007444569049470662,0.0007491988878243205,0.0015315725181299644,-0.00023557125997331063,-0.001800692309336771,0.002294206953137312,0.0009358627312505696
2021-04-29,0.007418793865800355,-0.0020971664409634716,-0.002094993859870886,-0.0008022666989971894,0.0032495648178263448,0.004746082656008399,0.007457040091645384,0.007344432565771886
2021-04-30,-0.009456918130435588,-0.005995811777275373,-0.005996133996483133,-0.003500639588139287,-0.006929913939197285,-0.007397636093545934,-0.0030675212664817986,-0.008001503448841651
2021-05-03,0.006244148126531623,-0.006884931500464542,-0.006701776193173137,-0.0038868183596640904,-0.0007661113474033421,0.0010523960375383723,0.0036813137031201926,0.005799728998686415
2021-05-04,-0.003936444011662488,-0.013547802374894946,-0.013371236026329392,-0.011588069569215653,-0.012046071063248176,-0.012279118763632413,-0.0027667412702830907,-0.00382282877211948
2021-05-05,0.006048871460609062,-0.0015651922735692159,-0.0013823835773510984,-0.002453260084444242,0.0014300678075835904,-0.005166628996785549,-0.0028572469472704087,0.0039529337217725224
2021-05-06,0.010009363849373898,0.005101983835807511,0.005120565151405465,0.006422852210887564,0.008759447983661017,0.010447183756963074,0.008695497556617582,0.009832359529267087
2021-05-07,0.0075288307595891,0.009059181340223654,0.009054141972825835,0.006821320970868738,0.0077601175334161,0.0038499286947626388,0.002730926328935679,0.006557063902359328
2021-05-10,-0.003130268089798771,-0.01454776293305926,-0.014509309519052827,-0.009450925855666092,-0.010103644969065795,-0.009682928047861195,0.002529539212419163,-0.0019984267521292454
2021-05-11,-0.013199252461763233,-0.004649253774337225,-0.004736771891622693,-0.0050667254262593,-0.007663233447634643,-0.005673574360246514,-0.006649047964568,-0.011999286906934303
2021-05-12,-0.015877732957402135,-0.024764061968058915,-0.024639754898624022,-0.02154080198537134,-0.022532381763858078,-0.01984889959747571,-0.012463637641773828,-0.01560491056643798
2021-05-13,0.009962219248673465,0.007845758245260459,0.007799354666903513,0.010310011219789583,0.010119653229694991,0.012061562578573604,0.010062908077441923,0.010322640957580953
2021-05-14,0.01407399605373194,0.01818292697852919,0.018150395557013255,0.014337285590818372,0.01595966173296759,0.01264212770164308,0.0073220810017977644,0.012488813250751907
2021-05-17,0.0005670739855976326,-0.0007110059696169291,-0.0006254049664972117,-0.00036763833516617606,-0.0015921987803080295,-0.002224132340515883,0.0025047868504259885,0.0005303197627239964
2021-05-18,-0.01117264172093213,-0.009511245970228566,-0.009509384429044476,-0.009547315562504877,-0.009033089940387429,-0.0077685019272415445,-0.008142001371233332,-0.010238327985812812
2021-05-19,-0.006359328644508833,-0.0010162719117714492,-0.0010625319305775927,-0.0012442897955815546,-0.002252290637752674,-0.0008275102196992901,-0.0024994851251438632,-0.005389520888525401
2021-05-20,0.0078337812791891,0.014172015123957271,0.014007481654820575,0.011620533701868219,0.012555519198481857,0.01074316971070366,0.006814767559119694,0.007678329888032298
2021-05-21,0.0030683660877284247,0.003140599866435778,0.003176130557620338,-0.0002650431339072945,0.0026119207510499898,-0.005477261106070275,-0.0019018748195955837,0.0018714860668787026
2021-05-24,0.008734926360004058,0.013306531303965086,0.013323923289292994,0.009419327712087311,0.011184530925378411,0.009525778658484807,0.00468086875812368,0.007714992910811347
2021-05-25,-0.003635850060044632,-0.0020443473552641533,-0.0019533865982216403,-0.001846494414142863,-0.0011576003513864563,0.0005189693424874076,-0.0008885560917494262,-0.00294481716189543
2021-05-26,0.0014249894687539122,0.0017595577380435934,0.0017527193868387414,0.0008228053448904316,0.0010568473399954481,-4.8845220451565474e-05,-0.00021586655670879917,0.0010241607908951789
2021-05-27,-0.0021525537552097296,-0.004824724309244077,-0.004790706748294626,-0.005912512867895181,-0.004661265227698497,-0.007641703096156749,-0.004991847496788604,-0.002684288257697953
2021-05-28,0.0031779248487815437,0.009319248296037586,0.009282111542000537,0.0038125940522635293,0.006778559349545299,-0.000865609974138315,-0.0006345339897143587,0.0021480180250443848
2021-06-01,0.0022249696225848936,0.0023512577968047843,0.0024142949557151017,-0.0047168742064708225,-0.0007021746815274454,-0.00465274813469807,-0.006314862752046291,0.00010230489283702404
2021-06-02,0.0049397051020523275,0.009872781866187674,0.009857812356341089,0.009454043233330989,0.007895058789385123,0.0038873426090773044,0.0037894291365760946,0.004467625161437949
2021-06-03,0.00020837120598726777,-0.0006901597391608671,-0.0006704364595425671,-0.0007904355292157605,2.839429756518186e-05,-0.004588214482851072,0.0002510192032143532,-2.7342252187922966e-06
2021-06-04,0.0070862885305302825,0.01236197106568504,0.012347633432496119,0.010501089022795673,0.010253207747240145,0.00939193332909194,0.003415723849703678,0.0062454574316879174
2021-06-07,-0.005038288694308446,-0.004807238375328149,-0.004817049912448579,-0.004431569248025569,-0.005220773105092724,-1.0355730762579007e-05,-0.004925678637595521,-0.004898278325927596
2021-06-08,0.00039495974254877275,0.0014489918694395865,0.0014914088211355203,0.00034052449330790324,0.0003184060087193519,0.0024472072099910314,-0.00027586814505242696,0.0002695519110045286
2021-06-09,-0.0024661962966591178,-0.003660805186919691,-0.003722771585356832,-0.0015969348273380257,-0.003506436434389193,0.0025464983313270295,0.0013268394191991995,-0.00155816214406157
2021-06-10,0.00033541428076722113,-0.004879179465397954,-0.004907912407965176,-0.001211777217955845,-0.0021579061192705806,0.008952598975231485,0.006995334712479373,0.001819373540494329
2021-06-11,-0.00013061844746653506,0.0025712288257286886,0.002606810896844891,-0.0014503577954839697,0.002306189959505378,-0.0003016865784927214,-0.00476077234305583,-0.0010051341883675624
2021-06-14,0.000767698638853842,0.005284683428264714,0.0052746822278744165,0.006582773666130359,0.004393828005055944,0.007198346370932418,0.0014427277771995595,0.0010401773432411332
2021-06-15,0.00015457525051454368,-0.004195178842012703,-0.004161799712328551,-0.004211242334259291,-0.004012562341251136,-0.0013892791704540608,-0.0005871270767568992,-0.00013552570300456868
2021-06-16,-0.003419250301979093,0.0007203634517505275,0.0006966272178197119,-0.0005149338156522631,-0.001424883685788969,-0.0016740810879983803,-0.004346513843030864,-0.0035821648529587025
2021-06-17,-0.0008657668001458285,0.008761864087539317,0.008753135413778423,0.011056393179706303,0.008636006360675186,0.008930811573803155,0.005204747046637426,0.0005546097300399566
2021-06-18,-0.015713069698666815,-0.00876552879131498,-0.008759063846492943,-0.007589608966883654,-0.009996833036794439,-0.0117811441778366,-0.01337796695618898,-0.015139075997818496
2021-06-21,0.014516324559817884,0.005567107728580378,0.005607350021313184,0.004623169937085336,0.008102615798464052,0.00932423982357422,0.008492020102288445,0.013491303916713937
2021-06-22,0.007203681229330572,0.010303818097604278,0.01031011638609658,0.009254751041437803,0.009329895942283395,0.008400580834489801,0.004865037764979263,0.006684369035933946
2021-06-23,-0.0014821898337704642,0.002250018474847959,0.0022441810042794774,0.00043551902696159495,-0.00037843404679893666,-0.0025784902883250194,-0.00420168332213855,-0.0022027069547934097
2021-06-24,0.004578019381580978,0.004907485806914469,0.004910903473545503,0.003534085622423744,0.0040285249468297035,-0.0008009945170650568,-0.00013138255748479377,0.0035094216624720342
2021-06-25,0.001098677341899057,-0.0065342591097620195,-0.006495274742822965,-0.004764115727890927,-0.0022412536808654737,-0.0017838578310478415,0.0006954961814795713,0.001244190687200275
2021-06-28,0.0042302824066868805,0.016841598545025427,0.01684056684335622,0.015064854696186458,0.01486655601259379,0.005198621118212454,0.003962373069495095,0.004225410815748232
2021-06-29,2.9829829803373897e-05,0.0019239802286881158,0.0018848481340376644,0.00038508206145526636,0.0007549478165138623,0.0024249141521497375,-0.0031705585111769796,-0.0004892007835867185
2021-06-30,0.0036333403568507006,0.003703275953303331,0.00369424574044408,0.0026923475200775204,0.002556964161635422,0.0017268864909796289,0.0019572032006156537,0.0031644832708510595
2021-07-01,0.004288871818367568,0.001514824778495072,0.0015219134534061318,0.003090744308300808,0.0036577499870844576,0.0037772125302835136,0.00214831251704517,0.003974909517330705
2021-07-02,0.007704595325864094,0.01154821188402888,0.011593709856539514,0.014302815947814684,0.01121900236580986,0.014699701087877548,0.010444026908400739,0.008422581057115908
2021-07-06,-0.0025878360445893422,0.009866557096094963,0.009837235528595834,0.009933991871829528,0.006674781950847697,0.010020619288492183,0.00480546628934575,-0.0008490776134272293
2021-07-07,0.0030948047502308285,0.0015508928314122983,0.0015585405662037477,0.0035245414585740598,0.002704404093254009,0.007819736711140113,0.006873247577046104,0.004132976337894556
2021-07-08,-0.008582394313313646,-0.009261859418061902,-0.009257788228446917,-0.006592755958514829,-0.009485351518221607,-0.00378746887724446,-0.0017027174948190948,-0.007174250603564247
2021-07-09,0.011524478008522188,0.011332223856171053,0.011345058945601671,0.007680707267018416,0.010403440593132363,0.004940071649309097,0.004833141354193549,0.009980296683333778
2021-07-12,0.004243357163391748,0.007881752840107614,0.007906593501137316,0.004716704754214485,0.006709748077460498,-0.0003447925406803165,0.00020123138631666926,0.0032754804591950126
2021-07-13,-0.004151049635386261,-0.007949824847089726,-0.0079047625640416,-0.006713018631583689,-0.0064132706735223755,-0.0003838360403042307,-0.003778103344087236,-0.0037895247462648163
2021-07-14,-6.207320345430478e-05,-0.0029701538492439283,-0.0030518604335133537,-0.0006655536054206435,-0.001022466856994253,0.006605923282437809,0.00563785025066843,0.0014780006010219893
2021-07-15,-0.0026814050483366936,-0.010650933039589527,-0.010649982162286187,-0.012973904856073415,-0.009034498750177478,-0.004008706769106474,-0.0021830712671673247,-0.002181452437281961
2021-07-16,-0.010790995364581502,-0.01775778766982339,-0.01780684340809424,-0.01528149605979301,-0.015237762256099852,-0.007312783349745167,-0.0034571260007913995,-0.008853496636857083
2021-07-19,-0.014832829451180696,-0.008371819212812048,-0.008426187394621976,-0.004514516024590853,-0.008268090373721115,-0.013190785764641055,-0.009020839406069237,-0.01392737505705588
2021-07-20,0.011014091858083885,0.012019461366013395,0.012040164342358883,0.009137722547640115,0.01071947492444214,0.01046845111548289,0.006274689692146396,0.010224763077163246
2021-07-21,0.01131869365030802,0.011507212872412298,0.01158260549808543,0.010163748445193299,0.01116124989678502,0.0038040384728601495,0.005019828104653623,0.009439302725080312
2021-07-22,0.0011594020997998111,0.0051491934530987216,0.005149872698277491,0.005471926171433994,0.004425993153180929,0.0072512082251439125,0.0021549943467382704,0.001618994943114016
2021-07-23,0.007380061707720875,0.004919956856652918,0.004882503663290683,0.00623529126365896,0.006239039127936552,0.00998179250569775,0.009649716251936002,0.008049573138850796
2021-07-26,0.0028040016279995417,0.0014035945483918955,0.0013712051679553028,0.0016576223945037327,0.00019615865487332407,0.0029390492246097466,0.004148988304625734,0.0028199836841511505
2021-07-27,-0.003389847000232704,-0.007356580423349635,-0.007387954216310222,-0.006650115009044444,-0.005670116836560712,-0.007569015524154121,-0.0020923149937418506,-0.003118781984045582
2021-07-28,-0.0021511674433558614,0.0017672066947338472,0.0017042018152026994,0.000912288013289464,-0.0003831418835879008,-0.0045587594741333115,-0.004600772311828538,-0.0028602642583337445
2021-07-29,0.005503220931160735,0.003223319831446414,0.003234619230900071,0.0019990664326439145,0.004007575729615631,0.001844893954372706,0.0018110230807868444,0.004690808109075295
2021-07-30,-0.007058178606055843,-0.02325256049082325,-0.023236769576683414,-0.02016696564213949,-0.014156604212284485,-0.014086609438378805,-0.01230937162786927,-0.007866728674542078
2021-08-02,-0.00026474772681872594,0.0016367762795750362,0.0015601771592568259,0.0018263995492024954,0.0017627464878251509,-0.0002692977276655961,-0.002246758227471668,-0.0005154040150785466
2021-08-03,0.01012500755950585,0.010420691808717741,0.010308154307396844,0.010357129080042382,0.010100897096299688,0.010914110261433407,0.010445209959536017,0.010239164602201978
2021-08-04,-0.005582780435437806,-0.00014741984322852453,0.0002564282069723589,0.00011587725818174022,0.0003019261638004256,-0.004018634573756286,-0.0073932546184294345,-0.005748076505025845
2021-08-05,0.005764867892518621,0.008172559182579642,0.007812219054532665,0.007758622582513475,0.006596128145147873,0.003829777298513859,0.004341398137551522,0.0052306198779144
2021-08-06,0.0035104652102719847,-0.004532415093992048,-0.0041082940546647295,-0.00498802039123003,-0.0010149693030967466,-0.003455653568733119,-0.002845501364724501,0.002204954107235979
2021-08-09,-0.002706780714906931,-0.00023330980656444122,-0.0005113738683993896,-3.2422225377803926e-06,-0.0011544879888898407,-0.001823926519510466,0.0007100970846389831,-0.0020512034652490074
2021-08-10,0.004234052794912069,-0.00097226890662927,-0.0011535325215275005,-0.001827795391709075,-0.00018607694649097617,-0.0016183947371171126,0.0014265511003073161,0.003506209828800788
2021-08-11,0.006472547138919316,0.005045106165913804,0.00480962358280701,0.0036616292480107226,0.004722469588480882,0.0014315454369397962,0.003959785347276368,0.0059831870397411
2021-08-12,0.0029949502836963404,0.006511447625286326,0.0064319810834365665,0.007110714935546936,0.005574660882069704,0.006808988687866391,0.0027827340535844236,0.0030735440495939237
2021-08-13,0.0005395708903310759,0.0026941665438908746,0.002797560144841338,0.003297405808085907,0.002446520750619463,0.0027059915397413814,0.00248017245235177,0.001053253839261581
2021-08-16,0.001827039128596164,0.0013595593735120648,0.0014542599557902935,0.0018962294780662248,0.0020824889940487257,0.00652293907838164,0.004462133431388571,0.0027577191548195934
2021-08-17,-0.00785758602418396,-0.011290418429002691,-0.011175847122254612,-0.009943341620736845,-0.010750789748250833,-0.00700242272035978,-0.004285567563866555,-0.0070434296034047605
2021-08-18,-0.012441399353725902,-0.01531179812293526,-0.015161246176366716,-0.015256651392129505,-0.014013738306097978,-0.012596392815311663,-0.011106332695092203,-0.011880263299742455
2021-08-19,0.0011445354935843977,0.0041939748273349675,0.00457042201877389,0.00568613069769297,0.0060621081732477045,0.0055695907170718595,0.0018581799169996582,0.001682719861344495
2021-08-20,0.009989107447889722,0.015925355336833702,0.015998707017811142,0.01581247264513097,0.01564002623965477,0.010547949698526793,0.003714740144912465,0.008940183667017765
2021-08-23,0.008890246983007666,0.017634328798760368,0.017438702564038344,0.01652084492714523,0.014601162253983224,0.005390089696831968,0.0024920680661868477,0.006857631811139964
2021-08-24,0.0006214275678617653,0.0012366167115964721,0.0013668401327264768,-0.00017365896080778764,0.0008271110670210469,-0.001432701208329723,-0.0019996015556636992,-0.0001208127621065147
2021-08-25,0.002807944367865467,0.0037182675215090555,0.003737365345642285,0.0030042010781667905,0.003811109045984251,-0.0028739337623706618,-0.0012382447043499667,0.0017314554138538885
2021-08-26,-0.0059395306848341045,-0.005516031054635273,-0.005361338019675865,-0.005141436248599862,-0.0050088567706012554,-0.004336648025514256,-0.004157026831976718,-0.005577269076118774
2021-08-27,0.008053957867667494,0.009428799246623765,0.009707824100815943,0.008924081542678763,0.01003343003323609,0.00532188519672161,0.003467784273944785,0.006881709952517356
2021-08-30,0.0032666124543427877,0.009166418515997643,0.009063278879467562,0.009401356387940485,0.007001469961473772,0.013757189091650579,0.00745908925311678,0.004400809947908257
2021-08-31,-0.003541727037969511,-0.0023375954494074813,-0.0022971102846753855,-0.0025728782573211095,-0.0029441774951669553,-0.001587586628809201,0.0010866929234745193,-0.002608274022565804
2021-09-01,0.00023243794312888255,-0.00016021545953048832,-3.761013869940655e-05,0.0006308222672029018,0.0015710310582988107,0.0028395747688771955,0.0032219160222433096,0.0010641250499108246
2021-09-02,0.007964459104869315,0.004892764142444994,0.004974066078380357,0.00528692275314091,0.005445386941612229,0.004132115074653386,0.004575548097748294,0.007264157563970919
2021-09-03,-0.00047771762836823495,0.0032160714024853654,0.003117504331098475,0.0037619882348483014,0.0026339857797752497,0.0020190659950640732,-0.00026702675087753036,-0.0004691872406537012
2021-09-07,-0.0036246470774868866,-0.0019073349839573428,-0.0017005983108614453,-0.0029190318526770564,-0.0014332920290930362,0.0009331180334697375,-0.005866887653631414,-0.003904880201080152
2021-09-08,-0.0027338148004210083,-0.005884650903965061,-0.005904094679648919,-0.004512419913159538,-0.005349858919450612,-0.0009271395424310658,0.003284382663267138,-0.0014236601463432086
2021-09-09,-0.005217520838744494,-0.009229066122267482,-0.008888738625875914,-0.010832011179018997,-0.007138176210789937,-0.008031725077544682,-0.009639932194390743,-0.006115928965339523
2021-09-10,-0.006046237295052048,-0.005021172797177953,-0.005227712263553896,-0.005464354603294197,-0.006189235522866876,-0.009737328149216018,-0.0037953902238948567,-0.006030593855749333
2021-09-13,0.007870517435481394,-0.001577677598410654,-0.0011693721703103233,-0.003435812627108903,0.001225226086462472,0.0037725445579728234,0.003470269919766622,0.0069664891956109365
2021-09-14,-0.006467916228407811,-0.006776564096919735,-0.006697611515317448,-0.005808883634245365,-0.005177560984765628,-0.0028798832810315034,-0.004214771270965478,-0.005798709162643689
2021-09-15,0.008419339758492184,0.006686440075909683,0.006677682848023725,0.007075438753451735,0.006190564804403165,0.007191534678540945,0.005276557441247887,0.007693651596253348
2021-09-16,-0.004178470073330831,-0.004052923863960833,-0.004103320497288343,-0.0031012885591804595,-0.003664299286414874,-0.0008097739435743989,-0.0038908840338924833,-0.003937131809602978
2021-09-17,-0.01013329845774813,-0.01352097060222146,-0.01353744353625308,-0.013046839629496931,-0.012023475026857855,-0.010095598455076793,-0.008144559015264008,-0.00982032888915807
2021-09-20,-0.02109765418554921,-0.02941906224029489,-0.02945655548349524,-0.026418415634550718,-0.025604397195805872,-0.019150381884636247,-0.016527742387749234,-0.01985526047228614
2021-09-21,0.0014593608308677286,0.00013565855930641746,6.436654348607185e-05,0.0010789528858803354,0.001347210107908836,0.001976063252649096,0.0010329997968241411,0.0014341403728148627
2021-09-22,0.011487412054642876,0.014794875712626387,0.01479999950248434,0.01228541816740214,0.012649806811693143,0.009029708949457094,0.004371752113656147,0.009743313606482173
2021-09-23,0.012113631006488879,0.015521485554037984,0.015302997665567863,0.014013302884684942,0.01257078234129927,0.00668577613266419,0.007577397341133052,0.010661835794784746
2021-09-24,-0.00030521552219642256,-0.0036710011190753677,-0.0037011691318910023,-0.003857221086994489,-0.003809720751550727,-0.0005763950701309639,-0.0011475725819374283,-0.0004935842913960098
2021-09-27,0.0013585756688538897,-0.003026426100931845,-0.0030875587372439783,-0.006165590686590172,-0.00515661486835528,-0.007400285911193238,-0.0047159332130723985,-0.0003543629471121079
2021-09-28,-0.015983635044552802,-0.020609033989626324,-0.02096564688898983,-0.019116355747109903,-0.022412666986984187,-0.021705665271212538,-0.012844460972610605,-0.015764388051353828
2021-09-29,0.0010639812445480956,-0.004150543193466638,-0.004132004608220496,-0.0021274140987495027,-0.0015904145292571226,0.003253245411519945,0.0032578205611224487,0.0017567953564139316
2021-09-30,-0.013729783056565803,-0.010027835271146146,-0.009970985176768532,-0.009234503794019133,-0.009777270306587371,-0.011022700772426952,-0.013381434439047157,-0.01355941810711625
2021-10-01,0.010802753644975738,0.004535134847257316,0.004378746940361555,0.0023084261728003597,0.0051086799661641535,0.00730814043179473,0.0036174424973103303,0.009322340427407205
2021-10-04,-0.010880796221969469,-0.024121109448345335,-0.024143513103540903,-0.022722299702882864,-0.021159834363509877,-0.017493685250057123,-0.009370189837014875,-0.01072115656218553
2021-10-05,0.011108729012103247,0.016812846788607505,0.016935495549305957,0.012874137094164295,0.01472502713549484,0.011449894992800358,0.004209133570923118,0.009834271235902525
2021-10-06,0.004350426964435661,0.006350593068479959,0.0064166200773663196,0.006295253985366456,0.007036136962243145,0.0077500793379914334,0.007085422620286996,0.0051814680548960546
2021-10-07,0.010188852634388956,0.015794647170448428,0.01558713669991807,0.01397824118082136,0.013146209213095394,0.010844654562011335,0.009035789619091128,0.009962966571167131
2021-10-08,0.0007732074120312404,-0.001972334951000798,-0.0019925966080578394,-0.003993047573339292,-0.003631840832127531,-0.0022674218430986937,-0.002176729080129447,4.2030358840206006e-05
2021-10-11,-0.007880284251151615,-0.009491808987891481,-0.009487077221360218,-0.007618782300609861,-0.009005326128699531,-0.004285841568173687,-0.004861392727253944,-0.0073535644330704475
2021-10-12,-0.0026231768917694964,-0.004631928721332446,-0.0045988738660163175,-0.00720903370165038,-0.003457425648095258,-0.0035187513165360063,-0.003759009561036364,-0.002760310555498413
2021-10-13,0.0031795015187752185,0.0035692304653398566,0.003687113074627435,0.005395115222000868,0.005572780603710692,0.005661778008072549,0.006184409169361693,0.003860005330614369
2021-10-14,0.018170961686200693,0.024450946926782624,0.024092974029322756,0.019810681272955932,0.022012571943856196,0.016249918974535316,0.01096983330689949,0.016923887988341768
2021-10-15,0.01205705152704395,0.019965312433056548,0.019930277794921958,0.016162774789038492,0.015136209706008374,0.012664948515432428,0.010673018599962614,0.011773067939731208
2021-10-18,0.001750594781310122,0.00729186439451901,0.007417943380855663,0.005136844794237039,0.005316845726957009,0.00486011733514391,-0.003937660981543023,0.0007273467355892738
2021-10-19,0.007633396110132917,0.004926204750916208,0.004980993467061268,0.009031723773543998,0.006417936853817974,0.006217043675073031,0.005682708813254278,0.007236768932519233
2021-10-20,0.0052017213917088245,0.002361610409179926,0.002030205709116828,0.00024903479964533126,0.002331066524968506,0.0009056808642091685,0.0027441356732194055,0.004894043799696268
2021-10-21,0.000958025671110363,0.007590710919180621,0.007558581634428352,0.005344489579792722,0.006246839865653664,0.004761521099669208,-0.002355494855371565,0.0006577860480438957
2021-10-22,0.003610809488127087,-0.00195977153456961,-0.0019343313746857937,-0.004572129522000368,-0.0010128752903848515,-0.004116376140608002,-0.0018779989873005665,0.002508482281842639
2021-10-25,0.004091889808883087,0.004578429127359396,0.004536482213849613,0.004845843520368653,0.004742869818635587,0.0016508985263479214,0.0011918869748546168,0.003331089138108201
2021-10-26,0.010465206471620858,0.01851358990037566,0.018682946166854952,0.01906580586432538,0.018542262626972894,0.010528170666940895,0.009181867035924274,0.010056095696836298
2021-10-27,-0.0036468080004504744,-0.007062477857069482,-0.007093561907868362,-0.0077291050891894475,-0.0055749384300055604,0.004569070583254842,-0.00166331651110585,-0.0027388060876017972
2021-10-28,0.010349016254088683,0.018949014847770895,0.018615298803541735,0.016819812003660672,0.015687932263029447,0.009543759253022754,0.008105944693196143,0.00984369147894415
2021-10-29,0.002020253119912052,7.066331715321894e-05,-8.760795573770075e-06,-0.0007316963970473989,0.00030752951542800666,-0.0022411933124013572,-0.0031724850669991866,0.0008898177074216918
2021-11-01,-0.00024616851971370757,-0.0018008089839811614,-0.0016749146110852653,-0.0003995408077532847,-0.0011224991798717276,-0.006261601556474594,-0.0023212162631578437,-0.0009748284146029462
2021-11-02,0.005309916228890099,0.008735976069200735,0.008727178107965416,0.010741991648344662,0.008429873104904617,0.006253776468522876,0.005815583028282001,0.005340981369104547
2021-11-03,0.0007668382365535464,0.005608247614891315,0.005580696276174635,0.004075576569944284,0.004795542099810701,0.007930166399672034,0.004010027379312442,0.0016075350602930971
2021-11-04,0.009179814479958637,0.025133409339995083,0.02540317307284634,0.028108375515418782,0.02608832478152956,0.01091383208786545,0.007149660053977769,0.008221255881064149
2021-11-05,0.0025280699364715886,0.0024604763376459005,0.002597333737144547,0.002200275229697235,0.00244229643652516,0.002284622043294604,0.003940902373794408,0.0026959559238000086
2021-11-08,0.0058609065784140935,0.009884151120629348,0.01006959843500388,0.009427312363566642,0.009477412732803225,-0.001105638881537696,-0.0013098152752996084,0.004093433526517032
2021-11-09,0.0012699867403187515,0.0029103352609880506,0.0028609105030601434,0.0016990181959632977,0.0021606236836893,0.005952428343827476,0.00520694286176937,0.002088660221983174
2021-11-10,-0.010430344530331537,-0.021804082660529245,-0.021713192924701308,-0.016451597825863473,-0.01738904613168557,-0.011383357082126344,-0.0030457055324605298,-0.00886244334847841
2021-11-11,0.002338773863451271,0.007366306145934809,0.007362216276623368,0.006066507220049866,0.006349089935276497,-0.00034175975195216424,-0.0020906450572939494,0.0013139194365354712
2021-11-12,0.0051671794558694195,0.007304383469191711,0.00730427190116778,0.008088321557728761,0.007167765478518717,0.010075117117451793,0.006390065944672951,0.005698262174072433
2021-11-15,-0.0006653803774833156,-0.004519917864954981,-0.004473155831920761,-0.004358992382580085,-0.003822498716729572,-0.001175588321203902,6.811735006873043e-05,-0.0006012085278985779
2021-11-16,0.002920718073235351,0.0002553303762813375,0.0002103682134328988,-0.0008170543688287291,0.0018116447834786165,0.005215904294797236,-0.0017923584375655333,0.002231227384233092
2021-11-17,-0.004291114430500564,-0.009977090258737276,-0.00977060558276388,-0.007101867692132169,-0.006788784642519974,0.0025528012745137385,-0.0006920417497974229,-0.0031023123687352605
2021-11-18,0.009240095585536734,0.030745576277329878,0.030654143916371224,0.027341512502048637,0.026925226733910623,0.017939557309740728,0.005930105128802321,0.0086187604883885
2021-11-19,-0.0019206381267098394,0.006523820321770124,0.0067399262709280094,0.009429319724017615,0.007952241610220012,0.003531790299087234,-0.0028749798905719492,-0.0018863354848505098
2021-11-22,-0.001230381580701989,-0.01000761174528031,-0.01018280925243531,-0.014056265279913993,-0.011199148773171963,-0.008976014733374282,-0.006271409269149708,-0.0024086666859920447
2021-11-23,0.008802125577334063,0.007318428054135406,0.00706296245501159,0.0038415456992162422,0.004730141723334524,0.002847565630621496,0.006918532051179316,0.00819410602156978
2021-11-24,0.001923438122434673,0.005127180531440789,0.005249104637160773,0.0060690919737802496,0.006435001983598143,0.001272121042664054,-0.0022820241294226884,0.0011016470948461698
2021-11-26,-0.024529555874361564,-0.02745950293784427,-0.027494514466448683,-0.024199940219095106,-0.025712448636648122,-0.022018532948693048,-0.018449287822520644,-0.023212862154919245
2021-11-29,0.013290216990315962,0.023527513429723923,0.023448207628740114,0.020626783651822134,0.0228601614125159,0.017217640109149057,0.009341953518627433,0.012847464180586243
2021-11-30,-0.01598967963506981,-0.009563395577164124,-0.009531856895200086,-0.014174939595821612,-0.012727038458794304,-0.01062767524462327,-0.02233734977254187,-0.01687658622628907
2021-12-01,-0.003153922400617626,-0.010951127062009736,-0.011006339400323917,-0.008184854558553556,-0.009413768170732473,-0.0035707976552171727,0.0011833365954192487,-0.0019884041827686882
2021-12-02,0.013022294789174271,0.012120937934892329,0.01210238928225249,0.007759649831180493,0.010533230592958853,0.003815437495039431,0.007033315591526534,0.011357365828209565
2021-12-03,-0.005699474386112735,-0.015705490402112,-0.015606300161621123,-0.008924421234253854,-0.011883530555603317,-0.006758675895001343,0.004254952507111831,-0.003731991340794827
2021-12-06,0.014389175493020101,0.008998648501453044,0.00903389128537646,0.00988655744591993,0.009725093182554989,0.014785302859842586,0.017363878985787284,0.015144408925100272
2021-12-07,0.018345049624531873,0.03206034060034857,0.03199436843999792,0.026857381350362308,0.02912549209371984,0.021199088776219233,0.009512839661014239,0.016530169821757035
2021-12-08,0.00020007094336627063,-0.0026903872587390465,-0.002579619328390459,-0.0010790834374788671,-0.0010260342281764867,0.003670468134875371,0.0016705657240005944,0.0006865529711765905
2021-12-09,-0.0029811570564620693,-0.011521628378630244,-0.011463445034252895,-0.00855525273003821,-0.009227517388610273,-0.0041638180769437705,0.0001852158351935973,-0.0021932984365805597
2021-12-10,0.005762694425291759,0.0007291301400691452,0.0008369046007006276,0.00015898041422479636,0.0021705672277385624,0.010043601726552831,0.004977638070726265,0.005996649106782437
2021-12-13,-0.008430411834711271,-0.023063126373983556,-0.023092437335427873,-0.015739695511929108,-0.017736999004239973,-0.008503446797443637,0.006142379756721494,-0.005317341096743422
2021-12-14,-0.0014500076114082328,-0.0025239847869238385,-0.0024415080555556523,0.001139376040534712,-0.0010759095222158122,-0.005707110052203479,0.0017544572132663916,-0.0013002893221345513
2021-12-15,0.014237742345254878,0.028545520965886473,0.028633648832692593,0.024900509691137884,0.02705776064178278,0.021119250803966372,0.01011579436330634,0.01371413631419749
2021-12-16,-0.004943917870646297,-0.023748729980125116,-0.023845283432222475,-0.017971384288788528,-0.019046668285941037,-0.017606498997031594,0.002439457882317919,-0.003873762059638741
2021-12-17,-0.018604066068409808,-0.015990812888286743,-0.015892601180165666,-0.016591728321220467,-0.015521016610704153,-0.011242940537556256,-0.01680656826680149,-0.017956651573882598
2021-12-20,-0.009763682998826684,-0.010817167967275054,-0.01075804000805003,-0.008438960093693937,-0.009955910921449762,-0.00786102436902425,-0.007362641905347522,-0.00926120235301453
2021-12-21,0.013425017040383569,0.020435063972302325,0.02037624244489633,0.015973541492530385,0.018308122567407326,0.013528296733282152,0.006059942083246783,0.011832319559341276
2021-12-22,0.009403597385749807,0.009226158186184996,0.009311350284710418,0.009047962714209712,0.009732419544178805,0.010189221661134562,0.007406832565339583,0.009102014244871004
2021-12-23,0.004597777828070582,0.004570953857027993,0.004654101510704667,0.004882206910325815,0.004910416002693374,0.0032566423759330387,0.0038610664720046817,0.0043302090633865475
2021-12-27,0.0125080056193827,0.015021519933158478,0.015035662482604684,0.013584330398628275,0.014513631850508135,0.012477821809151024,0.006074441853967327,0.011249192935835595
2021-12-28,0.0005888607931023859,-0.0021742679078040617,-0.002167915295475553,-0.0012406744823012517,-0.0015693202454216681,0.0007606597254616876,0.004088851698750062,0.001370227811311464
2021-12-29,0.0007004201785072439,-0.001802125752320971,-0.001735919602286029,-0.00015510892099235285,-0.0009103813360354929,0.001025293399254501,0.002527869359723489,0.001190033337469032
2021-12-30,-0.0034313696904011426,-0.004168277323322145,-0.004248036977605452,-0.004147035799049847,-0.004506548194201598,-0.004120486223308628,-0.002526188976101129,-0.0031293329669215275
2021-12-31,-0.00010096931262926212,-0.0018116453517659226,-0.001791125789283532,-0.003053797444612205,-0.002426887482863127,-0.0024678443830874475,0.0001872293894045196,-0.00011385522811202531
2022-01-03,0.007590150869645207,0.006257299960845675,0.006615649082208019,0.006396509156794128,0.008367679992097532,0.007120533164846066,0.002816525276734705,0.006293415372498279
2022-01-04,0.007336963131943985,-0.00688413618408279,-0.00689062036050192,-0.0037141680886739747,-0.0028553457637393587,-0.00740922923287779,0.005349622676192878,0.006183106276277606
2022-01-05,-0.009662212000841053,-0.02116355547140769,-0.02135655007914017,-0.01490955250664372,-0.018324939184821698,-0.01416643763736336,0.00019097155003278132,-0.008080483921859005
2022-01-06,-0.0053747309710902025,-0.007869312155936337,-0.00783207349898285,-0.0021931321434934814,-0.007384057020955237,-0.010749284570443884,-0.006530580347052672,-0.006424075394773854
2022-01-07,-0.00164929005988379,-0.013203644851980778,-0.013224963571910053,-0.007626750301448659,-0.008649007628773298,-0.002378953892336444,0.0013523593326150163,-0.0011420027227838636
2022-01-10,-0.0036035222878583184,-0.0051686119183410595,-0.005055958060153909,-0.006599323642388799,-0.0038108592677661424,-0.004000985296256587,-0.007368631627069688,-0.004404336037770462
2022-01-11,0.007718238691805102,0.009693290828601153,0.009784503424226987,0.003925944362249467,0.007873197556578893,0.006599110752437021,0.0017206359863781717,0.006433222657245663
2022-01-12,0.0013480851380329728,0.005319579278317166,0.005004568100683393,0.002857621175211822,0.002013282056562815,0.002450440355671768,0.0008462227371495157,0.0013674472714895192
2022-01-13,-0.010547751902274083,-0.020585349976728673,-0.02048107110111319,-0.017422225482178866,-0.016742861773014317,-0.01744318683206636,-0.006780576796590054,-0.010006531170244415
2022-01-14,-0.0036368677996083676,-0.004100186615352608,-0.004216509395765788,0.0010455222653786844,-0.002450655571301086,0.0027185566345935275,0.0014812796251353344,-0.002889192551155828
2022-01-18,-0.017753034954056335,-0.021702000681003475,-0.022059479202912402,-0.019137560789134422,-0.023492662035363376,-0.017394555035267434,-0.011743781938833187,-0.01677921847084385
2022-01-19,-0.00638716184326682,-0.013896393717800826,-0.014053921317703555,-0.007105967468421404,-0.011344783799135838,-0.004798362709454995,0.0009332402908113213,-0.004759360483703401
2022-01-20,-0.008236229996818167,-0.01852207040068843,-0.018481258079206753,-0.016636471071636127,-0.01416798748241832,-0.011140326858382621,-0.00888839856880852,-0.008163218292276397
2022-01-21,-0.013951446095283537,-0.02161574604830252,-0.021588549206780328,-0.019363560426728044,-0.01876994904213003,-0.018260539201451653,-0.014741554829113546,-0.013978482914639656
2022-01-24,0.001474806101692927,0.007815131555120258,0.00782902635504179,0.0023158124444762063,0.0030015922224371216,0.0008117783395493738,-0.0015539730540183871,0.0008838127459394052
2022-01-25,-0.006570880398158563,-0.02559103126342932,-0.02558224667781117,-0.016300803773010575,-0.020840402841415973,-0.013473292986570629,-0.005483649191190709,-0.0073086718806368856
2022-01-26,-0.0010643842010554794,-0.0026427623963759528,-0.002500513396285875,-0.0014003616169397937,-0.0009345785606453827,0.00033150872204945614,-0.0056453114335133225,-0.0019632223857012354
2022-01-27,0.0013255515893155767,-0.005674357479120151,-0.0057386474759465456,-0.0027718109742030927,-0.0042758811783237816,0.004190783863264658,0.0053683569621107985,0.0021936889639073698
2022-01-28,0.010346741080174082,0.02827972343490126,0.028420862530351032,0.016947957685397252,0.020380827822953584,0.02963026807857183,0.009907449860442785,0.01099908640154501
2022-01-31,0.01744908869460704,0.030958933570725433,0.03105828937619126,0.02355590974403987,0.028053038095505967,0.017559749907383404,0.01192094113894937,0.016683411549473393
2022-02-01,0.008429334639522335,0.005747380258807722,0.005646077069525912,0.0036024218779642236,0.006817888250539639,0.0006726486117114572,0.0026698608297894832,0.006642118574546219
2022-02-02,0.007299685356691565,0.010421066232319864,0.010572332692468933,0.011073289793823493,0.010095442417071832,0.007054583270250658,0.007133645742598338,0.007460059692286469
2022-02-03,-0.018311083635973557,-0.026991167600231458,-0.026812917591788166,-0.021637943054593767,-0.02512793880216202,-0.026021533972878208,-0.018710791475498922,-0.018081940353398274
2022-02-04,0.008142000577899378,0.006244950324955756,0.0063528505750372055,0.006033391670778432,0.011781170936462804,0.02337328622684276,0.015404968181478962,0.009070942041037311
2022-02-07,0.001811760864224743,0.0031957737407475317,0.0031732810560161084,0.00212844653259725,0.002544680570939928,-0.002228572655841643,6.332235025552357e-05,0.0010557617809399122
2022-02-08,0.0062353968377444335,0.013975030927874554,0.014053268994064005,0.009554813855593647,0.009851405763855237,0.012845143552895788,0.006177338111908348,0.006402998839669438
2022-02-09,0.009754353324965104,0.019345211525707118,0.019304430747672408,0.016003837383470332,0.016309021484043118,0.0054440708902929735,-0.0005099630351788065,0.007726056609434151
2022-02-10,-0.013200410926428652,-0.016696291249526762,-0.017003639343104116,-0.01664360523558006,-0.017355269302985366,-0.014745606288426472,-0.008235834552355215,-0.012575122313754128
2022-02-11,-0.01671148741393247,-0.03132011621178665,-0.031160134573092302,-0.026940315443512275,-0.026265693632765763,-0.022022002042515587,-0.017087936539438964,-0.016602862164015852
2022-02-14,-0.0026438906396892836,0.0018013557386462598,0.0018281175829564233,0.0011137064381301354,0.0007809465506842805,0.0008739365168413116,0.0003349588850998231,-0.002102611101813756
2022-02-15,0.013727296902465547,0.030307748408800128,0.030148106952891496,0.027923680898265024,0.024343274881315935,0.013932121432351341,0.007604917662647148,0.012246045107107362
2022-02-16,0.0009757223571782436,0.0019979505047600377,0.0018935550177632265,0.002787451611460323,0.0015802110729610241,0.0023250195800066376,0.003929327113824543,0.0014742408246641858
2022-02-17,-0.017081356672924763,-0.03414372739377458,-0.03405566207711941,-0.028001245223660542,-0.026833217976411916,-0.016623535511355314,-0.005218197924075074,-0.014492571596446235
2022-02-18,-0.007118635484680724,-0.012600531263156634,-0.012671543716086142,-0.013172267153419126,-0.012068184809288618,-0.007725408693552316,-0.004789551533802117,-0.006690318566729858
2022-02-22,-0.0148256876380497,-0.01861451719985696,-0.01906194254623661,-0.01235116089681565,-0.017866851001006268,-0.011575848455759319,-0.015179188080682748,-0.014931883153004089
2022-02-23,-0.014637746115387262,-0.024971318955379962,-0.025011249442724814,-0.02204184497764905,-0.02105760097524545,-0.020747800237057135,-0.015082300938819904,-0.01483275833555786
2022-02-24,0.004384778121584665,0.013933233530386113,0.014180596060739958,0.0069704894578186405,0.013732109653069369,0.012885698762648667,-0.003862043687933192,0.0033120348569699587
2022-02-25,0.02762860991683347,0.022217030721799036,0.02209972961729978,0.027112006888332152,0.024884035925396564,0.02432579255322631,0.033446609228160895,0.028605026147467738
2022-02-28,-0.002716098744660167,0.0003839988822347262,0.0004702447972984025,-0.00218936791622093,-0.00011234384921687823,-0.003294125828121275,-0.006548845237073997,-0.0032868411521463914
2022-03-01,-0.011282262197135129,-0.014319674065004229,-0.014214921556837679,-0.012603989769166324,-0.01434976166889812,-0.012892119634413945,-0.011805346369924141,-0.011177745554059926
2022-03-02,0.01964355260360584,0.021647153253916196,0.021611550838136484,0.016897033460697486,0.020933335769160344,0.015256627784838495,0.01282759390735344,0.018021689078428382
2022-03-03,-0.001763440771069158,-0.004338764181290644,-0.004332553431271591,-0.001661146465304797,-0.004026991532969926,-0.007505354878418635,-0.0010241511008712845,-0.0014059543080477965
2022-03-04,-0.001761374194654719,-0.00011155981765875733,1.188363418669347e-05,-7.427810874693908e-05,-0.0033206811570863914,-0.009204022258648692,0.0004936757375275658,-0.00110733206220881
2022-03-07,-0.012856014094978052,-0.02245384396153771,-0.022355722047961768,-0.015195204449901634,-0.019960461470794777,-0.02473899001161839,-0.013202508197928342,-0.012406343052941637
2022-03-08,-0.004224368558251146,-0.002495381919188744,-0.002585370582910418,-0.009066421027330018,-0.0028040600471146426,-0.014418609172201613,-0.015561673147393096,-0.007426682847828658
2022-03-09,0.015358158426533652,0.01703792445330299,0.01689120288438728,0.012258080401905236,0.01982036149541555,0.025825443085276234,0.010807613267514338,0.014539550948759361
2022-03-10,-0.00026580084577720875,0.0029725470549084587,0.003062671889533908,0.0018161400282579176,0.0008630999829837283,0.0004961102971745568,0.0028912314623879,-0.00011329438518847823
2022-03-11,-0.008873796464849093,-0.011962318797785643,-0.012005448758074078,-0.010213944852523471,-0.010350069190543043,-0.013122388654646877,-0.004381314663104874,-0.00828901019884909
2022-03-14,-0.005016485168659379,-0.014587654942590178,-0.014674283543035238,-0.010013387469342883,-0.010525368622191555,-0.009118376313174803,0.0029219026309628138,-0.0031955035092957607
2022-03-15,0.017585556069705133,0.02240427589452354,0.02220877294922219,0.0227658030611515,0.02433537328428992,0.03145287437132316,0.024319256471276862,0.019448312255378797
2022-03-16,0.01569711335476698,0.01981391605749372,0.019798606735270674,0.013782104927791528,0.01981537971172842,0.02216008476465814,0.007158280409327089,0.013725962014562443
2022-03-17,0.01367726796564428,0.016149566732670095,0.01616904036232003,0.014761122759446188,0.014942949683228735,0.012861075937237842,0.015247599521700739,0.013657164484275341
2022-03-18,0.008648358482061136,0.017882176866347965,0.017868006102662592,0.011581188947527243,0.015670206424047928,0.013826773910491585,0.003097307673903149,0.007226904365616571
2022-03-21,0.0029554926499932854,0.011975664077126469,0.012052014617837337,0.010662982795569986,0.006700433085818247,0.00017151691384453827,0.004717736345840606,0.0029104726248454504
2022-03-22,0.005383971939285859,0.002633554704991381,0.0026035309947305407,0.004365835075760938,0.003801066970620548,0.0114148307098767,0.005401889127680581,0.005617533162876942
2022-03-23,-0.008971292239629669,-0.006362859909395779,-0.006313676054432782,-0.00460128276478089,-0.008754376008611398,-0.009131944998732933,-0.006861189480962149,-0.008467223767166687
2022-03-24,0.014580551204987025,0.02707294398741733,0.027110597554884208,0.017765715292799245,0.023384347109816517,0.014327444219038643,0.006062403411082995,0.012708691678206652
2022-03-25,0.0042691637478955435,0.0025752432438668205,0.00259460407173262,0.005926468795294015,0.002501183696565601,0.0028460528200742186,0.007946598745870226,0.004837892142612876
2022-03-28,0.0032305151314837577,0.003713647701899081,0.00363841949076793,0.0047490275199635335,0.00545717676948132,0.011445508002377425,0.008084824314179118,0.004326969024687433
2022-03-29,0.004770711932469585,0.005585879232980151,0.005558507340650554,0.005607137357060088,0.006111061957788877,0.008485731482599013,0.003499501929171256,0.004660720909895222
2022-03-30,-0.002650935178740932,-0.004466391007850623,-0.004396823788413218,-0.00356953666562021,-0.005778564899951766,-0.007334310814599676,-0.0020264642746661288,-0.0021987490860453374
2022-03-31,-0.01565698102909785,-0.014569925461366706,-0.014609085271784505,-0.014081711041432743,-0.014886401490828982,-0.01772470448019281,-0.012473328416287122,-0.015125367857447336
2022-04-01,0.003048643431674325,0.0003150969779979196,0.00025705029573552807,0.004489143734978551,0.0009548455420462787,0.003017785696373565,0.008125979846913545,0.0045881980934363575
2022-04-04,0.004966239172057962,0.0069337577920771665,0.00693788596336864,0.0020463035353506243,0.006238604424923855,0.012746620921822771,0.0008207985934889361,0.0035296053044970854
2022-04-05,-0.008536586539539148,-0.011377545144248602,-0.011495087796026038,-0.004436666034724812,-0.01137185656738704,-0.012583380742433814,-0.0017764541798300781,-0.006032347170689789
2022-04-06,-0.007630026567080228,-0.0030241647783604275,-0.0033913112984762517,0.004803803807459817,-0.006428222844141462,-0.014156169365524551,0.005132321847796106,-0.003925074448719812
2022-04-07,0.00451194586272563,0.00643982918337449,0.006307872536388537,0.005285132586451358,0.00448024863702412,0.003440145838282005,0.0051499653966491366,0.00492501198791051
2022-04-08,0.0029550069916004507,0.0006248079610067236,0.0005541424747321777,0.002777658183158227,-0.00025540598697082473,-0.005608632295751481,0.004307772693050271,0.0034352571795253084
2022-04-11,-0.016813994029966417,-0.023189265057144248,-0.023242271253486102,-0.01627936266878105,-0.020197582067066344,-0.02225406859656409,-0.011072421235269303,-0.015324417446715421
2022-04-12,-0.00016266013571941684,0.0030129922616239924,0.0029474289933832942,0.0016196582023213502,0.0008698924191179458,7.967489726334875e-05,0.0007836402407939147,-0.00022552705738776435
2022-04-13,0.00919347180978991,0.013086030939075899,0.013081285953306043,0.008905392300496251,0.012381130066091872,0.01669746771754199,0.007417781959733638,0.008385555761039054
2022-04-14,-0.006820583556723436,-0.008771838956189382,-0.00885772476758917,-0.005885699840664782,-0.007781125577023373,-0.0173339037386816,-0.00438369089869961,-0.006469587285902412
2022-04-18,0.0023884446005304483,0.004739254348351762,0.004919103948784809,-0.0027395922005291062,0.003087580410100932,0.0006008483280102173,-0.0065523201919311935,-0.0001413201363231753
2022-04-19,0.012320817072887458,0.006551237088440409,0.00655415587151742,0.014139534980290858,0.011107990412944302,0.016604335219997823,0.017932528749894594,0.013402886876096476
2022-04-20,0.006200634382875547,0.004212140468578873,0.004016550413033393,0.007754626038535939,0.004095976866464568,-0.0006527300689852522,0.008939685791436114,0.0075467014021575185
2022-04-21,-0.019046934424575834,-0.021863606736879482,-0.022283923686836182,-0.014179509300974336,-0.020132227732367114,-0.02102892674942869,-0.012563586586840647,-0.017338155759313745
2022-04-22,-0.028907128849266384,-0.02786474444614273,-0.02803773536002152,-0.022634849484043595,-0.028752440305622295,-0.025696305784780438,-0.020431238783789496,-0.026607056493857306
2022-04-25,0.005561646543514653,-0.00022961151835587668,-0.00025092978590646187,0.006749867906185925,0.003942924825633742,0.00925796674571866,0.010415602254167933,0.007009353711668664
2022-04-26,-0.02294344555766592,-0.02374842344832706,-0.023758019207278047,-0.01849132076031401,-0.02384390314949003,-0.028937395261250387,-0.016932432196878122,-0.021259877039867425
2022-04-27,0.00366558931204497,0.0006919261700335522,0.0006484804380593179,-0.0013874633514767698,0.0011576150918282124,0.0019576636883513743,-0.0010099340816646096,0.0026914235269372977
2022-04-28,0.024243844144223647,0.03282459387474668,0.0327731487937688,0.023228558782964148,0.02869617440264549,0.03383197461106335,0.01896211339255305,0.022570549912955817
2022-04-29,-0.03523403287660898,-0.03144993176670052,-0.031682145223611236,-0.02850529182165351,-0.03412027752637403,-0.05243471465016458,-0.03518739623121059,-0.033856549551718906
2022-05-02,0.0063383585518623775,0.002430098605406217,0.0025472702651112566,-0.0035463054040847375,0.0034051502241727594,0.005601810315538636,-0.0047226872557526445,0.002650566165391055
2022-05-03,0.004162647193809654,0.0032523439349163574,0.003253697082949314,0.0004158139681602613,0.003636405700867318,0.0007733903844231449,-0.0023817560964990436,0.00251210035569982
2022-05-04,0.02858771483207434,0.029350390715483954,0.02944043537915353,0.025023333670469716,0.02865860765908801,0.026557872398781823,0.02183624794315464,0.02657055061845437
2022-05-05,-0.03324323435924725,-0.03306703127230459,-0.0331023562159547,-0.026942496092542068,-0.030965246283121917,-0.044967042392324075,-0.02511413993312106,-0.030503586669139104
2022-05-06,0.0006345057793741837,0.005777056900403421,0.005721162478967479,0.004317575216638003,0.004428696273632404,-0.00340811433664856,0.001644280993935432,0.0011421420359538637
2022-05-09,-0.03139154343460593,-0.039192101040759986,-0.03923125459552046,-0.023722126042839742,-0.034582472767937134,-0.029141280296974825,-0.013693307096437235,-0.025911115470084845
2022-05-10,-0.0008507989048996967,0.004634670143212505,0.004658723604082482,0.0003047660932959939,0.002641684358928309,0.0025276333143591234,-0.005160164816689794,-0.0021444339316857297
2022-05-11,-0.011131686222833781,-0.013603769111192321,-0.013674266631420462,-0.010067053778849755,-0.011137183282568186,-0.024521997690491015,-0.007275999556722645,-0.00985042491900956
2022-05-12,-0.0041280983694697015,-0.01155052538608714,-0.011503683602732462,-0.00586118038515715,-0.007751192972674903,-0.005252455035934966,0.0009307382209506887,-0.0031517027787167917
2022-05-13,0.02420322459097002,0.02531494447460947,0.025486436244312793,0.01720890170655931,0.023963209493660598,0.027992359486420426,0.014110527357129143,0.020627513377497797
2022-05-16,0.002292136230376718,0.0052640405968611415,0.005182176349131984,0.005790849673802612,0.004976158009557974,-0.004063726688838476,0.006060327729120907,0.003496845046813579
2022-05-17,0.020276288438221046,0.015972700781112126,0.016015942528566196,0.010966356835135471,0.01648593292796341,0.02302475840938145,0.009634328103575784,0.017172100010007352
2022-05-18,-0.03892736316318579,-0.04495025960687171,-0.04510665539569869,-0.043238501207301216,-0.04121995491661723,-0.04850121503975802,-0.043313082686915805,-0.03930671183866197
2022-05-19,-0.004035750510654967,-0.005822031751625101,-0.005952551384289073,-0.009260710541572625,-0.005308477540672096,-0.00612029298398864,-0.009147263177676668,-0.005494144283679447
2022-05-20,0.0005093590867997211,-0.0029516468776761284,-0.003008408898081072,0.002702397712821769,0.0003884381544962956,0.0016875092068158182,0.005553366966509321,0.00242420545492128
2022-05-23,0.023455914761781216,0.024710991710687802,0.024771948828302692,0.024221503622584573,0.023106423944931453,0.022412592994332625,0.020025850058903005,0.022865967924544206
2022-05-24,0.0017855225934120256,0.0006337799418676404,0.000556292903993505,0.006589269057925229,0.002344415752439488,-0.005968691791800151,0.011204663346909616,0.004854392368967009
2022-05-25,0.00811296478347523,0.007658865354586375,0.007744934968416661,0.0017996182097452795,0.0068383398338267565,0.00805347768028808,0.0010446169312479103,0.005273459078510401
2022-05-26,0.016245123238835646,0.014938375099345702,0.01499975778594842,0.01038144538180541,0.01421386177189321,0.02054760101241282,0.009785512706200539,0.013993436839131457
2022-05-27,0.02158024325718988,0.021568305004691535,0.02163760985763985,0.017903078980440856,0.021246749480258842,0.026364493872892636,0.016525958444179922,0.02012865103294792
2022-05-31,-0.007877290859947594,-0.010920416292144464,-0.010898059018027317,-0.011383716850510206,-0.011884015995361707,0.0007713584597650591,-0.009901421347832451,-0.008755880464663024
2022-06-01,-0.0038605950571943826,-0.0006291462566543338,-0.0006095096588489834,-0.0031188741206207293,-0.0021946119116416085,-0.0011820218696121376,-0.004440354027446358,-0.004290660130819579
2022-06-02,0.0174608835180472,0.010877815356982623,0.011018573158142031,0.008658592675598653,0.0134117389718027,0.018900906803454465,0.011519190575000282,0.015254518356790925
2022-06-03,-0.010188058406352285,-0.008266466780837756,-0.008254431931607242,-0.006603237705342546,-0.007857633702966549,-0.017649175040476806,-0.00509794579171452,-0.008573592379213069
2022-06-06,0.0033431333581706024,0.0016157755740746627,0.0015410425714859066,0.0013816364494843025,0.0023705990947551214,0.004822682824988878,0.0019335358916436896,0.00300732345832766
2022-06-07,0.00880793574500327,0.020531113648072807,0.020523939069854613,0.016491442650277133,0.015334843643870055,0.008610539502593495,0.007685964899772246,0.008610524888597704
2022-06-08,-0.00818436806442191,-0.0010206638466488949,-0.0010204899303373205,-0.003446305570422914,-0.0041476136900543414,-0.008069344423330516,-0.007413949174208567,-0.008185408213309042
2022-06-09,-0.022123213499605998,-0.022207696268647825,-0.022254396180458325,-0.020908479702847926,-0.02165185121447366,-0.02565316990209121,-0.017586057792701615,-0.02074452641683866
2022-06-10,-0.02940802261257136,-0.022520340896419522,-0.022557762273726856,-0.017175141217640078,-0.023000803300142758,-0.03235187199226264,-0.016749912364869557,-0.02542725746280894
2022-06-13,-0.03459143890411487,-0.039610286796280314,-0.03976962310887766,-0.0302163317435713,-0.03549375186066206,-0.03973178291157564,-0.025346633326962076,-0.031607241044521284
2022-06-14,-0.008954892480541043,-0.006942505002283217,-0.006848709610203785,-0.012090056343910804,-0.008426596589038438,-0.006298948918275871,-0.017220688680006813,-0.011428739007541044
2022-06-15,0.01304943129042102,0.000727455102395691,0.0006870438324653172,0.0042191386111272156,0.005767784419633326,0.018169021848554623,0.0081845110913632,0.011314161841681658
2022-06-16,-0.028774613219323397,-0.029824245710086572,-0.030013958149150977,-0.019939986123021725,-0.028814422846025756,-0.030271591663763697,-0.016965347600659042,-0.02506502393715171
2022-06-17,-0.006077509552463445,-0.016171261876966936,-0.016310978973232304,-0.010860294371843326,-0.01238137875850065,0.00048692762203161877,-0.005195695530011646,-0.006211288888609556
2022-06-21,0.02957830751819679,0.04293818927044191,0.04288728221054616,0.035019171968916574,0.03634895993815368,0.03223954165774945,0.025034059234312123,0.028670390818357427
2022-06-22,-0.0038252266565693693,-0.011106558730825222,-0.011360979625660406,-0.0008752746782879628,-0.006813508193372453,-0.002629219640219227,0.005679345131048841,-0.0006843956051199029
2022-06-23,0.00586501754540425,-0.002109260256877077,-0.002349957537870595,0.007687756600024187,0.0016566164846991693,0.013647135095605556,0.015541635284745947,0.008827658260470272
2022-06-24,0.025088422826946788,0.018651484581740707,0.018839132722213714,0.017551804689276862,0.020637588126224404,0.024438744442849103,0.018308578830977584,0.022480031659970034
2022-06-27,-0.0020319221672281396,0.008265140309837715,0.008190125590655128,0.003861550326904606,0.0040727110558747,-0.00480993911880645,-0.0014072272972377453,-0.0016093397075431781
2022-06-28,-0.016122080125366756,-0.004581875256979062,-0.004637743332641997,-0.011232934788054316,-0.009183169376298483,-0.024462335240089672,-0.018352655384075933,-0.015936299612948512
2022-06-29,-0.0011213224139129396,-0.006554165313216509,-0.0067782295849685426,-0.003392155833333854,-0.004977368688820594,0.003532407013304484,0.0018333169060906762,9.896323182378985e-05
2022-06-30,-0.010200826319778145,-0.012503268159156478,-0.012547299653153599,-0.00531328089130767,-0.009594293184438496,-0.013129951177294763,0.0006925953099450322,-0.006947759848149326
2022-07-01,0.011047706830321413,0.013359109962885807,0.0132501464591952,0.015636165364575794,0.01283839185234914,0.015306826214520175,0.016713696420111113,0.01308161965408372
2022-07-05,-0.006705344825783777,-0.015324763280026521,-0.015281916991771616,-0.015597966505707328,-0.01422878264572347,0.0034301228827482433,-0.00993871592636797,-0.008766005268509347
2022-07-06,0.002162946158600132,0.002852482102833731,0.002770912109361312,0.0029848710472797357,0.002238167649617484,0.006375857165131338,0.0024652262355175925,0.0022932579621679494
2022-07-07,0.015408128342300431,0.011195265967566703,0.011513933234925444,0.007740915180286967,0.013409530136974102,0.014240962881452823,0.007164918523018926,0.012387511585352895
2022-07-08,-0.0016166267068389306,0.0013535668486241992,0.001316862062390678,0.0010057196947841351,-9.084583838525617e-05,-0.000257640172708129,-0.001646542460280953,-0.0015570097098357438
2022-07-11,-0.009385150619139693,-0.005589806298179956,-0.005698480420263885,-0.00299895377203252,-0.005609680844999687,-0.01206240731299435,-0.002242371712769531,-0.0066473622825525824
2022-07-12,-0.009667307417172255,-0.00708020001031151,-0.007136185907006709,-0.008010181222128931,-0.007694625306861491,-0.011699225676101266,-0.010135130899847633,-0.009666146358545347
2022-07-13,-0.0014758957170138975,-0.004459643962549276,-0.0044749595866580005,-0.004085529336977811,-0.0032473155385818187,-0.0016082232093886928,-0.00035136571251948023,-0.0016068222386115272
2022-07-14,-0.005787565857763077,-0.003528804835042032,-0.003527111002378347,-0.0035235902827305265,-0.004653419876126663,0.0036923780494344527,-0.0033218249480732043,-0.00562800713905387
2022-07-15,0.01889090715161723,0.018405897566281082,0.01848356629073855,0.016345252455095993,0.01686607401699125,0.018154355016655632,0.009886867619385065,0.016890216306812977
2022-07-18,-0.0026194369127776618,-0.005936250231533657,-0.005830126570181116,-0.00950244947226675,-0.005300417395210588,-0.007356964034198166,-0.010047218124941804,-0.005105990490622325
2022-07-19,0.027057288028583093,0.021449714530996422,0.021591681474223634,0.01528208478717663,0.022767567554068835,0.025533935072523217,0.012593011417641131,0.022821032143008457
2022-07-20,0.005206862004445867,-0.004632761063889879,-0.004329238179698103,-0.007509300128066276,-0.0020173402785493844,0.00898154683975183,-0.005663340597692801,0.001194910212895195
2022-07-21,0.006208505681841503,-0.0003274190162425583,-0.00027170370597784377,0.0003415412315757038,0.0024761849940546643,0.007450088937938748,0.002456905719879332,0.0052174036151033665
2022-07-22,-0.0058788013497705904,-0.0022268479744548264,-0.002368226950668406,0.0011419447255973658,-0.0020182674224843433,-0.007542287097606293,0.003607748402920885,-0.0026818855639181294
2022-07-25,0.005456336352742452,0.012896659726711501,0.012925227719606802,0.01155815106696867,0.010842254397673834,0.0022004532469637184,0.007822112402947612,0.006555492164348253
2022-07-26,-0.011796426264273685,0.0004563497061560451,0.00021780377849678345,0.001974407164042402,-0.003505179756616794,-0.015814281150759335,-0.0026019108133186197,-0.008775119104233342
2022-07-27,0.02239366771210194,0.014555352242528352,0.01475494707040892,0.009577098962435748,0.0153659268456674,0.029803389339305708,0.009133438177095998,0.01758128444270346
2022-07-28,0.013984806678056572,0.013249749707568093,0.013221328451518133,0.014834970206720532,0.015158841555325209,0.012563665422719916,0.015049509662623084,0.014382343847331835
2022-07-29,0.021480406962591347,0.009214085145379913,0.009957464259887194,0.0036692107013946984,0.01300523936967557,0.031738411946731215,0.0003366965951832057,0.015548219834169652
2022-08-01,-0.0022606625970043037,-0.008971885407819458,-0.00895452054628032,-0.005078288920098428,-0.004568419206829821,-0.005711889226865052,0.004276899442680282,-0.0009011558703474476
2022-08-02,-0.010633101390483901,-0.006762787710719365,-0.006730527855857038,-0.006061605576971885,-0.008325058766818882,-0.007845046953275592,-0.01123040799896935,-0.01049338608603756
2022-08-03,0.011011802451788233,0.003002512470225094,0.0028734455640946344,0.004350116456223629,0.004760689098664672,0.014089351480701007,0.009239448745735679,0.010329080033292248
2022-08-04,-0.0025061410287301467,-0.014431744529818435,-0.014364919788459773,-0.013030142490940255,-0.009444935336299531,-0.006266317029537616,-0.005309373196307088,-0.0037499009963226637
2022-08-05,0.002971733178400049,0.003094486257589235,0.003139281495481372,0.0020602490189580713,0.0030363807532356457,0.0006139290327240587,0.0016761491484291735,0.0029079474890776336
2022-08-08,-0.006297469376724041,-0.0027103286442957675,-0.0028170861571606975,-0.001224354848938014,-0.003598813060061823,-0.0029361086954330373,-0.0009613524347782398,-0.00408770710236972
2022-08-09,-0.0003339441293165324,0.004175815542167394,0.004166602395182517,0.0037561955556453253,0.002539286281876274,0.002911372880961771,3.4242458898159356e-05,0.00062354210190807
2022-08-10,0.020217663493186544,0.012620548691011813,0.012697271908471697,0.01028688538783129,0.014292733597689233,0.015641549375475794,0.011128100470995328,0.016998441065994685
2022-08-11,-0.00028515154534924925,0.002433224558970437,0.0025827253158978714,-0.0012925391308014067,0.0014514897771269464,-0.002237649946467246,-0.0044520428498971976,-0.0014795888872741747
2022-08-12,0.013804847319716984,0.0118052525116219,0.011908379038746197,0.009676988822221677,0.011997138352914494,0.013326914959941316,0.006933898848738185,0.01152405601563733
2022-08-15,0.002167900829836089,0.0002933645662923645,0.0002547059111555061,0.0019109715936018734,0.0012542166939029098,0.001155351454935838,0.004297410717405414,0.0026631424082066424
2022-08-16,0.004270560842062787,0.00021882853201460328,0.00015031281990141032,0.002492227711356154,0.001550812366049481,0.0022691810800614665,0.009378214970349852,0.005400300580231221
2022-08-17,-0.004620340692047087,0.0014876684847398014,0.001424247592263228,0.00041205704440328006,-0.0013233835336051714,0.00024082107159473232,-0.002669125772012504,-0.003676140278108364
2022-08-18,0.004000374701982334,0.007091072089809636,0.007208386395054056,0.005208170515983435,0.006501117617979668,0.00303941011671216,0.0023858763657711446,0.003164830925388218
2022-08-19,-0.011804737603261839,-0.0043005544086662795,-0.004462827050748186,-0.0007649797096368482,-0.005636444593401513,-0.007769586008172569,-0.0013256270849294483,-0.008271647328209952
2022-08-22,-0.018247928718619244,-0.011604312095682134,-0.011664543253020021,-0.009641506654072152,-0.01241846461111451,-0.016455448502773584,-0.011358031233854593,-0.015695934719408777
2022-08-23,0.0008853420799954659,0.006493783649524243,0.006621940675599403,0.0016127510766075215,0.003829724215098418,0.0018876261493845359,-0.004145044422915745,-0.0010151390245799474
2022-08-24,0.0008094896926138517,0.0027832586765028644,0.0028340873216272655,0.0018028491339536767,0.001401570709303801,0.0015474577748979534,-0.0006291118142590646,0.00047453365666005887
2022-08-25,0.013387036725481583,0.009625320442446572,0.009664141857107067,0.00794977895628457,0.010269251186931339,0.010612859167046462,0.007301054175885779,0.011340727353030156
2022-08-26,-0.031690706984565664,-0.024244929268263826,-0.024308783246717813,-0.022580477151273537,-0.026041892560111912,-0.02783256086302055,-0.02385992473452858,-0.02847221563659319
2022-08-29,-0.003918897877551175,0.0003167177848635294,0.00033784712139173223,0.00013374273097466194,-0.0009653019764787052,-0.0035767302033313797,-0.003629835870097242,-0.003494173373559728
2022-08-30,-0.013448139323191999,-0.01750454300966031,-0.017580607994907016,-0.01590173330195077,-0.01683353083139405,-0.014890152744141072,-0.012029040020877568,-0.012766995624764021
2022-08-31,-0.009389742369476317,-0.007910809347714487,-0.007950182521276217,-0.007655864236324028,-0.008995918474024478,-0.009628523642784215,-0.009786873328404888,-0.009176765754925653
2022-09-01,-0.0019752038076875644,-0.0008917280682019246,-0.0009453145500457616,0.003432731988200377,-0.00033355249702193834,0.0006806330373394509,0.009163402889528216,0.0022895658032751065
2022-09-02,-0.007980615464424745,-0.0027077275970456283,-0.0026187247315981876,-0.006033874852360732,-0.005432515235777924,-0.008303769446056375,-0.010680628761689404,-0.008711216374333142
2022-09-06,-0.0037008193241250265,-0.00022142798894497773,-0.00021143937669443336,0.0007791325296899743,-0.001375193137200248,-0.0044998288559595645,-0.0013007193190436306,-0.002687637671556886
2022-09-07,0.014019587192434457,0.007722640243083889,0.007674556111491482,0.0099512365278831,0.008424260500886849,0.010497753870254645,0.012895492310525336,0.013687782640562807
2022-09-08,0.006040455486564955,0.005970921718015498,0.006051010276807212,0.005793759471861559,0.005829476926794586,0.0020581320255557145,0.004568520654971486,0.0055385414739757
2022-09-09,0.013299854490745,0.008233751147644908,0.008245566225248968,0.0057961323780890694,0.009914391373925024,0.013859197206300689,0.00852469229643571,0.011412845377955616
2022-09-12,0.012054735166222352,0.010044906141601029,0.009950569596762326,0.008291330540636466,0.010582649697815194,0.01653788829036129,0.005573684072276874,0.010511354677767981
2022-09-13,-0.041643306602336394,-0.028842252508161415,-0.02870856961083179,-0.029049460268383176,-0.032356079511237645,-0.042148503422557604,-0.031833004737488846,-0.03773018688385488
2022-09-14,0.005498744875957806,0.007170075503454276,0.0071865056900157764,0.0067298053381770195,0.007396697657683138,0.007507993930734536,0.007102759061092145,0.0059096396211779645
2022-09-15,-0.01019459490162733,-0.008103062434902442,-0.008056849406586797,-0.007259997013449038,-0.008917878911577581,-0.011998316827040667,-0.00985046182855509,-0.009376829376959717
2022-09-16,-0.005013420603120489,-0.011728439165230808,-0.0117909513085237,-0.006842482765170854,-0.0073356984487340515,-0.008096421896036876,0.0008119600691665063,-0.003614398894769777
2022-09-19,0.008041278800437146,0.006989422574702253,0.006918602587403511,0.005793710923598594,0.006466156820055025,0.008063552608810198,0.004135785267202374,0.006762425447506049
2022-09-20,-0.010075918332539846,-0.006623555590794417,-0.006730313255106868,-0.0068203700188343985,-0.006755971853411813,-0.0025247940823419635,-0.008577253443267319,-0.009438262563265631
2022-09-21,-0.015942893725962137,-0.013787716224875735,-0.01374542847550242,-0.014167250519747987,-0.014597825791654695,-0.016681677679993845,-0.013499963866885345,-0.01564939234965279
2022-09-22,-0.006122130397077208,-0.0032984848803196964,-0.0033167642116352924,-0.0006625126212466137,-0.0021041876719400943,-0.0002814657247574015,0.002276048513426554,-0.003009378349189351
2022-09-23,-0.01959093180476945,-0.029319174662699954,-0.029490651338907714,-0.02127341749129097,-0.023458566852218143,-0.020521489934070325,-0.011841031830137627,-0.01736567573762693
2022-09-26,-0.011879933347079041,-0.01742362177411627,-0.017542803495274484,-0.014687210777546755,-0.013960968145200425,-0.006842491687287455,-0.009679409970575703,-0.011240619913101102
2022-09-27,-0.0025402268582176424,-0.0027538706351876163,-0.002773639796889049,-0.0037309413038767447,-0.001795570452599815,-0.0018402444603273782,-0.00934756572672657,-0.004612301883029746
2022-09-28,0.020814767369318865,0.02216563841634822,0.022365512551029365,0.01903125998150612,0.019427304848901095,0.012956213730458632,0.01675672862357369,0.01911687015374164
2022-09-29,-0.017786003651119486,-0.01078705076843911,-0.010644219832029234,-0.01144875543640178,-0.014000141576561598,-0.020744102196307734,-0.01471975142200721,-0.01660370316403481
2022-09-30,-0.012643252288488283,-0.01147756493843688,-0.011399770889597316,-0.011658923756372563,-0.012400306411954665,-0.016164763081801148,-0.012084739681345269,-0.012488430737460754
2022-10-03,0.02877602989388439,0.03022658109098142,0.030227239878640066,0.028451116842783453,0.03028816855522698,0.029439031861598908,0.02172431383727913,0.026335883854065267
2022-10-04,0.03161010630051142,0.026808384745068414,0.0268544344857371,0.023152715613035113,0.0256150716126049,0.024544030312706022,0.019312518046260108,0.0278538694924646
2022-10-05,-0.0011341504068815844,0.006415881937944734,0.006432955906468418,0.006592711171905519,0.005306867103549218,0.004540604041281648,-0.003146193669081754,-0.0016825493901704291
2022-10-06,-0.008320325519036609,-0.0029767809338137052,-0.0029266223596289276,-0.004588215079826208,-0.004454103320646774,-0.005366600934652799,-0.01288374239471446,-0.010057908689969808
2022-10-07,-0.02547998551580344,-0.01573481616599448,-0.015753362927254155,-0.016203129216509793,-0.018303185010346223,-0.02603353230700356,-0.016697068431118622,-0.022275781134072803
2022-10-10,-0.00845451838273592,-0.010036057214302563,-0.010031134066353808,-0.009584297614112502,-0.009738082071108933,-0.009443735640406015,-0.005045920678465765,-0.007083061901469012
2022-10-11,-0.005512522377333462,-0.0026121765299635946,-0.002630912228441473,-0.0014609023354023032,-0.0030800866432552088,-0.004594319739229857,0.0023442497037315935,-0.0034624585864607704
2022-10-12,-0.000779957544338794,-0.0014322093596146335,-0.001380866901941502,-0.0014705136724924017,-0.0018155171121764235,0.0006159984635722981,-0.0017049945174992809,-0.0009059710943287724
2022-10-13,0.02668163775620913,0.027669186410569813,0.027731465328147964,0.024673244830358154,0.02581820998950568,0.027329816945524277,0.01897271065847428,0.024548850682198475
2022-10-14,-0.021776481156282834,-0.016101787924501454,-0.016130497886541417,-0.015185838589765077,-0.01740612478803838,-0.02076719192335419,-0.014707334635793212,-0.01863825206440295
2022-10-17,0.025563930092113996,0.015679879841644873,0.015693469082618705,0.015698121542031096,0.017532646935964014,0.022567182355611504,0.016573012334216486,0.022776381158936987
2022-10-18,0.011370851034976148,0.006625266834834331,0.006618708175138099,0.006235512816002764,0.007731101796844664,0.006780912877551115,0.007833316984272587,0.010388836901657594
2022-10-19,-0.0019198993663461783,0.006847079983246962,0.006876001604366744,0.004489828259612194,0.004360329016966924,0.0031238196253637884,-0.002269665337426341,-0.002349829157105021
2022-10-20,-0.006267614580239833,-0.0031296798591077257,-0.003067732718849858,-0.004904930962349896,-0.005737042944210846,-0.003144894473636972,-0.009969828790313828,-0.007349745750529824
2022-10-21,0.028251387883709844,0.02382884936140539,0.023868407182108253,0.021972452367014617,0.023171580995723806,0.023019296119077826,0.02174648590626682,0.02654665306901416
2022-10-24,0.0091549559623052,0.011523247924108526,0.011500854239588687,0.013561904210433573,0.012597670551631301,0.013984779844734563,0.01460713519644119,0.010233048843583559
2022-10-25,0.015386698434719959,0.005667343530797897,0.005640379217605407,0.006829642425075999,0.009113113944410722,0.010213516193633199,0.012775666973635191,0.013907970916824386
2022-10-26,-0.003409227661487768,0.0076760230073160685,0.0076480056158505505,0.00673752069931477,0.004655644085789001,-0.011838371414510274,0.0027512079910856357,-0.0007194262690317643
2022-10-27,0.002236498258947117,0.0009224634663578257,0.0008769602575988689,0.0006260386858261136,0.001328265274116447,-0.009355877789286038,0.004757055255858678,0.002298693311435951
2022-10-28,0.02380867127746411,0.022433901569218095,0.022477846268592394,0.023540846737582388,0.025456785112872193,0.030697169395982105,0.023528223903721335,0.02356909151387576
2022-10-31,-0.0075686035106659055,-0.0005308457101617092,-0.0005119376318737379,-0.0024929439117065133,-0.003158871040398359,-0.0068140229496378435,-0.00666982269265759,-0.007013071472312671
2022-11-01,-0.0028595031589850883,3.131613666940147e-05,2.23154072471754e-05,-0.0010208547348131702,-0.0006273108895825663,-0.009227034638737863,-0.0023022820408988842,-0.002456819485141537
2022-11-02,-0.018817500377171115,-0.013517148163738835,-0.013541953290875597,-0.014986747186519045,-0.015643436885922957,-0.023873134184152933,-0.016233231406802107,-0.017576413631001264
2022-11-03,-0.0023015328981994543,0.003460280014903505,0.003372772286652559,0.0016824873309944088,0.0017018211396138128,-0.010898084100558592,-0.0011933579765961433,-0.0019365619227867947
2022-11-04,0.018704764855703715,0.007377656032756086,0.007382449080552522,0.006561039057242812,0.009225309256335246,0.008970615134156645,0.01091877167843247,0.015929175823539143
2022-11-07,0.008888363159325063,0.010445704095007002,0.010459269735520804,0.010517929922482905,0.010273691273987806,0.010627803367218913,0.009651934844233878,0.00889619265850694
2022-11-08,0.005011093015984569,0.0049615955226514075,0.004969392006049622,0.004956280352422349,0.005416883054928601,0.004361335979456538,0.004339364220327102,0.004725546858582064
2022-11-09,-0.020898500927531094,-0.02433842648915019,-0.02436423163720991,-0.022810447228059805,-0.023578030659330396,-0.025380390880958115,-0.014377000759659864,-0.018032294119353143
2022-11-10,0.05350296002176291,0.02260784756447909,0.02271912996664227,0.025053345400639193,0.030620695055697977,0.048429374940478276,0.03481951721477827,0.046197395182111745
2022-11-11,0.010468754170055217,0.0022895592518046293,0.0023295418034467996,0.00012317114811866148,0.0033976092791907497,0.00824250023995221,-0.0019800666171906345,0.005742570105787381
2022-11-14,-0.0074533079178111805,-0.002707518454007962,-0.002703975166602035,-0.0033310996184339192,-0.0043647471068353205,-0.009048823335996103,-0.004342038344294696,-0.0062742428173500064
2022-11-15,0.0034836294710329785,-0.0004562599852753202,-0.00042451720094960343,-2.398942183490238e-05,0.0011165529676591124,0.002529154309005799,0.0010077888395301215,0.0023955997039117882
2022-11-16,-0.0034116186962231954,-0.0014860120554591738,-0.0014988162148539264,0.0003353315439607041,-0.0006014664796477609,-0.0017186584325799004,0.0036580544536486403,-0.00044989120209804057
2022-11-17,-0.004845853670879308,0.0031035680221198625,0.0031090464138674445,0.0025644810588738576,0.00078431279356872,0.0024086405778238618,-0.0017029071834836484,-0.003673245566521932
2022-11-18,0.0035708896694199854,0.004543013841611598,0.00452375636176594,0.005810804732915731,0.005063578748416564,0.004203468874019789,0.007662396137275929,0.005308799953197552
2022-11-21,-0.0020427087966836677,-0.005480663060325575,-0.005574470199688708,-0.0029662718107140718,-0.004751240840049076,-0.006339403516254838,0.004281213266456696,-0.00031489662331984913
2022-11-22,0.016476237089073642,0.014937019964770037,0.01496620904630408,0.014543467108065311,0.01610710330684384,0.014051664591121504,0.011581610551877342,0.014410416320685737
2022-11-23,0.006084202134527095,0.0018291137361479137,0.001834428506489738,0.0015707284257977516,0.002571445845109821,0.004334283666338923,0.0026265813853685316,0.005007117195747313
2022-11-25,-0.00012443439936260514,0.0023088899702454757,0.0022757886041289144,0.002724372034264455,0.0019700557615849323,-0.002338467468007588,0.002965958521036205,0.001009973520956997
2022-11-28,-0.015901334131843803,-0.015409378556455189,-0.015487524914206796,-0.01358841589631854,-0.016548841253160917,-0.01676898606706756,-0.008940339124108299,-0.01372447780265329
2022-11-29,-0.0042508652516215495,0.00031261072826116454,0.00028891578006340346,-0.001668190926782387,-0.0020079089250047977,-0.006344870304617278,-0.004409206472655192,-0.0043337013704976
2022-11-30,0.028538129576481053,0.018808641812503968,0.01883403818888585,0.02027965601386361,0.02206167897027922,0.033493200645597465,0.022978237509916566,0.025731561596046282
2022-12-01,-0.001621678248850844,-0.005282755502638015,-0.005308602818406172,-0.003102538834085178,-0.003580682523737777,-0.0026567586046425395,-0.0010882658492690211,-0.0016023410212064881
2022-12-02,-0.002158140761341132,-0.0020313633124691144,-0.0020832468611075017,-0.00038718484627420224,-0.0017381588619689303,-0.0015722939035851535,0.0024656003513243707,-0.0006260191991842579
2022-12-05,-0.015877009620548055,-0.015061065725841205,-0.015077817844951769,-0.01345743907975605,-0.014580698996428665,-0.012840899017633745,-0.011409942013239971,-0.014232378435916515
2022-12-06,-0.014229565828018376,-0.01301702580742059,-0.013079854775339017,-0.011474898737213635,-0.013063363797646721,-0.015897086991654596,-0.0070127018005562425,-0.011866467455172391
2022-12-07,0.0012258017477122518,0.0015382830677872494,0.0015114049328674994,0.002192259903395888,0.0015761026909635323,-0.000502576845521574,0.00409620158530144,0.0018646973431419855
2022-12-08,0.011566195988658823,0.004328202785724322,0.004304186599923154,0.0045314112144347884,0.0060842274551058395,0.00800706935463924,0.0055876476663072605,0.008856120100225073
2022-12-09,-0.010248021282687092,-0.01233792735431205,-0.012306098128532006,-0.011116194961562464,-0.01123113101928419,-0.011331998848228553,-0.011719806001563526,-0.01024433049631912
2022-12-12,0.017965521967937326,0.014394995184329407,0.014399773958056139,0.015178694184694974,0.01602485773271356,0.016824553809544396,0.01423872612019128,0.016741162850779867
2022-12-13,0.01040489947717016,0.005590542534013476,0.005637356103276758,0.005110981995502639,0.0068846099754324985,0.007488573236432705,0.004584002811137022,0.008354849631319938
2022-12-14,-0.005317300249961354,-0.004782073594510661,-0.004844977265862527,-0.002957483444642306,-0.004394847703479976,-0.004191542010384297,-6.549445349723904e-05,-0.003504357295769922
2022-12-15,-0.02270259684474618,-0.015012640149431267,-0.015054770402434081,-0.01434500017867879,-0.016758781177701687,-0.022121323948512628,-0.013910157416783364,-0.02004511519565677
2022-12-16,-0.009580306549929252,-0.008711757623254712,-0.008735924413562746,-0.008753088208483084,-0.009430782180956832,-0.011277783839605204,-0.008795021320400664,-0.009003254375626879
2022-12-19,-0.0067837481757226925,0.0013190016968187557,0.0012942094681429595,0.00036140764516923163,-0.0013467217794927988,-0.005165279640369613,-0.0008777062506294397,-0.0048551482457536155
2022-12-20,0.002308936829118702,0.00394909761503115,0.003952298169138446,0.003042865505085146,0.003256791913502033,0.0033673079745522028,0.0016983309844651462,0.002343432747881291
2022-12-21,0.014754901298238865,0.013722042006240942,0.013720124731378291,0.013535969648397428,0.013552684989786234,0.014712522275262652,0.012959971540433601,0.013939569651429284
2022-12-22,-0.016631062284877207,-0.009853151785368608,-0.009876416681960043,-0.009264839944735148,-0.011058407779238388,-0.013980623614060494,-0.006840858365439573,-0.012775036507031823
2022-12-23,0.007786343409981855,0.013108387805302657,0.013091906604312031,0.011584120794563946,0.011601568460767764,0.009542210878810797,0.008960926639522526,0.008019061901430646
2022-12-27,-0.00372096645890696,0.0047349417267152916,0.004685502484911064,0.004690486347230793,0.003142638181962809,0.00022080983686478817,0.004801660715268552,-0.0003041634419214123
2022-12-28,-0.010671046106169091,-0.009680087102844182,-0.00966294816542379,-0.00968354556866935,-0.010474765131912811,-0.01414931100865191,-0.00942102072405493,-0.010251764148879516
2022-12-29,0.012700089845532059,0.005926793232847949,0.005935043740336932,0.006205589265342093,0.007786404934714941,0.012861560696781682,0.006434557232229077,0.01038792962814461
2022-12-30,-0.0020270359706354713,0.0013874499716248767,0.0014025879846957245,-0.0002425184272628611,1.7820495278542126e-05,0.00012048625048266537,-0.0032343028519197237,-0.0024840303427869914
2023-01-03,-0.008351119091499326,-0.0165399775460765,-0.0164157938919256,-0.016025588452292627,-0.01435501722376853,-0.018178730463395132,-0.0067543882754785844,-0.007450351141294997
2023-01-04,0.0004874114832806864,-0.0038742120405916847,-0.0038297507984489387,-0.0036766228824551828,-0.001947173771314481,-0.004434852401680289,0.0006124346165559125,0.0003471385645388292
2023-01-05,-0.012732752123178925,-0.0033324067018571935,-0.00333897399272709,-0.0033389157860852503,-0.005026333002699612,-0.006269193901878634,-0.008607300556228714,-0.01145212898189052
2023-01-06,0.01988201088622321,0.009915112794946168,0.009920903788239954,0.01047379615261157,0.012093648593118678,0.018016397904217607,0.013245310426635237,0.017760395151503294
2023-01-09,0.0017407212553066653,-0.011707670198406461,-0.011613084547925312,-0.012079035548055117,-0.007395280384678515,-0.0054726417641334235,-0.010962073411257434,-0.002870927763071518
2023-01-10,0.007167210738493468,0.0009095722787502147,0.001018554027945262,0.0009922299179414562,0.0036984969529205713,0.004803944164280205,-0.00019937032562133972,0.004918446903561691
2023-01-11,0.013176878152483473,0.005572871533422008,0.005610795725944806,0.004514600308467509,0.007455680335839432,0.01070783219229443,0.0018656632932820827,0.010130227518722945
2023-01-12,0.005544662488116137,0.002666667483003593,0.002805723610064481,0.0027170389310378074,0.005512946106559946,0.005343517212089033,-0.001383708842085718,0.0032442430092181063
2023-01-13,0.008499068118654973,-0.001302677826938048,-0.001251300127087518,-0.001126607198141727,0.0009488803495745213,0.003887175834976553,0.001443391271919836,0.006215500901970428
2023-01-17,-0.00377794481590521,-0.0009602569771468561,-0.0012595397313419632,-0.0007387531654361457,-0.004730198959801424,0.0009623440670685213,-0.0013873869896287028,-0.004622310009139041
2023-01-18,-0.01706356932276798,-0.020316977873266695,-0.020200859948129035,-0.020543895507081356,-0.0182721517775154,-0.016592441280046222,-0.02145915021964362,-0.01810286556023899
2023-01-19,-0.00975016259839312,0.002153100688407905,0.002064235876388487,0.0015239717940294106,-0.0006394597396424118,-0.0014765949927416644,-0.005128331905036254,-0.007988750681834356
2023-01-20,0.013589297764191821,0.00776860187329631,0.007639375314831387,0.007571644445446557,0.00699402193419929,0.01365930866423759,0.003481883439990563,0.009535984975312273
2023-01-23,0.01012141731992977,-0.0017231491657916376,-0.0017457044264458377,-0.0027497149090295325,0.0016561389730196385,0.0062477146006700846,-0.0007180737453774677,0.005733362332590142
2023-01-24,0.005241369563805165,0.00602650731215415,0.005999256620004889,0.006038153941300584,0.006173116639114129,0.007342314042952713,0.005796989521456464,0.005520251467366899
2023-01-25,-0.004944570668179882,-9.296018634963321e-05,-0.00013947657223578602,-0.0006677651993380884,-0.003946511041834522,-0.0034891701944917974,-0.004713153058508279,-0.004966302304300618
2023-01-26,0.013279870239355285,0.014202319402914165,0.014252475902896355,0.014188768210352976,0.015377235801256273,0.01859378691110125,0.00527627388973495,0.010545347582120002
2023-01-27,-0.0004095215288698606,-0.014537336594544592,-0.014525023848347751,-0.0147516676717252,-0.012014562810319984,-0.006015579701182272,-0.009678862941185362,-0.0033169546045984655
2023-01-30,-0.014991982129325176,-0.01376242400373151,-0.01372501549521632,-0.013745873773742368,-0.013516611956177815,-0.016527167204249293,-0.011903501420305052,-0.013287510066760655
2023-01-31,0.01208185216641855,0.015783505527461328,0.015817326932673126,0.015157635557379256,0.014409400714157083,0.008874510511944544,0.010129802382919717,0.0113507401777182
2023-02-01,0.006079435876396477,-0.0020959565935526614,-0.002079350367696353,-0.002978180519405682,-0.00028537479997992055,0.0006489090293755329,2.5659057464322288e-05,0.003355395642151482
2023-02-02,0.007873878120690625,-0.02032995216289535,-0.020223216820494327,-0.021026264497893132,-0.013222567840867394,0.0025259894144820105,-0.008565709319427905,0.0023687524124273995
2023-02-03,-0.009685997628006371,-0.002045289629294955,-0.0021324442389525355,-0.0007977634811311418,-0.002413502522504385,-0.0022469040119571515,-0.0025993089268046,-0.006985972498993909
2023-02-06,-0.0010995644173159569,0.0009320206213661031,0.0009667918242415308,0.0003533976772167602,0.0003147360289939005,-0.00217200570960141,2.925204403703141e-05,-0.0009168458297229565
2023-02-07,0.013537052222979185,0.012462281324999713,0.012603095396272357,0.008892451209445262,0.012152046600184319,0.013411042979738719,0.0026828793947744067,0.010036166233649224
2023-02-08,-0.007341232091229055,-0.005942193624260739,-0.00591396225199281,-0.005813606353778145,-0.005295648519228369,-0.009085121396461227,-0.006224472562772032,-0.006755711267969922
2023-02-09,-0.009108102733687562,-0.002147824515263297,-0.002152691613184321,-0.0028923398066816874,-0.0046826006501268225,-0.007522028970899264,-0.009282307379642085,-0.009376337930821932
2023-02-10,0.004472665531822795,0.014587891591280044,0.014536887959489153,0.016260668436250958,0.013663469972098774,0.010324080426906246,0.010047489405591747,0.007173316333723978
2023-02-13,0.011399475910639723,0.005493795051640715,0.005487798378877695,0.005083707547471006,0.005436966858567649,0.010178331508820193,0.007807295487527677,0.009990099738056424
2023-02-14,-0.00011777235405163733,-0.005055239150417279,-0.005027478179878586,-0.0068135019527990615,-0.004180511805697007,-0.005197311663256876,-0.005292270783154862,-0.002776684512105665
2023-02-15,0.0010799300585135896,-0.0032859420559752106,-0.003266707534640534,-0.0039821874434256,-0.0028093961850352844,0.0008608247599839469,-0.003260397626081102,-0.00018387805391673062
2023-02-16,-0.01447576075416146,-0.009788271507365498,-0.00980299625356773,-0.008122820647505469,-0.009419539976325275,-0.011582319890841464,-0.009597907149696439,-0.012629978754692406
2023-02-17,-0.0034026727695287695,-0.0026545178389817403,-0.002789852154079453,-0.00018049402949715798,-0.00420287051183621,-0.005209383854648197,0.009435823441445557,0.000780151012842234
2023-02-21,-0.020032209108630128,-0.009494413707851646,-0.009595366759292956,-0.010340423353503048,-0.01503627017870357,-0.01715965298574329,-0.014468469424346098,-0.01790955141297046
2023-02-22,-3.1727824696070606e-05,-0.0019330772391707995,-0.0019249543482728892,-0.0028075236444499163,-0.002977336729921287,-0.00261000045416393,-0.0006918751396060019,-0.0003889047437966031
2023-02-23,0.013228927961290271,0.009694248128242267,0.009808572782321834,0.0059139513490646944,0.010909605892333474,0.00506027452511737,0.0014958036858980783,0.007476317152376621
2023-02-24,-0.004561239335659439,-0.002384876068330266,-0.0023029488835404344,-0.004946296862471722,-0.0039744347198946706,-0.007954941366857482,-0.00537192049866253,-0.004127625519946498
2023-02-27,0.0018970987927493521,-0.0007404975124274404,-0.0007387047292281013,-0.0008175589124812532,0.00012129216892597938,0.0028764097370153063,-0.0006337003134772035,0.0009094017997512971
2023-02-28,-0.006856476733457795,-0.008802046012618248,-0.008807371416549636,-0.00947494776996749,-0.009880868082710825,-0.005929588658009632,-0.010757367677500906,-0.007699694496563381
2023-03-01,-0.004822049164313391,-0.0003639368117260844,-0.0004043570232834526,-3.437315711596334e-05,-0.0012295162930324732,-0.0009324108045720703,-0.003562117863147085,-0.003722553304061238
2023-03-02,0.009462454507815021,0.008542771435858576,0.008578705400878794,0.009076821349848219,0.008667142243685033,0.007194918508590664,0.009457930197027897,0.008970899579884062
2023-03-03,0.017038367780663144,0.01043172774676182,0.010414588778862477,0.008619637561134041,0.011593114941341298,0.01644595653980252,0.008928839661790366,0.014660429938815334
2023-03-06,0.0014893588625575216,0.003977031485744353,0.0039773968797502945,0.004263140675047961,0.0037125434259852597,0.007065660312306488,0.005925366993998482,0.0028808487751279532
2023-03-07,-0.016013553752593723,-0.01295947572587075,-0.012963361268567009,-0.013842452358566293,-0.015120742383091246,-0.015697989253529276,-0.013981098908892986,-0.015705418650359237
2023-03-08,0.002951212103850187,-0.0021978782400817742,-0.0021473388051066467,-0.0034109257300278806,-0.0011859310976096715,-0.001468255982342348,-0.002103119993981495,0.0007627696548253571
2023-03-09,-0.017566884853722375,-0.01423353746351863,-0.014234874832874111,-0.012369525465448228,-0.013967547689299864,-0.014890494501662022,-0.01265313465798168,-0.016012484648140424
2023-03-10,-0.012085550275307555,-0.008362855694981963,-0.008366935014676335,-0.00641707925348034,-0.009480231176560494,-0.012420827064155482,-0.003345948616123362,-0.009652673944044121
2023-03-13,-0.0002001722362404701,-0.0016502636580382202,-0.0016183271996378368,5.1021927917727083e-05,-0.0013245727563643284,0.0037610174349307357,0.003124982700939194,0.0005075738350417414
2023-03-14,0.015194746292426453,0.010806714954061158,0.010839160592810648,0.009085258710007205,0.010360741562610132,0.011829748718306998,0.008700698788339567,0.012586559820531917
2023-03-15,-0.008975890460819702,-0.01813496860606012,-0.01805649562725431,-0.013686053038925672,-0.014456013705753001,-0.012236280593386883,-0.004005713289522261,-0.008145626593411337
2023-03-16,0.015301353992246636,0.010763112495541405,0.010807660352862625,0.00852082753896699,0.009305631489444854,0.013467153403498688,0.005134944958926413,0.011417761947783545
2023-03-17,-0.00921943055075558,-0.00868823827799503,-0.008633197177805974,-0.007581755872796081,-0.008065320038386448,-0.007464681697308517,-0.008253316678826006,-0.009409149884265444
2023-03-20,0.009489960341210413,0.016849960402864683,0.016818253821438534,0.016803306935189832,0.015334651717223258,0.010448896034632282,0.012099533418159725,0.010688062184424085
2023-03-21,0.012014472910953256,0.014820169899306679,0.014819017946628543,0.011983884167647396,0.013733728031636527,0.016002972773121016,0.0044446812455467555,0.009754640227175315
2023-03-22,-0.012437805805108115,-0.010319242977685494,-0.010289478913752759,-0.009843918674007579,-0.011738950911001744,-0.013761494590519341,-0.0124684527070128,-0.012930788590717057
2023-03-23,0.0018725037082865104,-0.0034139239608793615,-0.0033805081687073857,-0.004525755030168166,-0.002325715300238951,-0.0004271366823761502,-0.0034171448286615114,-6.946553540165823e-07
2023-03-24,0.004438080738748962,0.008583950063548285,0.008546335925108561,0.010826590373713918,0.007111087805652616,0.0067788719981163315,0.012281750219463428,0.0069244130305115
2023-03-27,0.0031626147372147972,0.00956921219685647,0.009536991508034998,0.008668665463591907,0.007647763542550257,0.0026078767061870067,0.005298462859633091,0.004118617174710515
2023-03-28,-0.001012419244276086,0.0002875756985625255,0.00027992220072370344,0.0002446146280030703,-0.00035827868870275115,-0.0007349394285676158,-0.0013182457733167396,-0.0011840682180537243
2023-03-29,0.011146599788371958,0.006313766087452377,0.006336296427994492,0.005242605872354478,0.007345237920797221,0.01128271992863028,0.006005987010019531,0.009375695260598116
2023-03-30,0.00682039394294498,0.005822934728621165,0.005838099952479414,0.005142114349307336,0.00576876067518195,0.007538710125529757,0.0036518136707697213,0.005617551091111839
2023-03-31,0.011933049869678802,0.005677638382404648,0.0056833222606933465,0.005487434230663224,0.008179384901022324,0.010118555737625767,0.008049672493967375,0.010903530289042562
2023-04-03,0.011533149231306883,0.0286250415104643,0.028603019373054428,0.028589424522900586,0.025403196335764378,0.0169689349890505,0.016057940226791967,0.012890680682936306
2023-04-04,-0.0059087859628107475,-0.006116121827686838,-0.006152706880678704,-0.004198278498229513,-0.004879202689647255,-0.008831878031970608,-0.0005071859573529958,-0.004191873979841332
2023-04-05,0.0011526909559915754,0.009102438982403926,0.009038951381433291,0.012685449484742595,0.009689011377258971,-0.0018000886604754296,0.016384326899191892,0.006653338379074114
2023-04-06,0.00119526029161654,-0.002429887725048485,-0.002432293803918517,-0.0026645353458824017,-0.001962618093634072,-0.0004410224314701505,-0.0006503306959075861,0.0005441383967312863
2023-04-10,0.0019290560777154298,0.002185068569458659,0.0022260603159005576,0.0003110674117632328,0.0009175072275371399,0.0013151425233917102,-0.0014783768301468436,0.0006089458112319424
2023-04-11,-0.00027029451856130926,0.0012957768639263456,0.0012654350835665795,0.0021849318556919073,0.0019060951838256734,-0.0012211667113450897,0.002388429341128484,0.0008830680224398701
2023-04-12,-0.0023460374826078656,-0.0028396738551474954,-0.002885450887482155,-0.0011978329189643588,-0.0014415579369244647,-0.0023305405718468952,0.0006331193527648882,-0.001029958700577649
2023-04-13,0.011490466993097082,0.006501622405960195,0.006488985118284996,0.00722021956271468,0.007860033693113833,0.014315873934636514,0.008433127905492999,0.010554427208447681
2023-04-14,0.0027006561353539738,-0.0033114960345120847,-0.0032700179005454855,-0.004229143126034507,-0.0037244805705393125,0.0006508660158561774,-0.0024303574841918474,0.0010941491241440726
2023-04-17,0.00243985849124706,-0.0032079000312379424,-0.0031855289877292803,-0.0037653200384581975,-0.0021380292807713364,0.0008114039654625316,-0.0002935125968402952,0.0015819573255790864
2023-04-18,0.0015137056899272583,0.0076016739177122705,0.007643911183076391,0.004664354943606286,0.004745216834323385,0.004498573462844213,-0.004651888148052952,-0.0009087707665882405
2023-04-19,0.0009135704157559044,-0.00480957382936309,-0.0047712289659358476,-0.004984491522855183,-0.003795905028100899,0.0009216564069114419,-0.0010159230451778356,0.00019843626167603823
2023-04-20,-0.0026527622029115516,-0.005431416672631029,-0.0054889621946500045,-0.0029430667471663785,-0.002855149803097645,-0.005627712274194563,0.0018583308682282862,-0.0007533567293266374
2023-04-21,0.0030812894655760648,0.0031662943048413883,0.00313128224700443,0.004007288599424674,0.0021758449733162433,-0.0016376790430129295,0.004200609520915721,0.0032294341949852257
2023-04-24,0.003862409434343128,0.007193470926442069,0.007180991222786259,0.007595897149776487,0.007282530191155212,0.005057161619240302,0.005378241338117817,0.004530029142209235
2023-04-25,-0.01251593647759841,-0.009032272678302755,-0.00908714780322073,-0.00652198719432151,-0.007838745619352605,-0.014180390558779843,-0.003411120038645743,-0.00912751161906522
2023-04-26,-0.0051282133977640365,-0.005858156923380653,-0.0057892216006164565,-0.008557124365997648,-0.008021381105868142,0.002763244645916485,-0.01629858640145776,-0.008838060460562347
2023-04-27,0.014528532866211252,0.00938650674906727,0.009380400100541086,0.009127264452516215,0.010153095302909199,0.014530533754123942,0.008797579906332231,0.012582050911894793
2023-04-28,0.006631688752740006,0.009098779857825479,0.00913123839758545,0.00788374881386611,0.009063830883701884,0.009227247120428217,0.0066498719764109815,0.006698546525360394
2023-05-01,-0.0011609740726066242,-5.145561693975509e-05,-3.095496330252079e-05,-0.0032498520727852753,-0.0022942529247340637,-0.0020898624558846057,-0.00046035611148464994,-0.0016002109530661723
2023-05-02,-0.010982438361669122,-0.019113066377973165,-0.019129164612020966,-0.015703786695101307,-0.015763067980819945,-0.014245771668412233,-0.008341884201866545,-0.00960509721941527
2023-05-03,-0.009576075284975394,-0.011202326745656244,-0.01124104127810266,-0.011543136173068347,-0.011635937332660107,-0.01001301010069977,-0.009160837980555225,-0.009501272971879193
2023-05-04,-0.008494800612386721,-0.006594694229080544,-0.0066080311917128265,-0.006362671236603057,-0.006994998699926036,-0.009836432482957513,-0.005265963329150303,-0.0078103781526329685
2023-05-05,0.01776264623491297,0.017734761710416658,0.017753705577262746,0.01435233611244402,0.0163300332066334,0.021731156776796823,0.009316829447822528,0.01477660227555111
2023-05-08,-7.026122956910186e-05,0.0006926185555697906,0.0007094554693527488,-0.0003927416450237864,-8.593205567353213e-05,0.00010319160648664116,-0.0019282548273871214,-0.0008620292270166141
2023-05-09,-0.004936833885354153,-0.007271660141774827,-0.007273994719607102,-0.006771074062780658,-0.005969565790619136,-0.005749491460103173,-0.00611259241722617,-0.005099806535823093
2023-05-10,0.0045686947321721405,-0.0020771801231737053,-0.0020267304607211045,-0.002066650247858126,-0.0004372271168553432,0.0029252060064899332,0.0007785704374803082,0.003338483363328315
2023-05-11,-0.003878609949325984,-0.00482700767376032,-0.00484027356794825,-0.004523131704277206,-0.005204520896837539,-0.006554923344067043,-0.0024732971967954542,-0.0036641136493842374
2023-05-12,0.0004100179523842673,0.0027680666895124606,0.002774494218677148,0.002685600994605686,0.0029913466840429948,0.00039017394976847974,0.004808655764701353,0.0018456127405750422
2023-05-15,0.0015049991518489847,0.0020391161514583533,0.0020740331592585814,0.00025660857410669813,-0.00018246218262885083,0.0016356024590609142,-0.002500327804770497,-0.00017258820446253154
2023-05-16,-0.007256558282271008,-0.011123204763929584,-0.011084621202642087,-0.01057393357904357,-0.011338163505325127,-0.009803195165796974,-0.010894963646380096,-0.008477981483729025
2023-05-17,0.0132685601198268,0.011535864501110993,0.011501658468374032,0.008030506730898113,0.009419465673438099,0.012345250009437647,0.00482419915769583,0.010323096772887785
2023-05-18,0.007009418689144953,0.0028229558970767066,0.0029327079058576455,9.39159417256974e-06,0.002296304348145206,0.009787787403285453,-0.004511387503457254,0.002892960178256132
2023-05-19,-0.002534850323972604,0.000814551597736024,0.0008419560472108234,0.0022334711055256307,0.0014064203810479903,0.0007174692072982047,0.0009127334411382915,-0.0012164989624831035
2023-05-22,-0.007181043699952316,-0.013184130186826626,-0.013248772769685169,-0.014199059689814497,-0.011206191134531251,-0.007942795735399577,-0.011837600389636327,-0.008348866593915316
2023-05-23,-0.004757463976665766,0.0011509558653599594,0.001026763665698871,0.002177278806640759,-0.0011235672550800047,-0.008143017857898505,0.00038807327143919323,-0.003715119741418804
2023-05-24,-0.0022881156863830965,-0.0006324355296382089,-0.000638372995243941,-0.0007008700388195788,-0.00019072488550719857,-0.002179492836120289,-0.003564535008519165,-0.0026039694829892435
2023-05-25,0.014407237297137998,0.027321693861163787,0.027519537187412846,0.009028360772713073,0.011211247048723338,0.018442312781373982,-0.00959662108799575,0.0034477448623657647
2023-05-26,0.01194816364431417,0.003915080474019117,0.0038978753089700113,0.0010870834130123352,0.0032965417325421242,0.007128470448916291,0.0026541997965012776,0.008760933390402625
2023-05-30,-0.0003629808189911099,-0.0014600587256702324,-0.0014350088278392015,-0.003807137858899634,-0.0030749878981009005,-0.0011573988555482195,-0.006875617537607126,-0.0029248630817998444
2023-05-31,-0.01120331412028841,-0.015117875215251875,-0.015234532600694628,-0.011046386700276911,-0.009936074563216213,-0.013156354484808896,-0.002686419441185528,-0.007487715216075608
2023-06-01,0.010736639011765137,0.01858811188129339,0.01862784896422065,0.01628073372114014,0.014162480387901244,0.016292438271267695,0.0059735081131291334,0.008378040410434329
2023-06-02,0.01928757160124661,0.01346330296114373,0.01337544204561203,0.015106424918763128,0.01438555247149953,0.01196184169982839,0.019992196184159816,0.02001179060972147
2023-06-05,-0.0035887159249594625,-0.004453417364522982,-0.0044755067286166295,-0.004287820705386247,-0.0030810762109505507,-0.0014060674039415577,-0.00265430358243135,-0.0031075450289517192
2023-06-06,-0.0003272390915446399,-0.006160293386210047,-0.006117987424782867,-0.006066214716892171,-0.00508513628099827,-0.002030248075552854,-0.003828778310212111,-0.001147097805149655
2023-06-07,0.002784266259220125,0.0010368118137302762,0.000964523149916241,0.002615721128593762,0.001142847520092083,-0.01065547178868853,0.0064573244735322,0.00460464409923933
2023-06-08,0.006675450466464561,0.008785098662635438,0.008815535172628675,0.00779897651683692,0.007849844028988029,0.010752338502405534,0.006033478680097293,0.006172785368663947
2023-06-09,-0.0010609099119970322,0.0007094592220673324,0.000722124276578251,0.00043424944987391356,-0.0001331852275858747,-0.000714416334948953,-0.0010126484654348067,-0.001170635351837146
2023-06-12,0.004869583725612747,-0.0015248459400131198,-0.0013705547651178263,-0.0030226850883120493,-0.00032018456336169177,0.009361812536871295,-0.0027583359793776907,0.002409549579767356
2023-06-13,0.008789039669526932,0.00878629795358954,0.00878323938433323,0.0070294801920629535,0.007571731034304197,0.009619176572496668,0.0037606012356838914,0.007063481630693147
2023-06-14,-0.0023681151366301556,0.0007699178248121719,0.0006830799862576065,-0.0016736925168538974,-0.0018404790089407985,0.004133374167755832,-0.004880913483106708,-0.003987376496204731
2023-06-15,0.010683710625756015,0.007103312633948811,0.007088353739290509,0.008276665585555287,0.009470481265459796,0.009612076558097815,0.01270591769436713,0.011645076242357222
2023-06-16,-0.0032152125656731423,-0.0020112824746165714,-0.002111797142700822,-0.0016633359910552814,-0.0022975704732772773,-0.004980263174969024,0.0012064922663528321,-0.0019484195578268748
2023-06-20,-0.005811018759237063,-0.001950582755726571,-0.0018663666409558521,-0.003574883651628391,-0.003685489820122956,-0.0027613049743250295,-0.006077013771054851,-0.006438349666558096
2023-06-21,-0.00020451269684029771,0.003042942787819136,0.002955278498678604,0.004474770983862397,0.002949923382799202,-0.00308429127033627,0.004818095990986926,0.0015721210270116526
2023-06-22,0.0016033943204738499,-0.0009312952644184858,-0.0008470379068686862,-0.0008345986847531073,0.001627360406572409,0.01062540976750559,0.0009247823441553837,0.0014448854997348715
2023-06-23,-0.008520370259430754,-0.01066962735859811,-0.010612187935627904,-0.010230461209903008,-0.009069703405782503,-0.00877564900661798,-0.00720389048702752,-0.007844480050609559
2023-06-26,-0.001292023308640644,-0.0013257489687618085,-0.0013797782739163322,0.0006756150046116627,-0.0010519245655825626,-0.007543147264663097,0.002245291905414337,0.00013586893632000496
2023-06-27,0.00875589018102163,0.008978558153200034,0.009014456832004747,0.007408946197699606,0.007652690715147958,0.012292606287620078,0.0025460193027306843,0.006600684509612487
2023-06-28,-0.0032175331475908786,-0.004086185678302767,-0.004053582273260803,-0.0036463868709565306,-0.003378686674446185,-0.0029913175319070673,-0.0039234884713471585,-0.003127709071286122
2023-06-29,0.005188724724653371,0.0010033082083962253,0.0010478592727982683,0.0011527819794396876,0.002048276090353296,0.0006563212726888867,0.002468932241452837,0.004948914865432474
2023-06-30,0.012351393965956747,0.014342655171791785,0.01438773008291383,0.012777434076341798,0.012713908772628457,0.0157232228509514,0.009476506270440277,0.011006734039373134
2023-07-03,-0.00011800404669370934,0.001972405297228308,0.001876897201172234,2.423194717904309e-05,-0.0005386773222741947,-0.0028359949401868256,-0.0007897067605773245,-0.0005960566937622813
2023-07-05,-0.005268275883642981,-0.0033148022305169444,-0.0035619660365693306,-0.002822002227526932,-0.004537828238654562,-0.0016964640977262802,-0.002252660643497717,-0.004750590349372197
2023-07-06,-0.01250287855195431,-0.01362763044294435,-0.013625464859306602,-0.013822110986752123,-0.013163503683404465,-0.008885166565030356,-0.01165798089326342,-0.012284245238050051
2023-07-07,-0.0018227393706814476,-0.004101933191198781,-0.004017452817829503,-0.006726435510453377,-0.0047888420788401165,-0.0035301799819060786,-0.009716840210402533,-0.004539338185085895
2023-07-10,0.0010030069685782461,0.001763677483983983,0.001872751027581776,0.0024895994477820427,0.001977396428263445,-0.0045743121067624015,0.0016768015534514014,0.0016657350718496389
2023-07-11,0.006450735213306524,0.005692218865655185,0.005655430581803067,0.004076754101652202,0.004714571963341685,0.005021961440070832,0.0033014413348166904,0.005170000335908975
2023-07-12,0.009304067320420106,0.009321254672733259,0.009405435578616839,0.006420667761318111,0.007330758337968701,0.009193845998068273,0.003254296231193221,0.006819378247418406
2023-07-13,0.005720507934415364,0.004747833105102961,0.0047273022758882455,0.001257876574072947,0.0024824717722045087,0.007656976515984626,-0.00017315261777905988,0.0033225799839995407
2023-07-14,0.001964163427359944,-0.003468423521494235,-0.003469893988534589,-0.00428124237605132,-0.0006572702742329017,0.002466576272914134,0.006168583719972087,0.0037069318332310086
2023-07-17,0.004198559895149945,0.0046801760396979475,0.00475667051141615,0.0012093236537751295,0.00415768277687234,0.0030013741712322517,-0.0012132201200448778,0.0024779616743015875
2023-07-18,0.008995294385685693,0.007416180667985772,0.0075009408729671545,0.003277854444402317,0.006317033635006908,0.0070080968257646425,0.003530773971190726,0.007402937827458711
2023-07-19,0.0028243477648273174,0.0044833395278973676,0.004201580412500627,0.004859600439631739,0.003158899903842105,0.005175904470996029,0.006132542256600315,0.003452957312205518
2023-07-20,0.004716508857235402,0.0012627502021478332,0.0012919689252057776,0.01397416938726792,0.007615080201569091,-0.0028773492035152337,0.020599680483056604,0.010961450707440923
2023-07-21,0.001534952771792275,0.0011502843426913767,0.001196441710334284,0.005233052041780262,0.002770081149850556,-8.438002140631617e-05,0.009040129875576897,0.004080195652044871
2023-07-24,0.006953903679222551,0.008444115476603509,0.00844837631334383,0.008044485626464315,0.007203002621459342,0.004862130820035393,0.006478515732834866,0.006709947450501241
2023-07-25,0.00439869641379409,0.006515623594117725,0.0066492465258167766,0.004976584595392186,0.005898723878655199,0.005219296630454062,0.0020723676628908727,0.0036394136634598784
2023-07-26,-0.0034619108393088016,-0.0018800043674155331,-0.0020214780067848714,-0.0005429397699645566,-0.0024780599728598807,-0.004471956884432471,0.0009581837175518526,-0.0023041752607749766
2023-07-27,-0.005501785968379358,-0.003288731607807849,-0.003281952052710202,-0.003123626857486239,-0.004001265351068706,-0.005551005720112134,-0.006218080254444813,-0.00564912509251192
2023-07-28,0.0072868422661027665,0.006191258113981579,0.006252894810114817,0.005328057249215368,0.004647826874668359,0.011096181481303091,0.004354291183476855,0.006252796518100068
2023-07-31,0.0045359895298267006,0.00923153490148465,0.009331515266041368,0.0021216893646214263,0.0055324116880761665,0.0009289443550195564,-0.0033247966216993774,0.0015499432807888347
2023-08-01,0.0017584363729903352,-0.004202711104406509,-0.0042135040462233375,-0.0027983229851979985,0.00045247861731256833,-0.004398177562287442,-0.001406802181868727,0.0018163537095063909
2023-08-02,-0.012037943848740018,-0.013958379623348782,-0.01402619464727628,-0.008880737970847985,-0.011193224292525006,-0.013384003141352463,-0.0022964850455923225,-0.008231329774871288
2023-08-03,-0.0012774757181311935,0.0046191353471780605,0.004584320027970268,0.004333260347953116,0.00112726397175833,-0.0012452086836527432,-0.0004648163150781093,-0.0011436706551196663
2023-08-04,-0.0031961726357148112,-0.003094007197737225,-0.003099594998423494,-0.005008073764801169,-0.0068396425487695645,0.00048323275674366784,-0.00866130629210815,-0.005503593346863567
2023-08-07,0.008660134441896838,0.008984515018036543,0.009007360054808622,0.009278909281560832,0.008711602070151647,0.007314633227612388,0.010695967841886755,0.009400619881175798
2023-08-08,-0.005161234733621289,-0.004322373063599838,-0.004320953285946505,-0.0023282231897594485,-0.0030934742752594113,-0.0057185529160876936,-0.0024755812258525633,-0.003964652012516057
2023-08-09,-0.0059047432706078595,-0.006972989175782929,-0.006975306949728144,-0.0023500677360094313,-0.0039049774828092687,-0.008014956758531255,-0.000608664894808264,-0.003485440664145134
2023-08-10,-0.00029123606446468386,0.0006411898722991083,0.0006694346538462792,-8.752355933328015e-05,0.0004886708882780866,-1.5316402060761014e-05,-0.0014848742543094318,-0.0007585171947908087
2023-08-11,0.003180768655290711,0.002689571297115556,0.0026419083816509037,0.006123942219441902,0.004146606661331598,0.0015033241933777308,0.00860653998961669,0.005313853382460598
2023-08-14,0.004448064296095344,0.011784283144588237,0.011771835058578262,0.005316097119635321,0.006968742880071543,0.007525450248589971,-0.002540571776110445,0.001280449290036012
2023-08-15,-0.012592336728596942,-0.012244594838460077,-0.012241762339352591,-0.012519945972937596,-0.01287692498689108,-0.010656258609405445,-0.010554839820888895,-0.01204549997077664
2023-08-16,-0.006283795660103175,-0.009207624025650896,-0.009204648601515153,-0.008118363407268459,-0.007526365872456364,-0.006485690887469753,-0.003974954224290506,-0.005678609534648382
2023-08-17,-0.003015849714301355,0.001111536007929903,0.0011684501344118026,0.004111424458197455,0.0017942711009106826,-0.006187917647179408,0.0007751612030837407,-0.0018489938552095353
2023-08-18,0.0010520192878753498,0.0065236562635131445,0.0064645608616116235,0.005261602256096509,0.0044343080329574125,0.0007712001005613089,0.002083663245612044,0.0011891935290644362
2023-08-21,0.0018205677829676858,0.011177664859737257,0.011226310293602548,0.0005407517847675347,0.0041716506019195965,0.004029732251231932,-0.010424775578742884,-0.0036348745018530693
2023-08-22,-0.005859767871499999,-0.010141723152668924,-0.010091879984772012,-0.008204295837027753,-0.00774565254076498,-0.0032039442764358883,-0.005566841058200267,-0.00536140983925637
2023-08-23,0.006652597824853057,0.005763586011100275,0.005793625654375134,0.002791005672977187,0.004684816171240946,0.008146995332038554,0.0008509481533585106,0.004263356219722736
2023-08-24,-0.008742827044880164,-0.004110051043184959,-0.00410185404375063,-0.003795995922877715,-0.005416769783724185,-0.01285141143392654,-0.003692417311081053,-0.007176717274950173
2023-08-25,0.0058770865001780415,0.0018187299255181255,0.0018540071977641848,0.005508247529961707,0.005228553267176528,0.007359572436546946,0.007575547197078203,0.007172930987093151
2023-08-28,0.005030285197061168,0.007560643530263977,0.007546223814419051,0.004608033343450391,0.005709384743906254,0.002964115637337894,0.0009298254371969961,0.0034244083952295057
2023-08-29,0.010541274229136866,0.010117212840658807,0.010168453619923579,0.006132729880607091,0.009238885956787346,0.010833782619583676,0.0017898535701432738,0.0076192827623207116
2023-08-30,0.0027234213619806713,0.00400001660448579,0.004013645306796265,0.0029363172089709177,0.003820392014610041,0.0034993925436492823,-0.0003840640377832383,0.0017200716172975916
2023-08-31,-0.0027460624804417355,-0.0035765120267848838,-0.003447661235941535,-0.003459633204531465,-0.003643475290703746,-0.0019066376277062647,-0.007086495150363525,-0.0044137101270658174
2023-09-01,0.0036368506904405073,0.0037424889045096776,0.003844309419178682,0.003225248177124662,0.0050504770739154825,0.001648379586893789,0.0010799645085435294,0.0031814308379463085
2023-09-05,-0.004366443552435539,-0.0017635039397799757,-0.0017484102598064322,-0.0011428647140774295,-0.001930932809568242,-0.0031701325023707483,-0.0029059736477200504,-0.004370750180433425
2023-09-06,-0.00708110779822968,-0.004868170452888343,-0.004868498277363242,-0.004551603121852321,-0.0048119305462077655,-0.01190324372455176,-0.004861981626373302,-0.006111886057229565
2023-09-07,0.0001868249102119357,-0.002580496685814726,-0.0025180276045801975,-3.110496310787525e-05,-0.001003604574443262,-0.0016180999767499982,0.004368217917382511,0.0018934137826651654
2023-09-08,0.002734064923595847,-0.00020059302031982806,-0.00020155459994930514,0.0010205361047044281,0.0015280130477939302,0.001260632724844779,0.0014791006827847841,0.0027570515247190563
2023-09-11,0.003657834131344906,-0.004131106523097339,-0.004189478105016908,-0.001941784599504337,-0.002089548609175318,0.008149775678017113,0.0036759504668302245,0.004034031313574937
2023-09-12,-0.00015825897173238346,0.0028564630084502163,0.002908736980695714,0.0037290683601294283,0.003350156726518838,-0.006053988020369605,0.00029107906082237456,0.0003283342391449118
2023-09-13,0.0020722596387128256,0.0006089301517444579,0.0005302825254904775,0.0009617318395500618,-0.0008260302340178383,0.00534464306168525,0.001927065087703017,0.0015410448492239048
2023-09-14,0.010997533129616599,0.01015656641624152,0.010203814823431134,0.008821470475423254,0.010143251767503969,0.007803972517274715,0.007956401448090622,0.010459465750971564
2023-09-15,-0.012444801222262214,-0.013729490875869277,-0.013703231945079608,-0.01225587036695519,-0.011977626624713023,-0.017038229954952522,-0.008806984652838024,-0.010961211668432447
2023-09-18,0.001841797265088374,0.0044545398360866795,0.004437656650717603,0.00481003112363787,0.004032251734785719,0.0018854980593709936,0.0028588597204373123,0.0022565750672325358
2023-09-19,-0.004024841340459107,-0.004261164785028915,-0.004289798851296989,-0.003522732729400513,-0.0034473751552662746,-0.004955402382003982,-0.0032716797164434874,-0.003659450773503048
2023-09-20,-0.008321202451624043,-0.005554311384710409,-0.00553361413974407,-0.0029665740712458977,-0.005655812792396353,-0.013594639390428376,0.0009999314477224797,-0.005248873527680997
2023-09-21,-0.0128475883619672,-0.013132935659887934,-0.013077942218568839,-0.011253664499690008,-0.011656908272004829,-0.017507951508959785,-0.007839207549377947,-0.010986159779448834
2023-09-22,0.0008524980852984143,0.00416572245656166,0.004195552965005511,0.002263948895163459,0.0031204423988244745,0.0011363256663030619,1.841839317640037e-05,0.00030462588896207343
2023-09-25,0.0047844244637440525,0.005516257504662114,0.005605137928855974,0.003927343824560614,0.0058346640857422916,0.00738696535184058,0.00031947534203813355,0.0032073768505029854
2023-09-26,-0.014130786108688342,-0.006241791456109258,-0.006273500225992379,-0.005847940590557155,-0.008154696039689657,-0.017600835053635633,-0.009644948192750857,-0.012812112732396352
2023-09-27,-0.0030932227451382355,0.008828433141753633,0.008907613329519837,0.005934234657311466,0.006557351137726375,0.00025155483105887555,-0.007270310122168611,-0.004892599873035142
2023-09-28,0.0007116434825282791,0.0007639594876533984,0.0008473928400167807,-0.0010124172177095048,0.0008577709922918952,0.0032172857383545583,-0.002529571319621726,-0.00048821613591654156
2023-09-29,-0.003952422147813994,-0.005355226058069706,-0.005433745969363746,-0.006029775276232385,-0.005994404698531963,-4.378846200936426e-05,-0.005477364821671382,-0.004825668299169417
2023-10-02,-0.004747825609495715,0.0032842698009600824,0.003293624995874822,-0.00023384402748349853,-0.0011785745881691678,0.005568797453580743,-0.008150320723433357,-0.006879749967328874
2023-10-03,-0.011187727851734719,-0.008667337374663742,-0.008669416792105866,-0.0057524707631118055,-0.006213933043479836,-0.016004131694323798,-0.004171986170349529,-0.00837290361029408
2023-10-04,-0.001166826420333833,-0.008467328091398163,-0.00851080717501751,-0.008279080075914713,-0.007488566752310244,0.005133479016342646,-0.0036332921001825946,-0.0024388852804615446
2023-10-05,-0.005945837922462727,-0.00522330218359468,-0.005152074512115745,-0.007947054526434516,-0.008756294685276833,-0.0035411486847914952,-0.010056832829280604,-0.007321152372815387
2023-10-06,0.010163534008992281,0.006685889251088151,0.006703445783199147,0.004000698456659624,0.005422987926966494,0.013017767751808629,0.005806629412715925,0.008613343625334613
2023-10-09,0.004827727692873873,0.00940095454314216,0.00946103602061843,0.009085331418972942,0.009859532062599596,0.003857669047030443,0.004411746812932105,0.0049091258232805135
2023-10-10,0.00751410377256434,0.0038287736874873524,0.003797590817947505,0.003873373292058835,0.004552206872436182,0.00569294638360196,0.007627307138738493,0.0074347109186601035
2023-10-11,-0.0005743641752019579,-0.008657838189892741,-0.008644411753797043,-0.012396726815128156,-0.010062806543855274,0.0047305202482201825,-0.009723454938668219,-0.003517707031032047
2023-10-12,-0.003358984109470775,-0.0008862597755311397,-0.0008807999192474991,-0.001045013990766619,-0.0018712757816119474,-0.0007259788118250121,-0.003997143268631764,-0.003566575520943971
2023-10-13,0.002623031496615802,0.00755045006992372,0.007528284266048457,0.010988210443178659,0.00765836874035597,-0.003789949679663618,0.009722250233278773,0.005618277952874395
2023-10-16,0.007840991195350977,0.0061595537492713515,0.006161117149813267,0.005658380583080547,0.00614853805845561,0.009520431569498777,0.006482312332961815,0.007007771756684322
2023-10-17,-0.0035640989493141984,-0.004377081121112569,-0.004385302151993509,-0.0007484877032816195,-0.0007775445756458277,-0.0065380227884839215,0.001977798413533405,-0.0014962887571261518
2023-10-18,-0.01251538616340686,-0.005682348291398909,-0.00581161532376695,0.0003814015569463258,-0.005604071238522135,-0.011828719826444511,-0.0023120065836323977,-0.009664702435206673
2023-10-19,-0.004698100827330021,-0.0035478409311975323,-0.003616441231199752,-0.0020203798969133935,-0.003204063114743194,-0.0018097908173849708,-0.0025704596712784467,-0.004534527674774136
2023-10-20,-0.009202584852100237,-0.010886618107303181,-0.010918531652353236,-0.008343873403017121,-0.009337061101097999,-0.012662060005036668,-0.003341612784451331,-0.007175316187500669
2023-10-23,-0.003885752238598217,-0.004449189328436631,-0.0044480304649096025,-0.00785642068960457,-0.006650305322771111,0.0016852810639758076,-0.011290492830736909,-0.006429934447152785
2023-10-24,0.007840164253157589,0.0034586206824620547,0.0034136128370478858,0.0032698478319102,0.0033234891159921176,0.008553787524912204,0.007225337076205873,0.007850268097692625
2023-10-25,-0.005122082172009934,-0.007062887411425023,-0.007128415187672266,-0.0018546370501957288,-0.004217082218296309,-0.010854021021878046,0.004131741733800709,-0.0014854221738062057
2023-10-26,-0.008977266671174933,-0.012121812055322256,-0.012133412638958396,-0.01030920480484876,-0.010119172112865615,-0.015366368844710765,-0.007001640747301696,-0.007682692334012531
2023-10-27,-0.009906630828557694,-0.01756268116393056,-0.017576955027827523,-0.019641079121067384,-0.016988012101494587,0.005397494146065274,-0.021942561688542805,-0.013576654202195448
2023-10-30,0.01754882059120577,0.011618060106740158,0.011614105188797241,0.011331505455353774,0.012544761047879716,0.019902814956068715,0.013697045228483029,0.016189895334703053
2023-10-31,0.0017564186641394475,-0.0031909186450864713,-0.003362766039184284,0.0021437373706350016,-0.0016181914550892351,0.003854994687676916,0.006436303834079116,0.0030929353258013492
2023-11-01,0.009075298106325569,0.00398681164615633,0.003986811905056342,0.002405490222247675,0.004994208111122944,0.01663460773619807,-0.000699242665028077,0.0058270450683450825
2023-11-02,0.018865397935224237,0.021648403857680742,0.021648403882927214,0.02069003629163113,0.019982624424348172,0.01624070912524811,0.01600005588952569,0.01795629292339007
2023-11-03,0.004671985714199911,0.00024225599259164454,0.00024225626545471002,-0.0015107824231296307,-0.0003498110147918121,0.006475414755783726,-0.0024110872835813035,0.002372922156200996
2023-11-06,0.0014681370676230543,0.0015611871385570186,0.00156118719973386,0.0008026879368292494,0.00042652067662940496,0.006368941122657512,0.001395149796251216,0.0008717290237176822
2023-11-07,-0.0005529369383520111,-0.004010029590329811,-0.004010029750825872,-0.004429440867840806,-0.0038727837738617987,0.005679564861087449,-0.0030064663174729223,-0.0016959034281509577
2023-11-08,-0.000635192206074997,-0.002196812732892739,-0.002196812598645903,-0.002796017989791566,-0.0021636091128164336,0.0021762225214501107,-0.003702323173137012,-0.0018119885796734625
2023-11-09,-0.008086752681363829,0.0025075564088548052,0.002507556647332043,0.0018025839484216988,-0.001880977923135796,-0.004373699611876725,-0.007951122403461741,-0.008761807650678355
2023-11-10,0.01414568305122521,0.01242704258118299,0.012427042980765579,0.01145422498961901,0.011551905939208185,0.019095964950640143,0.005775809239450647,0.011386435069120404
2023-11-13,-2.5752744923224213e-06,0.0062073027148716875,0.006207302713606255,0.00599789960628061,0.0045716816826064655,-0.0018464078630294756,0.0028183226275355633,0.0007217675512660726
2023-11-14,0.017229709227509327,0.005952386627860795,0.0059523867142419196,0.0051046711198878825,0.007415570335128185,0.01614154377328858,0.006640128705432735,0.014410102555625581
2023-11-15,-0.0007130167922042574,-0.005980034565145842,-0.0059800347607847915,-0.005148301460347726,-0.0020312389905849937,-0.004213384490293293,0.0017246855732258037,0.0003082515466052982
2023-11-16,0.0018750454482907575,0.001331099161572924,0.0013310994770023843,0.0009823724400954692,0.0007991592379592571,0.00512338134291257,0.00165155219143176,0.001725888704240619
2023-11-17,0.0042991284136451036,0.0028163353305483696,0.00281633511191437,0.0030674476702881037,0.004156658860521967,0.0023928458187965074,0.001210624527183679,0.0036590703021264215
2023-11-20,0.003672547326326603,0.002892137852243959,0.002892137854926702,0.0016890659518598028,0.002241287043307505,0.007375300883825764,0.0014210880183360697,0.0025688031331645433
2023-11-21,-0.0021325635252132935,-0.0013686218321216082,-0.0013686220981349306,-0.0003391686561389218,0.0005417656852084729,-0.0061956323989023065,0.0030330879419784296,-0.000276335331415134
2023-11-22,0.0023819287320097082,-0.003032151342375,-0.0030321515346428685,-0.001469386400821504,-0.0012167068804592729,0.0038139123733789138,0.004059109372801517,0.002978050797956877
2023-11-24,0.0013288471597427964,-0.0008435942774988048,-0.0008435943433777737,0.0004890213713584224,0.001570056746486026,-0.0014960800567581645,0.004974898121878679,0.002896556653898985
2023-11-27,-0.0009082041087817849,-0.0010743829463609744,-0.0010743829054824516,-0.0017663826788937298,-0.0019529106961122533,0.0016668243141479966,-0.0035373122611550567,-0.0020179573985528165
2023-11-28,0.0017107451055102807,-0.0009553023411125183,-0.0009553024297852541,-0.0005484948805408729,0.00032786806385587397,0.00020889352595987454,0.0031180023594639117,0.002221715870897256
2023-11-29,-0.001493145497342141,-0.0063368202573675925,-0.0063368201472436825,-0.006851241313179157,-0.005080158849511518,-0.0028715252420745685,-0.004372011118205843,-0.0020899394585788267
2023-11-30,0.005197483727576779,0.003800151163637411,0.0038001510079030965,0.005889407887140097,0.0061822108689633115,0.001081274723920611,0.01282947135911816,0.008145501522770493
2023-12-01,0.006571743678122521,0.0010043338301939375,0.001097878849704248,0.000494148776659209,0.0038651418578588004,0.004042763474787936,0.00612936595413327,0.006974251343806692
2023-12-04,-0.0046577413558690495,-0.006883913614427639,-0.006881341572493427,-0.005132610652475056,-0.005306355955380648,-0.007604575189523621,-0.0003908119639066676,-0.0030225518805326868
2023-12-05,-0.0021663855816815847,-0.00531341736611235,-0.005172057710770894,-0.0068865920897601685,-0.0052189618915705616,0.003716278718379762,-0.007891900535273555,-0.004555168411873423
2023-12-06,-0.0036912696828305114,-0.007631697314875341,-0.007613900429270681,-0.006071683506566616,-0.00675506180533747,-0.0069325305279233085,-0.003667859494212111,-0.003124850847590621
2023-12-07,0.002885923185891315,0.00042404595201972484,0.0005099767094989271,-0.0003120868024382162,0.0007775451199936168,0.006001115421373049,-0.0017504927414263571,0.0008978638818371021
2023-12-08,0.005710534449171911,0.008274623287714222,0.0083028153882716,0.005378306707817027,0.00544463095985015,0.005737609880223538,0.0003200111895567126,0.003796287706305135
2023-12-11,7.611034591459287e-06,-0.00013162453970050336,-0.00022714510545895905,0.0008935265097909095,-0.0002714414618116834,-0.004571764766359343,0.002703545615516223,0.0012546802723529815
2023-12-12,0.005793117955293026,0.007777787452838858,0.00759331348664527,0.005658942274525902,0.0035779955156456378,0.00683435464635096,0.001475353571938065,0.004294274553638955
2023-12-13,0.012033507044804992,2.713852986246934e-05,0.00034040369793109093,0.002828159614359116,0.0070474055613019004,0.011165566641303304,0.01024804213493069,0.011776147689504857
2023-12-14,0.009697929615885448,0.008068279462859484,0.008250056511500015,0.0016474079133836916,0.006766699644005891,0.00017955727909768626,-0.0005277668379203293,0.007484390546103947
2023-12-15,-0.0011894373653387191,-0.0031637892556083402,-0.003118458453719719,-0.004401509463626163,-0.0032711925962424226,0.0024213638790508973,-0.005541708862279671,-0.003084953050823458
2023-12-18,0.0032768450322742115,0.004930266976010511,0.004942101935784704,0.004953947941259473,0.005055691305309251,0.0061382448105629095,0.003456887375779205,0.002643664429978987
2023-12-19,0.006188776918212957,0.005246417025126071,0.005256508086427525,0.0038859624761631295,0.0055024383503465835,0.002983708213241787,0.00402683651137159,0.006140790564197696
2023-12-20,-0.01517082218342436,-0.01622173117845127,-0.0162556051709144,-0.016613989010831554,-0.016226243878795676,-0.014202922215739822,-0.016370956349441412,-0.015485267217422716
2023-12-21,0.005566999436656284,0.006812557761477489,0.006821527597306476,0.006282388150491869,0.006116451000941048,0.00651292934872294,0.005771207025442315,0.005333085440811791
2023-12-22,0.0010892210409549907,0.0018097725029302403,0.001788893066720476,0.0026651284895622407,0.0020273589352044485,-5.325512938303412e-06,0.0035506439784811494,0.0018708309412929225
2023-12-26,0.0041917221583671616,0.003913874407655449,0.003997989408267122,0.0035224594748508586,0.004502647882825395,0.0023634044199858373,0.004217239352946711,0.004167207388218408
2023-12-27,0.002095339488899839,0.0011804706977918134,0.0012001223427926533,0.001282710921054253,0.0012043933927086137,0.001014640255873278,0.001439496566275178,0.002019133163885245
2023-12-28,-0.0006388206379572825,-0.004949097868271357,-0.00493120253736401,-0.004078323774403869,-0.0035835821433591875,0.0003022797157281598,-0.0014964589348641644,-0.0008269946540352402
2023-12-29,-0.0012345469364266615,0.0001231596119146694,9.726014105848613e-05,0.0009283003282629654,7.774598829168866e-06,-0.002087265813614292,0.001168076176013555,-0.0005673873767565452
2024-01-02,0.0016169482280414815,-0.00015176266567018537,-0.00015203112253392437,0.004125826629499674,0.006462591195683043,-0.005237929869327251,0.013777800227066761,0.006041354570051727
2024-01-03,-0.0036703549724578233,-0.0032845346941690057,-0.0032849568239392557,-0.0028991099685773403,-0.00103479851836219,-0.003703983729270832,0.002333879233181957,-0.0018659277910573202
2024-01-04,-0.0022995667110174978,-0.00018233573180526097,-0.00019292787355207341,-0.00038308211763138367,-0.001156137930308332,-0.006000479836891448,-0.0009784947507104347,-0.0017876707028589012
2024-01-05,0.0027506382360562576,0.005597854420543502,0.005609356937947396,0.0037273612054937733,0.0017221039851205155,0.002157060803081423,-0.0017745329397513832,0.0012328617794532537
2024-01-08,0.010422073277476462,0.010553156636787575,0.010566003926967271,0.008399031955837133,0.00585417360219731,0.016237482955420823,0.0030208660775183915,0.0071779780806728866
2024-01-09,-0.0026649595424306227,-0.0029667151790636614,-0.002970654455462185,-0.0026762129531954226,-0.0030146955230992978,0.0010314159332065476,-0.0033440324096903895,-0.003268213253258323
2024-01-10,0.005480869114113718,0.002186085362486212,0.002192942870465675,0.0017563207835975536,0.001380691206543938,0.008699419386178464,0.001849285334166506,0.003918311547935316
2024-01-11,-0.0011202178077990288,0.001829457088906139,0.0018166699141572984,0.0003075651585877637,0.00026890376929977755,0.0013587906631362667,-0.0012600863299671028,-0.0016942810239646278
2024-01-12,0.0004903553999799914,0.0014977735837495842,0.001539488620728724,0.0008871796237568397,0.0011285592867562588,0.0005978460362741078,0.0015297321748919401,0.0007990961532808871
2024-01-16,-0.004782034160698001,-0.0047949380804582775,-0.004797408120317259,-0.006218258574193558,-0.007744000023376274,-0.0034447140214707295,-0.00885378013410143,-0.006664474917938645
2024-01-17,-0.006677095357378482,-0.008133184322690168,-0.008143029151180925,-0.007324842177166557,-0.005156067416831056,-0.005105357112908493,-0.001092601759866474,-0.005411145575935028
2024-01-18,0.003871738746440645,0.003929417699784388,0.003947138883920065,0.00293177425466018,0.0018742901525687916,0.00802709992870132,-0.001602552145563818,0.0018996067760002067
2024-01-19,0.007096418416274064,0.011123499141944437,0.011138045995937151,0.00704950717370334,0.004689998527270589,0.009608035421288186,-0.001967483040437479,0.003766975065750078
2024-01-22,0.0013287652561049246,0.003876719653163274,0.003855146662787412,0.0037245492563622307,0.003408180406222483,0.0012075137141183134,0.0020573481772832025,0.0016543730905578258
2024-01-23,0.002722216202932781,0.003718669042795053,0.0037190552788299858,0.0041608400652917155,0.005023030149130525,0.004245223181880364,0.004123009041990144,0.0030640432105562
2024-01-24,0.0011455484748310596,0.01017847687090856,0.010167627622920117,0.006544368377364274,0.0038860104271272178,0.002808733732004187,-0.0040897529356652695,-0.0009990214867737768
2024-01-25,0.009158611496902669,0.013928749715624855,0.01396526473704185,0.011874809578173773,0.01060515490789693,0.005814268782960319,0.0065958400334424905,0.008728060625078582
2024-01-26,0.0014886653951224904,0.0008266488486041723,0.0008142962957546906,0.0021787402750741425,0.0026881996666325847,0.0009643647322596927,0.004428063501502599,0.0024779508162486863
2024-01-29,0.006660699721897423,0.009071927612607666,0.009075579210204632,0.00829369337415442,0.005833412083142253,0.007635337625901517,0.00266326129583061,0.005130624383372195
2024-01-30,0.0028429284102835517,0.0070133615932379545,0.007015865568635871,0.006460433239991792,0.005516349569849588,-0.0018596710190212917,0.0036626256586078654,0.003148681918757834
2024-01-31,-0.011684528650361958,-0.013881863831943786,-0.013900243598531148,-0.011988232053880443,-0.010366408857963139,-0.014839220726864166,-0.00491635853621597,-0.009274886466072774
2024-02-01,0.01084411684220754,0.009458154367744553,0.00956026756579087,0.009137010730562611,0.009679062448521458,0.011519640461272962,0.007184206789530467,0.009182965264177945
2024-02-02,0.009437263408237806,0.014886923695907939,0.0149789851824369,0.01111579454180811,0.012465216161539505,0.013683421941889096,-0.0003006912778756865,0.004679957332710316
2024-02-05,-0.002731066880132915,0.007492204288816362,0.007495557938959063,0.00785647851396254,0.004647587680985277,-0.0023852503232678623,-0.005991290939341809,-0.004732996008698143
2024-02-06,0.004891114115001427,0.008349902217679173,0.00821625950988869,0.004503807788554637,0.004000932509810706,0.0031055209098043157,0.006906373343499528,0.006311209232765513
2024-02-07,0.006796515451520824,0.010384908843542817,0.010437950638153115,0.009052856965406697,0.007859867200488369,0.007976413648966618,0.0036977142975929134,0.005406785989043206
2024-02-08,-0.0012499669072877362,-0.00023979516622374408,-0.00022930776231044891,-0.0004060872947699856,0.00031143231683139483,-0.0009073951570502947,-0.0010117831319540471,-0.0012339315038925047
2024-02-09,0.00211452030992465,0.0027136396747489133,0.002787287701556007,0.0011967198999640605,0.0005594375480082459,0.0057361944213838445,-0.004582939273239828,-0.00048435156864601314
2024-02-12,0.0034710690770149988,0.0054023381920322855,0.005331377915508861,0.005413581766079645,0.0046134818393410715,-0.0005936764517220361,0.003692534199493558,0.003996445064182508
2024-02-13,-0.014741634444413121,-0.009736300099075113,-0.009835298620372024,-0.00810740142331312,-0.010182165403129328,-0.014047262237619762,-0.009003353187274188,-0.013558323025894436
2024-02-14,0.004820409970240469,0.008212039509200908,0.008254590092484637,0.005820715686039035,0.005728161076447025,0.005165694268262744,-0.000549772379732083,0.002862697740512621
2024-02-15,0.010740282867529594,0.011450194785956658,0.011331050834971323,0.008995003068534624,0.01068658684964463,0.006469040256595449,0.012930119442714938,0.012323362231838164
2024-02-16,-0.0010531536652086393,0.0005775216858137089,0.0005245346332261036,0.0001091482929851395,-0.00036936243536378477,-0.0021797234890973405,0.0003436440000457175,-0.0006798466946498216
2024-02-20,-0.004313891539214243,-0.014746045992248158,-0.01478307091997666,-0.011693387668248567,-0.009356000488714988,-0.00589271978366579,0.005838933200897234,-0.0008910067861913618
2024-02-21,0.005340197785002054,0.0018372706003464412,0.0018053551134824541,0.002036000176507402,0.003623347543571631,0.0039650351247684235,0.007788170948549,0.006737790434077517
2024-02-22,0.020450272824170668,0.04242797762153527,0.04249702888040696,0.039795436922818395,0.032320890074549524,0.0243284090912963,0.005588521515804912,0.013511500785158503
2024-02-23,0.0006689171170877195,0.000681763924310852,0.0006572422847399562,0.0012350010757893326,0.0004952503431789879,-0.0007052909619246206,0.0018088873581116882,0.0010695343943278868
2024-02-26,-0.0035688146045644853,0.0005452762338575834,0.0005333760469177218,-0.00025842841545054007,-0.0010150798879628997,-0.004082453374767647,-0.004767407201717422,-0.00414812145068344
2024-02-27,-0.0018228378644083998,-0.004151067106906492,-0.004075584723439607,-0.0046897147261031336,-0.003991875461120342,-0.0019816679823100314,-0.005777864581227976,-0.0025055029163401077
2024-02-28,-0.0002104277050212211,-0.003547192861200976,-0.003477958331707609,-0.004353492970399442,-0.002190049572320274,-0.0020334391721550382,-0.0005463018669973341,-3.901349539403576e-05
2024-02-29,0.003135832111870407,0.005009856501546617,0.005130213003526007,0.0038603745405405565,0.004169429023175519,0.005433736667475708,-0.002980747330250555,0.0010222915590782922
2024-03-01,0.004075226265057186,0.01302493573044794,0.012968373391326171,0.012318328687639601,0.009432741808060863,0.0060983127335814125,-0.00028390890084439846,0.0023560287992387963
2024-03-04,-0.0018824906223473548,0.006470116543163984,0.006626151551660131,0.005436559047807155,0.00316801790696708,-0.0045103186996090505,-0.0061289900899910155,-0.0036911157283532336
2024-03-05,-0.00423265057544886,0.0032265375126150353,0.003117255672685948,0.002501676334599523,-0.0006489170402166344,-0.007437440022806774,-0.0025089724191302842,-0.0035607972931305243
2024-03-06,0.0027226720929041104,0.010723719968485756,0.010806988980983423,0.009898836752887386,0.008159972989688402,0.002544903133528953,-0.0005781718180444262,0.0014814839883452446
2024-03-07,0.008030345689563845,0.01417571234785453,0.014240871208160977,0.01365299187882929,0.012930318686587228,0.011113890926407022,0.0029701528312917613,0.005860792922479652
2024-03-08,-0.0028491442527727173,-0.011851533954984506,-0.01194298821335349,-0.011142109385602006,-0.009970710103893499,-0.004190286107311425,0.0006234996182379327,-0.0003149209095907324
2024-03-11,0.002411587321760278,-0.0007147349774023759,-0.0008262926904407664,-0.00024979377429790173,0.000719522631935865,0.000928454780004806,0.011210108454090983,0.005242210647851575
2024-03-12,0.009573014426867088,0.017615996913635357,0.017640270491225074,0.01698553304995909,0.015662448969993248,0.013823858486736285,0.004174521094321371,0.006621432053188769
2024-03-13,0.006362155752013932,0.0028296037945203523,0.0030331626167718895,0.0020467009213409604,0.00368848849814718,0.0032302263710508594,0.003441399201737916,0.0060181412303115245
2024-03-14,-0.0009224364665371132,-0.005305736850359399,-0.005193105970214162,-0.006015792207798132,-0.0039457032267414816,0.002614020179518617,-0.001977762995639787,-0.0009853080156393412
2024-03-15,-0.0030715381713335432,-0.0012858942191821265,-0.0012126384420824143,-0.0007569778352464196,-0.0009956238119419591,-0.006316941740268978,-0.003925082080268871,-0.0028255452279830617
2024-03-18,0.0015656984368408455,0.003996333677294128,0.004152826220187755,0.003460590158198329,0.0036239205373111982,0.0018736161175405552,-0.001895470546163347,0.0005295998790377787
2024-03-19,0.008413978077842499,0.004922346376392328,0.005114051419631949,0.004677730328813912,0.006911370619172796,0.008616060141635407,0.004702124831751586,0.007341641581862124
2024-03-20,0.006938229368146365,0.0034017407131541333,0.0035758292450718265,0.003143349759525904,0.0046892477506890184,0.006519486908677763,0.0015783835026879078,0.005524895406739283
2024-03-21,0.004493825172336763,0.007913170734196617,0.00808632316714264,0.007507931338825546,0.0075721134348036845,-0.0003952952475473337,0.0015994841232473966,0.003379838285070491
2024-03-22,-0.0009767631583449399,0.003367935562070823,0.0032908222315140012,0.0027897183074654386,0.0015687017879009169,0.0026493569012799867,-0.002610614398711797,-0.0020166642504106935
2024-03-25,-0.001892141680587267,0.0014960119957496687,0.0013346259586783926,0.0010540055258450032,-0.0004187969068327746,-0.0008337729102551039,-0.0026876788733791734,-0.0021308616450383955
2024-03-26,-0.0037934166814073134,-0.006166694900500258,-0.006191605067222827,-0.005462800558946546,-0.004769614591881632,-0.006190459105515855,0.001805405279179384,-0.0019374684216203475
2024-03-27,0.010719080863878405,0.003052428118822448,0.0030218303494402576,0.00407804464870698,0.004627614715669859,0.008039839403881421,0.009484400517574265,0.011700117734747328
2024-03-28,0.0015819177281666263,0.002861929580449951,0.002845588683444422,0.0027772943274912976,0.002951412770184847,0.0010577993945577457,0.00210175779422328,0.0017394382131470376
2024-04-01,-0.005448468788257332,-0.0019357213154644892,-0.0019474863299520084,-0.0029442380028892323,-0.004219603788136128,-0.0023522190767786277,-0.006136368645981771,-0.00583760992244553
2024-04-02,-0.006633269904182781,0.0015562765099736975,0.0015574318490114702,0.0013611072125543355,-0.004215362527583033,-0.005988978068903972,-0.01031532701549387,-0.007509192584209234
2024-04-03,-0.0009357865156452982,0.004731826846323894,0.004649743522538552,-0.0021746454814016714,0.00012105634259684805,-0.0019990140552336166,-0.009001703976176945,-0.003515459025856482
2024-04-04,-0.008034712831407664,-0.012999631079250062,-0.01299007020432752,-0.011939985338151327,-0.012260438024488174,-0.0077483800973523476,-0.0074930839497160395,-0.007232164187138679
2024-04-05,0.010489018739099798,0.01782456243413333,0.017808984572331044,0.015601697461293362,0.01395369630767962,0.012166074343206823,0.004527126366641987,0.008394176771010065
2024-04-08,-0.0016173792341304116,-0.006770022659153385,-0.006789135783355493,-0.00605459424958088,-0.004959805665490036,-0.002252681597499029,-0.002142134789234973,-0.001575915168106401
2024-04-09,0.0009603424413680006,-0.006581625454520235,-0.006547202948012254,-0.004807582115627929,-0.0030528725147171976,0.0016905182868320878,0.003838360048906919,0.002157547699718876
2024-04-10,-0.007890507437709693,0.0007503134079123175,0.0007908986970763809,0.0027170582419526745,-0.002214258881978015,-0.0044385137439875155,-0.009916669176970982,-0.009031820890447517
2024-04-11,0.003643225318550991,0.008188290143267496,0.008160222823889285,0.006377640958478148,0.005050441650392035,0.010772880268266283,-0.005653670966706104,0.00018868106321900946
2024-04-12,-0.015579730159108074,-0.025944922893413103,-0.025744998433774424,-0.019806559758111075,-0.018920218417767254,-0.013135250283217936,-0.012393660465699452,-0.014362480291715274
2024-04-15,-0.005395373631628342,-0.008183329832885833,-0.008181408158377312,-0.0074850380807935935,-0.006590634278713314,-0.01107889411719376,-0.00016307235066648218,-0.0034019542217834653
2024-04-16,-0.0028769179988324955,-0.0024259939131067165,-0.0023786761251090027,-0.0002506866403186869,0.0002526664682260815,-0.002047705368711794,0.0008848119494306861,-0.002624864116878678
2024-04-17,0.000757915326967229,-0.008956990823099198,-0.008921201025675618,-0.007212274920996187,-0.005342658826046343,-0.0035448391734732576,0.005911231009413598,0.003263579430554442
2024-04-18,0.0022004237314345865,0.0021252175013974917,0.0021332116153049974,0.0033949343752766037,0.0035508071734853264,-0.00018116242824239848,0.008475723558561077,0.004019058988854685
2024-04-19,-0.0019640625529036004,-0.013596970031100164,-0.013655242647997778,-0.01422355652922247,-0.01132861802895202,-0.009940734966473186,0.013044568357406083,0.0038266144818785985
2024-04-22,0.010688552806643381,0.014791260702880837,0.014777274180855171,0.015555416405754086,0.012708255527066559,0.010857145222274545,0.005286801877550484,0.008872154932566323
2024-04-23,0.008947845676839261,0.012682649442040672,0.012653614657250678,0.011841808123190578,0.011181002645018312,0.01018799834507167,0.0022612036420270876,0.00679938865231855
2024-04-24,-0.0010873458377362866,-0.0053963442788748095,-0.005388410968297341,-0.004390540679596655,-0.004988017971937819,-0.0017644075819329696,0.0029035737654965477,0.0004445344207877344
2024-04-25,-0.0036831192841647598,-0.007104921296023248,-0.007110078972779488,-0.0030885664205237973,-0.0046803974167491935,0.0007465165708200328,0.00024145632906380499,-0.0033851549512554646
2024-04-26,0.006075116682989101,0.008560357172932243,0.00852986851813986,0.006396286284412245,0.009278384424660668,0.00895940223063696,-0.0018939864890100688,0.0024530498161901004
2024-04-29,0.0059580695402094985,0.007291803282271081,0.007302664271510606,0.006391950835083149,0.005265176810764993,0.005873887877807071,0.0018336909177312233,0.005209873732861858
2024-04-30,-0.015350697645466482,-0.017307435347187816,-0.017246148645060688,-0.011681011303358413,-0.015536414674909294,-0.01711365817967847,-0.008914497540727151,-0.013317851090778987
2024-05-01,0.0016062113778707587,-0.012050764160369432,-0.012065823375509654,-0.011167573415648224,-0.007726181362711859,0.005823034708834829,0.008391882038034426,0.004813213517781412
2024-05-02,0.006445539553574742,-0.0019188513655581385,-0.0019053615341279029,-6.250437603383396e-06,0.004396733764660876,0.0109412390363266,-0.001363590139856763,0.00393859989757428
2024-05-03,0.01139082515778167,0.007966152108118019,0.00796631746721288,0.0076650409512695195,0.009265804368534969,0.016172390518329083,0.0020786043408267396,0.00837974011542797
2024-05-06,0.00860169054925608,0.014225403106300494,0.014246315260482367,0.0124336000165719,0.01291827347374408,0.009039293644667712,0.002693484089311138,0.006402505608690046
2024-05-07,0.0012563022595695195,-0.0016689918579442242,-0.0016682185351318823,-0.001696224867919427,-0.0011654299870190732,-0.0002634872123837839,0.004346089239268824,0.0024824714083635513
2024-05-08,0.001988783436546182,0.002183063735321289,0.0021865197992052554,0.001995115093869071,0.001900821011399323,0.0009607667268693998,0.0006693766476739693,0.0020359109699423783
2024-05-09,0.010337186798826004,0.006232123833219694,0.006252184570530339,0.004925116016331943,0.006916857440179003,0.006758252539395437,0.007982245966502433,0.01031947097305963
2024-05-10,0.0018673199114564998,0.006633988130179791,0.0066388228335700905,0.006028568272759438,0.005252200495657222,0.000583242038234788,0.004484688785918012,0.0022717523327384637
2024-05-13,0.0008267362357317065,0.001622188318178841,0.0016368093943124329,0.00029187021466836605,0.0009805979122070596,0.0022620826951922357,7.941362590346834e-05,0.0009148025859104791
2024-05-14,0.0036492227753153195,0.00555915704306198,0.005565302983416842,0.00540439329935638,0.005057446117946673,0.003099915316084445,-0.0006708071137769833,0.0027167126191751656
2024-05-15,0.009662746733893224,0.009934834049267982,0.00993535743102636,0.010254397555501615,0.011307049683852766,0.010198348579598893,0.005268909207248429,0.008448438947929793
2024-05-16,-0.0034694296596468055,-0.0050862026069579125,-0.005130648123621961,-0.0015489985720974486,-0.004180842793214179,-0.0019460516102833836,0.003271843551506448,-0.0014384682039320085
2024-05-17,0.0031479157815470504,0.00441503978475688,0.004437286322883427,0.002528147988521745,0.0028840373138065978,-0.00034515803290424696,0.002961257697523756,0.0034228138104590577
2024-05-20,-0.004690558208862328,-0.003233868944090723,-0.003207175289295261,-0.005131406454809029,-0.0025647427795693067,-0.00032224552201587375,-0.008895574123577554,-0.0066086802606603046
2024-05-21,0.004514778342752157,0.0039648627619526255,0.003942945314241442,0.0054760480043225535,0.0042638854696186446,0.004234783407145892,0.003770425401196098,0.004545092923906591
2024-05-22,-0.005718405653970082,-0.007619330223476273,-0.007626433055573645,-0.007258701479132212,-0.006766992223723678,-0.0023099690728080047,-0.0011340002589073084,-0.004336114590141715
2024-05-23,-0.005472664104718361,0.01115515391105859,0.011152850079345855,0.010864310567898272,0.00749560062592125,-0.002994467649299004,-0.013860716365829195,-0.009646238292918219
2024-05-24,0.003778759306481083,0.010225361929353749,0.010219493101921273,0.01019387986007847,0.006889000214978402,0.004508240215353787,-0.005196129455790732,0.0009091695192360305
2024-05-28,0.003919899582706998,0.013275015134631918,0.0132822859486601,0.012731296560990701,0.011807857000768696,0.007404199607781603,-0.007226036266594127,-0.0004477156744303601
2024-05-29,-0.00786572680843911,-0.006649670928319473,-0.006668745298997858,-0.005379665722952343,-0.007152440292434115,-0.004179878120323721,-0.01011050102697475,-0.008835479841191818
2024-05-30,-0.001658499885399456,-0.005203926254328084,-0.005206583038477319,-0.00517329503049857,-0.006379593762708469,-0.0069200589507552035,0.003591558689163721,0.0008230773664219537
2024-05-31,0.011110134524262127,0.009400209707259188,0.009382668385849113,0.010557917242644876,0.00958122080008117,0.006968205209592293,0.016176071115532098,0.013115714094393827
2024-06-03,-0.003178487588519907,0.0029544623998156716,0.003016053389455209,0.004888196134967604,0.003397839619901033,0.005767024799328446,-0.0029061702533383915,-0.0036679615134543875
2024-06-04,0.0010153518847830778,-0.0002383068581343073,-0.0002009208134595708,0.0027497975959009935,0.0008670257544993731,0.006309738529018283,0.005739576707697092,0.0020843541536745835
2024-06-05,0.005641261012109711,0.011201903402837887,0.011223941670678528,0.008782434851110521,0.011712042382904464,0.00943650541551655,-0.002895248569693698,0.0022257899466269215
2024-06-06,0.001016239475133629,-7.336890417053432e-05,-9.403473628710746e-05,0.0006347934540893441,-0.000756693911514783,0.001700095295637194,0.004277473298105017,0.0018994154183640255
2024-06-07,-0.003305340906809784,-0.00020391581920564672,-0.00020660483004719676,-0.0021167947484113103,-0.0027384874507345724,-0.004055934074284173,-0.004874096497970548,-0.0038697970807545223
2024-06-10,0.0035169356933801854,0.0024797529333111523,0.0024625740790367168,0.002083223029408776,0.00359381249412416,0.004548954211741174,0.0018181435982960181,0.0029367693436139763
2024-06-11,-0.0012688963623616045,-0.008051571761272469,-0.00805239798323587,-0.007804640257169648,-0.007514487159834271,0.004731295206630737,-5.189933346638753e-05,-0.0014310898042505515
2024-06-12,0.0024578134411745722,0.0030221591097472356,0.003043097291079766,-0.00024377042130041549,0.0038729087761883996,0.006476719688158994,-0.007266953762955497,-0.0009358245676891475
2024-06-13,0.004115671135689336,0.010190530324228675,0.010220640107109435,0.011224910948527844,0.009378347467309478,0.005909142322555683,0.0030067851197965734,0.003612010828289325
2024-06-14,-0.0011188153718241223,0.0015912394760475568,0.001619898302425371,0.0025719780269499726,0.0014545156512815183,0.001278018424613947,-0.0005007945024083638,-0.0012476556471916478
2024-06-17,0.0029421674207754656,0.0015822855387535029,0.0016118426194298152,-0.0005597124213867488,9.09274316065467e-05,0.002264076850049257,0.001652479228588133,0.00252459117042636
2024-06-18,0.0022984418662228556,0.013732184830204996,0.013728900708158687,0.012047080304001812,0.010319493860902806,-0.00046550615232932024,-0.0002833735934181236,0.0008638400708205207
2024-06-20,0.003101234562129296,-0.0038559713795295325,-0.003892452252307943,-0.004709012013175751,-0.002084304500581058,-0.0017534049080297764,0.005022836865325342,0.004358979267316876
2024-06-21,-0.0027707234561011873,-0.010514483014670062,-0.01052379466701625,-0.00990354641317881,-0.009337289590583442,-0.0008841590769865793,0.002483779940366748,-0.0010895727978464942
2024-06-24,0.0022476783085731977,-0.007629687998217505,-0.00763070999698634,-0.005357025625240985,-0.006543191134944948,-0.0066562440021584734,0.009232220956482351,0.0055228247813923215
2024-06-25,-0.0014548236375389045,0.010703342731660515,0.010688992497113636,0.010264719320783655,0.009605769947337528,0.005537974086872843,-0.008104009912568877,-0.004491758530678958
2024-06-26,0.0035503326546597602,0.0001490404513559973,0.0001384029657225394,0.0005791584096661584,0.0015944912419900703,0.008679686295927302,-0.00024469296298834653,0.0023867267965682615
2024-06-27,0.00011245212649391156,-0.0033824049582702465,-0.003423549116634339,-0.0029718111910601586,-0.0027279205969291676,0.0010445951350852578,-0.0010902302536269781,-0.00015013409679320855
2024-06-28,-0.0007097345361458673,0.0022286182380073516,0.0022144315864291997,0.004316788497292778,0.0026095218803696696,-0.005685891626018735,0.003792177025564669,0.0007951719021050963
2024-07-01,5.9195590622618255e-05,-0.001911246869053751,-0.0017758799039706563,-0.0032002233922970857,-4.1315995729429567e-05,0.0035315152189343557,-0.0069402436647529875,-0.002322139144613211
2024-07-02,0.0032467029156799665,0.0013185589418100996,0.0013377093924278327,0.0016012102377842563,0.0015493794708334452,0.0036348377315207347,0.001794387530880126,0.0031435737161995547
2024-07-03,0.004087868678151807,0.0114844968675345,0.011474502223690619,0.009383572615263347,0.009762616636234345,0.00353295066705428,-0.0008718779154922585,0.0021493216805343884
2024-07-05,0.00032668297102622645,-0.006017617207585424,-0.005969653588218438,-0.006271102391729566,-0.004983426064304686,0.0038097863447805747,0.0023266852715584374,0.001041899919157263
2024-07-08,0.001215901636992811,0.004841221675274454,0.004843949242466339,0.003821529704315596,0.0038163053227724397,0.0013946707476375497,-0.002006174750724954,0.00016405021054710645
2024-07-09,0.00036240098474271676,0.002370499129137782,0.0023550453799214832,0.004053101945926452,0.0039535297585484575,0.0014940945861270372,-0.0005552644067206014,6.558332975381553e-05
2024-07-10,0.011949132596401846,0.010597747035395733,0.010617747644724007,0.010706704258828914,0.011951702143555565,0.013667621369042537,0.01083895518780098,0.011521191087493943
2024-07-11,-0.0036169933733725124,-0.012266718926315034,-0.012363203463510941,-0.011065402530693214,-0.01200654081617003,-0.013969612405413945,6.831118654004875e-05,-0.0012046650029298167
2024-07-12,0.006654219997039634,0.0050472833820882634,0.005008004771949404,0.005106125229121794,0.005751781230759034,0.006872617474944498,0.006413934784523567,0.006565047191757323
2024-07-15,0.0015317129277050423,0.00681268506839916,0.006826180810239002,0.004909122562023915,0.005298240927372522,-3.525291627870519e-05,-0.000295317538196338,0.0006715693345200613
2024-07-16,0.014339408585481328,0.011499116721219504,0.011431104061772945,0.013201576703009588,0.012570529238357775,0.00905826310147817,0.01811172497290059,0.016437499906339026
2024-07-17,0.0014533230507300932,-0.006292592177673195,-0.00638156330803441,-0.0006259905340948446,-0.005975059925495518,-0.0030526791214565696,0.019869293443936176,0.008179990937652981
2024-07-18,-0.00787025546041753,-0.003662960068527954,-0.003682500636993713,-0.0037286059087144885,-0.0048179033343329625,-0.006094382900761919,-0.006182722874629287,-0.007914031781404818
2024-07-19,-0.00669051055378056,-0.011197233918745386,-0.011199195045664023,-0.008784835630600285,-0.009972612680820503,-0.0059596974421656235,-0.0034888211563779414,-0.005292890855524313
2024-07-22,0.0022996216200927844,0.010543840985961284,0.010593203583585398,0.0077237290219955845,0.008866822796288698,0.0029388379121013664,-0.003659635732380373,7.695281539921162e-05
2024-07-23,-0.0035749824115257622,-0.006220911730989487,-0.006200421641071485,-0.00616120557643407,-0.004377179289800304,-0.001423188349158555,-0.006273887954067581,-0.004617311275561309
2024-07-24,-0.00719015637730247,-0.01738794944033073,-0.017519646166997305,-0.011581285682279896,-0.01639826949528722,-0.013757653352936217,0.007837276213844113,-0.0011765277498915205
2024-07-25,0.0014168084239498668,0.0004018243225973883,0.0003101095288320366,-0.00021220402075539102,-0.00019238623476602879,-0.0022553524766906197,0.005885707201238155,0.002841158522768339
2024-07-26,0.011972739717874603,0.012745726468046836,0.012761051216478414,0.012170949549640708,0.012415826206477742,0.010983884693689383,0.01140115056793456,0.011910305180669933
2024-07-29,-0.004569587359815164,-0.006662721293372975,-0.006639982169153846,-0.005892080034594183,-0.006519383985995386,-0.0030712628336300174,-0.00474666933608392,-0.00459728038502194
2024-07-30,0.0005760751823977728,-0.01764165724926514,-0.017708236450976522,-0.013781094806243455,-0.011243463094882111,-0.005327710185489609,0.0020061035024596663,0.00212345902721367
2024-07-31,0.009899609838758705,0.020894164672934368,0.02084912924152693,0.018444709828463468,0.02186406796412954,0.014425610649327014,-0.00514661491718682,0.0039193744349173
2024-08-01,-0.011632058057920225,-0.02448179668739825,-0.024606674442528842,-0.014322323562273365,-0.021003630824334207,-0.012559413151617016,0.005561825084031913,-0.005752822552835601
2024-08-02,-0.010789620993097326,-0.014553534402399593,-0.015029063777482476,-0.003850844627828698,-0.01300295441119692,-0.009208945525764234,0.010080113311761396,-0.0037966481937300456
2024-08-05,-0.02722224251834715,-0.027946632277061623,-0.027994735781003866,-0.026758595291681342,-0.028887908876026214,-0.034264457979625296,-0.02136452032121705,-0.024955659806578434
2024-08-06,0.006671505932404065,0.01829880402664985,0.01842746785281535,0.011943628532799622,0.015226303578147693,0.003175904198464252,-0.002221323933582653,0.0037143944831381503
2024-08-07,-0.00253487738138769,-0.00931243313097585,-0.00923329765964287,-0.005848965554596464,-0.007458023906232181,-0.0042015784336206785,0.0024976331538562047,-0.0005546963446656505
2024-08-08,0.01597161043555473,0.025289445465233262,0.025390554757761086,0.02021142848644386,0.023121018609163935,0.01612601786742829,0.009002504088168717,0.01311566681374976
2024-08-09,0.0028996917236929765,0.002232604076940703,0.0023060648130952544,0.0011835337357366527,0.002234158812943532,0.0023178925408997575,0.00014998711702385314,0.001989074596475904
2024-08-12,7.83843603500145e-05,0.005207986419809574,0.005179866865087979,0.0032557542178583976,0.004635242312170718,0.004520169649711248,-0.004635773423214529,-0.0017501698870550086
2024-08-13,0.010635916674713863,0.017311705731821947,0.017370411252778606,0.014302284875826077,0.016977656959008325,0.015945417089891833,0.0029576831103155232,0.007599418237867139
2024-08-14,0.006096958256358809,0.007991746372771003,0.008079382081839004,0.008737116196720907,0.0084089809379162,0.005548993926924872,0.005243003978758987,0.0057556379260919055
2024-08-15,0.010745638355251108,0.015428409102587581,0.015348765470240444,0.010981091372040508,0.013876374654408608,0.015028185576347441,0.004034783805477282,0.007879100429125874
2024-08-16,0.0033570659182817764,0.004043668726334104,0.0041254382210602625,0.004266489457791067,0.0042660931939699775,0.003120741796031723,0.0016831115092263982,0.0029173851725061706
2024-08-19,0.006316145211609392,0.012374933337423233,0.012353545047065762,0.011046873595360385,0.011602230280390646,0.008955084906855149,0.0025205241585226634,0.004682523761687429
2024-08-20,-0.003012917577669194,-0.008338373835710677,-0.008462909607621971,-0.0062532656419348465,-0.007484040418925031,-0.0015562092782301917,0.00041893880119148186,-0.0016079284395825733
2024-08-21,0.002540310302888482,0.0025374988765853868,0.002480242611432537,0.001858200748685368,0.002028902702746249,0.0034116370084906755,0.0018570004299867104,0.0022474430711905136
2024-08-22,-0.005613517580428162,-0.005616141195364466,-0.00559355543004203,-0.004356428943896429,-0.006496231444820921,-0.01104135634121084,-8.346675607651122e-05,-0.0033100412811138957
2024-08-23,0.01298763688666793,0.01723353490065116,0.017359920163523945,0.014196437723686062,0.01665563176099627,0.013060726556822777,0.007480233227660449,0.011006899725835906
2024-08-26,0.00256003001581373,0.0008791957629976643,0.0008068941181915701,0.002183298108553,0.000635817942696848,-0.0009194685379197987,0.006759727114035385,0.004228579229823115
2024-08-27,-0.0009185956604633727,0.004073129442693446,0.004025181637005382,0.0025658616578616567,0.0025682121967678384,-0.0008011063623100112,-0.0005000901827485471,-0.0011315884926100805
2024-08-28,-0.004228983766447203,-0.005587130973426779,-0.005643189438946927,-0.003946455575897567,-0.005772281536310264,-0.006144096739709282,-9.138001383379724e-05,-0.00255626666753761
2024-08-29,0.0016044171585194444,-0.00859809526768196,-0.0085142397901119,-0.007331536479737055,-0.007237857843124473,-0.002464689531829989,0.004438834048270834,0.003394973201413576
2024-08-30,0.008696678636823219,0.01025986639403631,0.01021288934762099,0.00879454034365068,0.009443282439538292,0.009879290061380885,0.006822028921320333,0.0078539005517122
2024-09-03,-0.017817509843794155,-0.026001489279978363,-0.026058235351164694,-0.016128793546994258,-0.02594483993424157,-0.018365247330696777,-0.00017552239126727986,-0.011261227212802538
2024-09-04,-0.0033747579332638056,-0.003638210564862576,-0.0036533262948942324,-0.0026267799490830024,-0.00389404074587818,-0.0057155614937199894,-0.0010787908837704974,-0.0020894525146175624
2024-09-05,-0.005065143562276497,-0.0056725302552856904,-0.005666439743949869,-0.00744568683459268,-0.005824063791559864,-0.0001616459863598152,-0.010050049867160071,-0.007001922339105238
2024-09-06,-0.012573102811215597,-0.01742586739142027,-0.017440702791523766,-0.013190816770705549,-0.015809015738148413,-0.01422534000876563,-0.0062806987789070234,-0.009895045476708053
2024-09-09,0.01359017732047274,0.015742243474189843,0.015757465241788005,0.01449321172985596,0.01579027594169724,0.012885274943483349,0.010009469170694896,0.011999819684030966
2024-09-10,-0.002495263208588616,-0.004952433828891989,-0.004957452729357659,-0.006486308350244552,-0.007451710097225339,0.007229732442755266,-0.0013952725342797345,-0.002365611540197099
2024-09-11,0.006151832599409435,0.012258199774929812,0.0122755006260451,0.005504677622889753,0.011372504073979384,0.0108042434512583,-0.007447467526552121,0.0007285945270871785
2024-09-12,0.005877522743649388,0.005340467006518468,0.005355004077595149,0.0032676386004502067,0.005813539021036984,0.006719262194917697,0.002244236111386133,0.004385132632226618
2024-09-13,0.0056959342604896435,0.0020076044485015654,0.0020144879218593204,0.0018207749389944627,0.002759629823958054,0.004248926490239446,0.005343417236067127,0.005882546793407606
2024-09-16,0.0034548693284022214,0.006720338382733448,0.006727795130814007,0.007613696656593838,0.004863990357823589,-0.0017602038166941725,0.008707328697783234,0.005216647996347579
2024-09-17,0.0016661545828569047,-0.002667448153053531,-0.002636976411039771,-0.003004079127746362,-0.001448186800205753,0.00033680668412783277,-0.0026515403451708996,0.0004094755924894944
2024-09-18,-0.0026322040243921263,-0.008993654421668107,-0.008991745578606714,-0.007891155111071413,-0.0065116764550601225,-0.0026709179777028025,-0.0038079251185771934,-0.002626538786953292
2024-09-19,0.011704079472510287,0.014184132030143903,0.014245744769008528,0.005659433978750794,0.014714676370376045,0.012576036619227127,-0.0025384104097997406,0.00684704293879812
2024-09-20,-0.0004064257659117665,0.0005077383640159638,0.0004923577761857256,0.0020838239426888006,-0.0016557411372205566,0.0006513553415654627,0.003922527922087582,0.0009148846673068256
2024-09-23,0.004522510840092808,0.003307039887501473,0.0033150974810929323,0.0013905645678600198,0.0031995159333455536,0.0020023391727925777,0.0013730968476943772,0.003617896767891926
2024-09-24,0.005308284265066021,0.01325425284732673,0.013294854823166169,0.006840766761925465,0.011038303136819527,0.005699111043920846,-0.00122989170640031,0.0031153078862355965
2024-09-25,-0.005771359499150086,-0.0014728848688740914,-0.0014955024585435739,-0.002004357590831507,-0.00246279425833984,-0.0030343579006255617,-0.006360224423764604,-0.00631618362715225
2024-09-26,0.0010421296100566746,0.007866268660090103,0.007902635523388213,0.0036552584326559057,0.004836856344089702,-0.0001760864949613694,0.0006413027096852097,0.0008628598120596909
2024-09-27,0.002801250206362793,-0.0035477222047308743,-0.0035563766227514337,-0.0008104186361836963,-0.000787274861958065,-0.0013525037582726718,0.004443849211956508,0.004015851612503285
2024-09-30,0.003445442153754197,-0.0008862105637632567,-0.0008892953183021746,0.0006212035082315825,0.0009702005894434151,0.005173731567066131,0.0021901158116042208,0.0033558681091847564
2024-10-01,-0.004444407684109253,-0.01124613220033821,-0.011169209301143401,-0.006280420500055284,-0.008701516565538636,-0.00956161319261939,-0.0014568055207362374,-0.0028815855827716286
2024-10-02,0.0026234468055073012,0.0018376251107501407,0.0020347767810555695,0.0014357017005193207,0.003782365334318305,0.0018738266105975399,-0.0006890887089170405,0.001662268432479852
2024-10-03,-0.002720453470501427,-0.0007702524307262593,-0.0007044734364489713,-0.0014615584492357891,0.00041935288054606445,-0.0008097694543747203,-0.004769973600317834,-0.0037401147454679817
2024-10-04,0.0055064934805131305,0.010560582634813853,0.01066581114058418,0.006121128821110933,0.00949879986625457,0.006741595371377418,0.0008175505838874386,0.003507000096992563
2024-10-07,-0.008383953370042607,-0.00041149242881965975,-0.0003227191300377852,-0.0035156086001836284,-0.0013336207792307153,-0.010184258312365468,-0.008996381787312435,-0.009112499754912573
2024-10-08,0.003226104526669493,0.0066936195968583245,0.00659358467352833,0.004007264506153074,0.005228001888915257,0.009660594671113909,0.0011060653536385523,0.0019213008482756866
2024-10-09,0.008259185310939277,0.007785031524631725,0.007774489073091084,0.006897774383346267,0.0074122511800736035,0.007652041596964532,0.007230726780621088,0.008157447362130643
2024-10-10,0.0014679401868342712,0.0023386942007632694,0.0024386811230776573,0.0022929458757474652,0.00340214339335132,0.003818344080067426,0.0010272063311134172,0.0010676848433532893
2024-10-11,0.009237899264982863,0.01498567802893036,0.014962008172398678,0.011108449975247625,0.01204564353607429,0.00447568215576144,0.007527081963062399,0.008943751301208502
2024-10-14,0.006071217416138364,0.00491852365759371,0.004889313155071351,0.0064473366652280095,0.006212202640633491,0.00784089425127954,0.006359759037235291,0.0060668571826758555
2024-10-15,-0.010427902715183901,-0.011129973846136454,-0.011467828906073008,-0.012662558269648572,-0.01627800602334184,-0.010815489267086642,-0.008123954661824695,-0.009855835077613007
2024-10-16,0.007176861059984274,0.010112737952866935,0.010223689091945154,0.00832826811013443,0.010886401027350834,0.003611341683235292,0.004016136280048377,0.006255418918242883
2024-10-17,0.00040689806889826485,0.0020284390162441657,0.002079774160192116,-6.843342067963665e-05,0.0011912999579999362,0.002065096834148905,-0.0011304354964988272,-0.0003811437573927323
2024-10-18,0.003211547705357587,0.0033934587590724874,0.0033491622204313565,0.0034258077675661802,0.0032692961065303727,0.0051131591088957595,0.003384238764456482,0.003171086660141098
2024-10-21,-0.0029334768357934804,0.0018844229859289463,0.001999260434327965,-0.0012744807135285363,0.0021304121955973976,0.0037677710182522084,-0.0069483077738948795,-0.004974349084281182
2024-10-22,0.0006545141881537653,-0.00011003054843428117,-0.00011551531804754323,0.0004110419793919018,0.00020630663238208058,0.0021042519289589112,0.0014289869336090444,0.0007316228325195961
2024-10-23,-0.007527279091169348,-0.011665362909797472,-0.011592227475685224,-0.0090583123617064,-0.010379436985396118,-0.0137487418769634,-0.005178240311530247,-0.005946600947159264
2024-10-24,-0.0011607772881105927,0.0015288035891973806,0.0015356206885961399,-0.0020656337523932145,0.00019742984505177752,0.0001876594129748277,-0.005177815395562169,-0.0027021695476735497
2024-10-25,-0.003753644970474923,-0.003391736226113329,-0.0033167461931279396,-0.0040275683989275946,-0.0028066935594233122,0.0014946544208029877,-0.005317088168698136,-0.004654605020010916
2024-10-28,0.005087957075769811,0.0044722509463384075,0.004481819240119256,0.002846510621997922,0.0036701918893706775,0.0011897319657458993,0.002398781472202405,0.004761558653712861
2024-10-29,-0.007260327680407741,-0.007122628022010913,-0.007042319185999735,-0.008419687002439447,-0.006579968565916805,-0.001055552791044967,-0.00871799106838389,-0.008483056305228609
2024-10-30,-0.003251175197220846,-0.005821987438816123,-0.005862546785489142,-0.003391394395092062,-0.005079951289246765,-0.0028298708204657075,-0.00019201911026955898,-0.0022979671621938813
2024-10-31,-0.01507872215911521,-0.019713881324827542,-0.01976059760692106,-0.015091640958711627,-0.018369138085762016,-0.022784415713444917,-0.010554187981804852,-0.01237131819942916
2024-11-01,0.005351463099184883,0.006131935807719424,0.006232546195932276,0.004125709053509841,0.005519730370966869,0.015892834767501363,0.002432002612536399,0.003595589876848715
2024-11-04,-0.001290647111609422,-0.003082292562869293,-0.0032402309934523865,-0.0030242515389424796,-0.0020522673670934077,-0.0021647730345386584,-0.0026314757318838256,-0.001749990286147196
2024-11-05,0.009370482837009586,0.010024517525120125,0.01030019195639964,0.009195776389569366,0.011168938051906219,0.011476201432188082,0.004856863491593755,0.00773847800851768
2024-11-06,0.025686172966253862,0.03850646350436593,0.039541087372489514,0.02864470957056109,0.03472856792570034,0.021438848132814492,0.008466414468393468,0.019822686665661893
2024-11-07,0.0017532875387797908,-0.0025780527710445034,-0.002685463702291946,-0.0024176110307337906,-0.00015769608396520862,0.011787684166287615,0.0017839962408914278,0.0015622769342151788
2024-11-08,0.0014007535614142252,-0.0013662720435049236,-0.0012507938730031976,0.0022949767131708043,0.0010501920735224157,-0.001887306560573787,0.0035803724582221808,0.0029938538500182688
2024-11-11,-0.0018725380981299278,-0.003504555529127762,-0.0033211033007951585,-0.0036384257562225297,-0.0031419285703141453,-0.006131946814818989,-0.003689552520006356,-0.0018492450983876862
2024-11-12,-0.0037916961818432737,0.0022206675076494875,0.002213430904673741,0.000558448559188518,0.0008381391736418387,0.00238822337767286,-0.005055762204448699,-0.005146758191450607
2024-11-13,0.003491947389928418,-0.002873642371660323,-0.002800900198897338,-0.001661737194317947,-0.0012679553053078774,0.005185112315732043,0.0023032850958477624,0.003102171503941653
2024-11-14,-0.0010313983578058572,-0.0003799830212091182,-0.00033658634613820126,-0.0015663527718542403,-0.0010410312975077662,-0.0018637534534625688,-0.002874281849906235,-0.0018516066777976015
2024-11-15,-0.0060056693205361444,-0.004632467737038626,-0.004623322760147985,-0.0023418579534414397,-0.005536872760126932,-0.01794463977357763,-0.0006923215215582923,-0.0032907020166437206
2024-11-18,0.0009287301772877843,-0.0016277671957938278,-0.001684121013469153,-0.0005237075871274977,-0.0013497623771815404,0.00011628221568837915,0.003014097022752349,0.0017133130045186018
2024-11-19,-0.0005309341997898898,0.006100897901106794,0.006045388408319141,0.004882277264054435,0.005360921999528756,0.006736815387797801,-0.0032943433076561,-0.0026061853158841908
2024-11-20,0.0022590565270572682,0.0004676568695094474,0.0003077014740036077,0.0014887546632640358,0.0010829603414852507,0.002831515090214065,0.0063040181459170785,0.004136088705341878
2024-11-21,0.008086153358294323,0.011354237930863542,0.011329553245281287,0.011102732322429087,0.009953826421672085,-0.0006139946340407709,0.009082225776329889,0.008552220348328587
2024-11-22,0.003080593794727804,0.002415974056799941,0.0025468108406236922,0.0018089723416272463,0.0007286687819261228,-0.004262066289893673,0.004032130902599018,0.0037830995315693006
2024-11-25,0.004368656371517066,-0.001594534825591909,-0.0016193258322878545,-0.0010262875844475605,-0.0015231246335761783,0.0017656833410417683,0.004527106800600533,0.005484169638220626
2024-11-26,0.006587817483811875,0.00452825032631865,0.0046766110175266995,0.003428651878040201,0.004692080345119587,0.011121204650970773,0.004519634966916319,0.005693360659948743
2024-11-27,-0.001934653201581371,-0.003380433699423868,-0.0034540790208651417,-0.0021423121556409797,-0.002917497809004743,-0.0045931641683795155,-0.00023924545202336223,-0.0009718396022690978
2024-11-29,0.004514960324607964,0.006234044082886969,0.006199127189244313,0.004627010010291865,0.0060171555332129145,0.0074231930309403005,0.0018471926333512023,0.0033737251825562975
2024-12-02,-0.0013325631211076328,-0.0012961251756992143,-0.0012388702322665424,-0.002151904220490053,-0.002081251572512377,0.00465396977664656,-0.000353822060679132,-0.0014586246335275277
2024-12-03,-0.0018695905650258915,-0.002976953037169938,-0.0029209057961553375,-0.004744757099199526,-0.003559508231883224,0.002850097826639919,-0.007160133641233579,-0.003980439303552519
2024-12-04,-0.0012591110833291008,0.007165924762038367,0.007315063849651526,0.00030584590944537915,0.00359383128904045,0.006706668529030457,-0.0065967118657273005,-0.003493744745326488
2024-12-05,-0.002209288208827931,-0.0021484876748728565,-0.002175082028876174,-0.0005828729010690648,-0.0015144835896147013,-0.0008906293434941537,-0.0018289960408949257,-0.0027708889268912573
2024-12-06,-0.004809129097621878,-0.007227548473025203,-0.00701141387355364,-0.007901195868303956,-0.006444969348369578,-0.0036193487576213768,-0.007989434730365952,-0.006399817809005892
2024-12-09,-0.002219132172362137,-0.008402525160655427,-0.008491619784182114,-0.007642678070446607,-0.009139442237852236,-0.0018765526715366354,-0.0021726661068719455,-0.0017521292157061108
2024-12-10,-0.005165815943905083,-0.005959652129116977,-0.0060112310466778895,-0.0024087667283035907,-0.006006447152076322,-0.00412228938130299,0.0011924890414771738,-0.0027515875687489366
2024-12-11,-0.0017553550713821364,0.0013073723024015216,0.0014582842219774683,-0.0024279738676125096,0.0012475702833689706,0.0026831987411650715,-0.008824617720372019,-0.005247469540699767
2024-12-12,-0.0060410760530131835,-0.008388487364903052,-0.008450592160179515,-0.0037987114771275143,-0.006582912544035535,-0.004983699539997555,-0.0006918494309913203,-0.004706194501530425
2024-12-13,-0.003897634460392263,-0.006341930719016675,-0.006333928350309548,-0.006147349661763113,-0.006483975733282188,-0.005863531591887128,-0.003281376956845272,-0.0030840745116420543
2024-12-16,-0.007879320902385634,-0.005581269145198964,-0.005434958830357939,-0.0077871880872733,-0.007358168698832657,-0.003524455295287221,-0.010518824414777694,-0.009185323904789877
2024-12-17,-0.003271321007097372,-0.006955781462488764,-0.006950115260300871,-0.002888241510477396,-0.0050566862399988866,-0.002463129843899514,0.0029348298098121894,-0.0016749666733016921
2024-12-18,-0.022261729008751785,-0.017461981019891826,-0.0176887859086724,-0.014608135288687318,-0.01834896520462126,-0.021281061039380544,-0.013533526227321735,-0.019086512648917697
2024-12-19,-0.0034386428672318337,0.0036710529768140265,0.0037540356775738193,0.0012960345102590587,0.0015633205719114418,0.0008726131547089899,-0.004590519286446382,-0.004529241679896878
2024-12-20,0.012893628951605285,0.013998952739836756,0.014045253065744667,0.010834193393299607,0.013176580305305663,0.01205598872414737,0.00621414793003261,0.010830763021044465
2024-12-23,0.004567326888724965,0.00937207704690568,0.009337954292557571,0.007007872991275033,0.008261614518180638,0.007060640841983545,0.0024639765843563755,0.0035669381311149717
2024-12-24,0.008469285583154518,0.008350206508202618,0.008396122440055942,0.007662169292695475,0.008001101664804944,0.008564950807609772,0.006327831652281901,0.007707707859816004
2024-12-26,-0.0008517802795795504,0.0015111657588051663,0.0014886533274363067,0.0013190323529268522,0.0006449024895311961,-0.0014132121810247478,0.0004960939268088271,-0.0003051203314015094
2024-12-27,-0.0073943818295243435,-0.009716599324560704,-0.00976400216017237,-0.0075727052791683125,-0.008659434645898245,-0.010458262212670655,-0.005026241768095963,-0.006254164022822417
2024-12-30,-0.008085419989171894,-0.006870898184565877,-0.006918764814321743,-0.0076242248353544095,-0.007104478338260445,-0.00825586253665933,-0.00985967452272174,-0.008730592813816607
2024-12-31,-0.0006594431810974521,-0.004931951452151528,-0.0049670224024331855,-0.0015894887274277014,-0.0031147742056644168,-0.0047382692610471455,0.0030001074150456386,0.0008324999725479731
2025-01-02,-0.0017894325396649036,0.0009082818625736344,0.0009450238709802772,-0.0021690630450477144,0.0006247861885908534,0.0004802909976711067,-0.00508858361684561,-0.0033102937656428466
2025-01-03,0.008582890137594834,0.014317865698790788,0.014333478594718452,0.010031722198486026,0.01291871253575927,0.012649309841357592,0.003780463198097772,0.006405381425393708
2025-01-06,0.0006576681541443641,0.004518545991739398,0.004572148109835972,-0.0010157868285797234,0.00257657947805634,0.0071490984085844644,-0.00586132071229839,-0.0023361243321636804
2025-01-07,-0.005476128761025212,-0.016204432018971815,-0.016272866697930155,-0.009447856514716801,-0.012957983395381789,-0.016968551061158577,0.001744407049689256,-0.0022062454935256604
2025-01-08,0.0014930637015708736,0.0012614428765898023,0.0012490238400604259,0.0024040080516616325,0.0019217737434258364,0.003246034447666357,-0.00013930462287248258,0.0014908777972233445
2025-01-10,-0.014708945162932086,-0.02062649717943066,-0.02074438274308732,-0.017359745754097933,-0.018830406156079227,-0.014563849740727663,-0.0104374121835481,-0.013376383693902594
2025-01-13,0.008695623743167014,0.00015948553334865778,4.163473857210498e-05,0.004604833747235526,0.004476171114685901,0.000438102220455594,0.010597751875013772,0.009856990153244372
2025-01-14,0.006413041720166213,0.0013582140423777922,0.0013895148111358058,0.0025198342254701966,0.003290491515407723,0.0003318125604181432,0.004069551266263183,0.006147536362468564
2025-01-15,0.01673583509103782,0.020559249905548693,0.020794621221680742,0.013402061312119518,0.016789580951310557,0.016847175758091026,0.006731318597006819,0.013068159547348968
2025-01-16,-0.0010891983065103306,-0.010143835781603605,-0.010004878267732775,-0.00858953409059604,-0.006632565130373025,-0.008311928786684852,-0.0010594319599740443,-0.0009696418912567006
2025-01-17,0.00972684304438709,0.016986598025733768,0.017071227696561442,0.013036887360069027,0.014253212997670905,0.013818707442422973,0.006198490718592353,0.007840660342396388
2025-01-21,0.007924851784531395,0.00863434771056193,0.008685398374121744,0.005178255316041325,0.010352343441908829,0.008026602568631525,0.0026767263070963665,0.006352632469590835
2025-01-22,-5.044528987419028e-05,0.015212841804271182,0.015281334318767437,0.00865192009214999,0.010570684863538293,0.012134718334599226,-0.0007800930044954413,-0.001472089886536354
2025-01-23,0.0064202176857688364,0.005654485114946706,0.005658033805508111,0.005170135715731661,0.006049950112362312,0.0019074379283625653,0.00451387393004854,0.006132519170076289
2025-01-24,-0.0009142301576282597,-0.009930303222284276,-0.009931884919577527,-0.007044780099746961,-0.007440824053361439,-0.006981490975393245,-0.0024867791943583573,-0.00026209014496936245
2025-01-27,-0.0008706499012383073,-0.02245406653194748,-0.022563414445752605,-0.006316589671999995,-0.019089364607127624,-0.01843943244795454,0.017578271059718764,0.007976236184614738
2025-01-28,-0.00043451068329602993,0.01913133361077657,0.019240962200897105,0.008336643105550046,0.011322486832687773,0.014677831523803642,-0.006945067397548632,-0.004429889055650116
2025-01-29,-0.0025209029437109898,-0.008249447512565178,-0.008260165080138826,-0.004506952768018935,-0.006663574325253996,-0.007405102069458214,0.0005584057714016488,-0.0010846318445184577
2025-01-30,-0.000672378098119264,0.002651777967567881,0.0026317830385949037,0.0056893172381335955,0.0026102879111178368,-0.0006261848920808832,0.0056843838968712035,0.0017352797585745705
2025-01-31,-0.009407541641733075,-0.009177866747461572,-0.009121328087374647,-0.00977794209793681,-0.009797426692726319,-0.008114023633097545,-0.009483623815107478,-0.009000197720506864
2025-02-03,-0.005275237509067443,-0.005444371967248562,-0.0054726350170224425,-0.0017690281456788082,-0.004188903467257532,-0.006561592511716952,0.0002820890376229457,-0.0027656395026852687
2025-02-04,0.0065266440973483775,0.006198979831053553,0.006459050589793236,0.004237418251400893,0.0060309283948625225,0.010615969963055027,0.004979896969204312,0.005356604542193333
2025-02-05,0.0029384875929461263,0.011087246555882002,0.011159485201971187,0.006912183207373523,0.007625516442832714,0.0026099689267218285,0.003878698692781235,0.0023362179927066684
2025-02-06,0.005492570456082424,0.01314683521166593,0.013375274899141143,0.008735155333862377,0.010307056404193382,0.005972305957974378,0.0006870980511717306,0.003190481092863129
2025-02-07,-0.007509682016655805,-0.006480754456366644,-0.006701534599972692,-0.0059887393942017475,-0.007440602014150199,-0.011814801176325829,-0.004018456293485295,-0.006721060861999639
2025-02-10,0.008994941344024676,0.005125475072016661,0.0051254967883176406,0.004597869903151697,0.006334315155325898,0.012813681166003787,0.008514959410229395,0.008641190771073282
2025-02-11,0.007610989664725398,0.008627229420797411,0.007967142450822084,0.013773646396665562,0.007685613373783484,0.006909503413575546,0.015068769173589347,0.010155564582613685
2025-02-12,-0.008000791247981365,-0.002026297955437073,-0.002308391662010245,-6.40170058362477e-05,-0.004067804263430896,-0.005808023976594745,-0.002252374277841529,-0.006158093849590096
2025-02-13,0.008390074987120189,0.012312142193737774,0.01230607768940839,0.011271271510627345,0.011163434542474926,0.01251011381744771,0.010229733283477538,0.008470763071843912
2025-02-14,-0.00284926143190789,-0.0039680810535752675,-0.003738633523811763,-0.008695712969200464,-0.004798835444768335,-0.0016240561812197463,-0.010444864064394155,-0.006416874211348178
2025-02-18,0.002587702632782074,0.004293179046763962,0.00446934801582155,0.004013158407246031,0.0033299400228743448,-0.0010626967703960544,0.0037876259549756153,0.002502410520627496
2025-02-19,0.003106480897422381,0.00244925961421405,0.002152834595177122,0.004748915513638652,0.002652115526073695,0.004281758926975021,0.008575581739911575,0.005003634708099058
2025-02-20,-0.0034981387126967745,-0.01199128105248537,-0.012101139100264113,-0.008420675771156683,-0.008909672299646676,-0.0001827192682771761,0.002094101057948272,-0.0016789415223514847
2025-02-21,-0.012319413477971164,-0.014505593891784185,-0.015030886265487209,-0.006741956675040073,-0.014461535222331401,-0.01655099857876674,-0.0009877856026099252,-0.008173571033391336
2025-02-24,-0.0050765071182783394,-0.011459466635069915,-0.011407254537707967,-0.007947158953073297,-0.009087371015357393,-0.0073524670418421145,-0.002379379801032089,-0.003782312204334448
2025-02-25,0.0012142781610093856,-0.0054548788395305525,-0.005689924182785799,0.0010107178083980095,-0.0018511198253569061,0.000640397276289173,0.005470711036756226,0.003725288601685195
2025-02-26,-0.0034308927852443327,0.004684876868410681,0.004876663433424744,-0.0022054999861456093,0.0010945257331498315,-0.0028935316084738316,-0.008271636352076173,-0.005910759928592357
2025-02-27,-0.00992247015998593,-0.021417228904746954,-0.021841832237005976,-0.011055907743381388,-0.01697535524309135,-0.01732486422491253,-0.0027085847232496407,-0.006121246867347607
2025-02-28,0.016079044950369825,0.020785449874644257,0.021074125717862824,0.01635912870546341,0.019009488032772248,0.01696874605265908,0.011574135357399706,0.014274439593485733
2025-03-03,-0.01792454954337075,-0.01744300765485407,-0.018004849639410736,-0.011353177166811168,-0.019173478965730628,-0.023743145822379796,-0.006663313651295688,-0.012490716440192173
2025-03-04,-0.011014696414422764,-0.014906712211185225,-0.014786098756282007,-0.01436187988449833,-0.012441953211584367,-0.005250892071941626,-0.01083401575809162,-0.01106164829777756
2025-03-05,0.007930524372254943,0.006565819894527536,0.006673733373131263,0.004160788062626208,0.00750118196584193,0.008414106472410365,0.003975405896255335,0.0062932782267455245
2025-03-06,-0.006991308582655287,-0.016532423034391064,-0.016882950547122078,-0.009164868074666543,-0.013458265398165303,-0.011193254841916578,0.0004236024692967355,-0.003531153451060254
2025-03-07,0.007735585906017306,0.004225176563450228,0.00426818298323739,0.005445639466617136,0.004733340201838132,0.008066286313473281,0.007430786905445963,0.007958440680181589
2025-03-10,-0.01287384696521976,-0.0207678053965088,-0.021147003980262813,-0.014688118818732332,-0.02005661055012853,-0.02085058756393443,-0.007304041363475622,-0.00985202624032877
2025-03-11,-0.010525169733712536,-0.006360353630776361,-0.006232360866655906,-0.008960789564087746,-0.007106996278766764,-0.005313056715536946,-0.010314388506877492,-0.011092589039758072
2025-03-12,-0.0036518451512969063,-0.00041707744875396635,-1.7655375248004646e-05,-0.005932423475181636,-0.000776205074280778,0.001327800811926405,-0.009977395369864972,-0.007216794825705919
2025-03-13,-0.009267135631583545,-0.007441884782019237,-0.007556297263516143,-0.006803550878906939,-0.008092163030344435,-0.010592647347882234,-0.004225310809796379,-0.007584540221642899
2025-03-14,0.017813808342683535,0.01773409089492639,0.018040586916198365,0.014029865184370216,0.01843803740284833,0.018548346046262765,0.010530429404846053,0.01446087202085744
2025-03-17,0.0049153443316900525,0.001244959516053079,0.0011482619452927167,0.003951481974675541,0.0034232116063492857,0.0018069728074150415,0.007669672709677,0.006012400757294589
2025-03-18,-0.006467272530589652,-0.010494190018299765,-0.010751295833831276,-0.00738834138390998,-0.00877777153214443,-0.009048348467830758,-0.004332914389905684,-0.005320594179240246
2025-03-19,0.007609654125535048,0.008671022479679769,0.008858651601082457,0.006624148924285311,0.00841206370046943,0.00852771852062384,0.004552279572211049,0.0061585396328500686
2025-03-20,0.0023391810922113176,0.0005741050352090493,0.0005955376143158553,0.0006763043551800685,0.0013793525255390016,0.001807466926340373,0.0013933392906999575,0.0020886629741776463
2025-03-21,0.0011938324769587005,-0.00037050407711980426,-0.00039134354376790803,-0.00015693374824699013,0.0008352502979129817,0.0021484664235422724,-0.0005918608001427295,0.0007204645412357547
2025-03-24,0.010613687995811194,0.014351404505688947,0.014595294143987747,0.010229208288365266,0.013302369178970208,0.013172239764528415,0.004021575020913382,0.007717123556509442
2025-03-25,-0.0006280200065809094,-0.001723872006949012,-0.0015958779616088714,-0.0025406658347975064,-0.0008953387700362248,0.0007209734543387469,-0.0035583342004593677,-0.0020654661230196103
2025-03-26,-0.0009509029916204836,-0.005819273426134308,-0.006156925260875523,-0.00015834202316433732,-0.004634302050299466,-0.007961221437496557,0.006192669458435995,0.0027244379828341714
2025-03-27,-0.0012708571023830606,2.3671651772527724e-05,-0.00011068072841513565,0.002279821807615212,-0.0009605028890357081,0.0007637297152298661,0.004337030011746679,0.0010397114110443084
2025-03-28,-0.013415832611599288,-0.014286297028660244,-0.014510991122244965,-0.011323585824635996,-0.014481207935014062,-0.016681580998731516,-0.008256734387940723,-0.011128167515023546
2025-03-31,0.00790876970636023,0.006956141387055581,0.006810546171556853,0.009522158127264868,0.007361959888595004,0.005599152699117482,0.010792165199242643,0.009473679735727547
2025-04-01,-0.0009274451775991288,-0.0067734003780862695,-0.006534224012225032,-0.009013081996989136,-0.004115405312139053,0.002373665566126615,-0.009393276450007981,-0.004139586271778906
2025-04-02,0.00448315924687126,0.003126695105458044,0.0033022092651111556,0.0027250704786849766,0.003976849186550835,0.005437703425438256,0.000688899755283856,0.0030554655256609387
2025-04-03,-0.03589144363146746,-0.02720065309622033,-0.028371006326348813,-0.0200170861476201,-0.030918174460835002,-0.0411032474362123,-0.008597698507219476,-0.02444608920252156
2025-04-04,-0.055518756611416364,-0.056608834230212346,-0.0567882916059087,-0.054932993201526226,-0.05639983448507857,-0.050965814308390756,-0.051470058120272166,-0.05369994575741888
2025-04-07,-0.01200616722736958,0.0007817612264249263,0.0012621788397948475,-0.004994193600736274,-0.004020494917630457,-0.0037638713878448415,-0.013848247246092793,-0.013988089278234472
2025-04-08,-0.01074414473825247,-0.005243711412857732,-0.005238419654137516,-0.005400850145374947,-0.006442403023445231,-0.014095738500507493,-0.007487353793651064,-0.009237497334179778
2025-04-09,0.07780027025725844,0.07012205091203794,0.07141112820900397,0.06116304372086434,0.07472855216156726,0.09520080107221118,0.052706836676253976,0.06663159764786064
2025-04-10,-0.02721538751154895,-0.022524607596840274,-0.023169534150069726,-0.019046377019244165,-0.023108035918000258,-0.03009968944142194,-0.016614168313729638,-0.021975432857600175
2025-04-11,0.017337821083830196,0.024506103394421164,0.024614374497476277,0.023446736870464502,0.02317145780299712,0.021237221774742965,0.01969015346568037,0.017259448582962023
2025-04-14,0.0059945005725867695,0.003950135588479675,0.0036504819467384486,0.005006711463572122,0.003877963283496433,0.0010340154028276594,0.0067144704921955345,0.006642001834570976
2025-04-15,-0.0031910125111771492,-0.0030524676255045957,-0.0029613128345830075,-0.003447301151762172,-0.002611905598965736,-0.0029080170984236986,-0.0035711869257479822,-0.0035046501372362204
2025-04-16,-0.01737696810451783,-0.020046648441076065,-0.020348114356826486,-0.014910025919124159,-0.018768703361595862,-0.02529139263626401,-0.010452668957802058,-0.014185037885023122
2025-04-17,-0.006504400445235481,0.005403190498344035,0.004316632931190556,0.0009390660085208946,-0.006079043185173494,-0.01793665664857258,-0.0027217782873464325,-0.006589343178312834
2025-04-21,-0.023260538707601475,-0.018999096381570046,-0.019391032132430652,-0.018314911560657676,-0.021686161181771246,-0.026973189342229142,-0.018172193179808116,-0.02163137692738859
2025-04-22,0.022937396344764105,0.019224632445249634,0.019386778711772523,0.018596279472950394,0.02065202302845659,0.022603413195226185,0.017280573742575855,0.02093029617558595
2025-04-23,0.008332985925026293,0.0083820578834235,0.008841954169666488,0.003978307716096641,0.008329518072787812,0.014986614859490599,-0.001832004864625536,0.004091599027339132
2025-04-24,0.010759097994898381,0.0038633654555773056,0.004421122957347201,0.0008821060213393128,0.005694296561081558,0.01560842853115374,-0.00024020249891842926,0.0055387541102034366
2025-04-25,0.002494648285751966,0.0073583017540963525,0.007582218191650281,0.004249274766429112,0.005288803545919096,0.009056744590947075,0.001800039914931384,0.0013257438217830764
2025-04-28,-0.00029871764090760866,-0.0034161317565152283,-0.0035237058873960336,-0.0015563875171621389,-0.002001306577973927,-0.003277857223763281,0.0008141605682236985,0.0005517321279480125
2025-04-29,0.0024360137273664595,0.003491894622347669,0.0033562928284822657,0.00273716999875373,0.002404166030237187,0.0012417113564100468,0.0021895285603454884,0.002335558028928375
2025-04-30,-0.002018682942361738,-0.0014714444131029847,-0.0016242005522133507,-0.0013131251179604453,-0.0009309918093984848,-0.0019536482336032224,-0.0011353305020534998,-0.0015435948567817936
2025-05-01,0.004609626776577835,0.0026882789686835107,0.0031921661099276744,-0.0008600658039548126,0.0026388414401459226,0.00988283453135752,-0.00043208643929548707,0.00029686063189426903
2025-05-02,0.010903621128192986,0.013530970587742441,0.013704671848880245,0.013048048570609927,0.012484655840556025,0.0037115124006410483,0.009111507567323818,0.009755147993797397
2025-05-05,-0.009261885137759163,-0.005600824116079983,-0.005681688223161174,-0.004998329379514499,-0.0062020956522754744,-0.012453253007496334,-0.006047248476680256,-0.008258187693427232
2025-05-06,-0.005052579887017905,-0.0044636242692474015,-0.004717786054574735,-0.004132153305700159,-0.005187355785724157,-0.005801931645514458,-0.0026837939731332305,-0.004501370849563258
2025-05-07,0.005763207685312022,0.012416230923685045,0.012342119431605347,0.011931884501209078,0.00978793160509217,0.009434665698449862,0.006969024718194827,0.005668600031050852
2025-05-08,0.006214805020439806,0.0014400638568250468,0.0020012345188875624,-0.0008101400181340646,0.002766011902651355,0.006773388150237647,-0.0029192067930639,0.0029622709421672777
2025-05-09,0.0011808638605259603,-0.004808901735669169,-0.004616438705166259,-0.0057209367837540714,-0.0033573579870211923,-0.0006077794839576267,-0.004307899887550315,-0.00034258819616728164
2025-05-12,0.026541400516761904,0.02735959252092801,0.02820400694174552,0.021662519430551974,0.026356038517234337,0.04328358908847507,0.011306475682209882,0.020066471867943525
2025-05-13,-0.002293369456501493,0.009324819660476491,0.010151613959125338,0.0019817748952390968,0.00255603332429577,0.007627785944580356,-0.021307302251392657,-0.010753648938992999
2025-05-14,0.0010408584209811167,0.009954183633243296,0.01026238740276808,0.0069764973140376,0.00674541815348384,0.006540814871188516,-0.002321513069241332,-0.0011173567594233713
2025-05-15,0.003981809561417027,0.011036057913611286,0.010625077358200175,0.013506381789283095,0.007641510272476282,-0.0030367646250862856,0.010340034978632895,0.006154806428906534
2025-05-16,0.006449036553020759,0.004297745504609818,0.0042136422367426984,0.00514000086979749,0.005589769243734555,0.004371572484459296,0.008107656638462357,0.007519037710039811
2025-05-19,0.00036694539886328315,-0.00018218847568296503,-0.00047721760136687497,0.0008376632308808585,0.0011107683016551295,-0.00016513445619958933,0.006660883454856936,0.002649853435533256
2025-05-20,-0.002964761635118829,-0.0020556330211281004,-0.002361500967890673,-0.00047928693912890896,-0.0017315040209012755,-0.005136651875379927,-2.5271419131556172e-05,-0.001342642394677851
2025-05-21,-0.016929568661067318,-0.010500505828315965,-0.010829694388491573,-0.009381872506119326,-0.012995676962154534,-0.016168855671289895,-0.009281190574153775,-0.015066717522639106
2025-05-22,-0.004581884923612889,-0.0003504013365069891,-0.00019662807671216864,-0.001822432998349166,-0.0015123858852489347,0.0019465125142841266,-0.004054283051011631,-0.005805354076752867
2025-05-23,-0.002777512635663504,-0.001360341087177419,-0.0014852901049330347,-0.00047436168139869395,-0.002209790885868257,-0.008085460550183665,0.0004119026778461876,-0.0011643632535772719
2025-05-27,0.016671452638048923,0.01724876558594457,0.0175594899745648,0.01544404902554386,0.017114744628126788,0.021211404706807047,0.011030925599905705,0.01418637451031346
2025-05-28,-0.006897748363215772,-0.006090717957800473,-0.00620081732756228,-0.005837658453202721,-0.006004179333611415,-0.005260074109615931,-0.006122556093437703,-0.006552177035163309
2025-05-29,0.0073300394223287935,0.011001341429188294,0.010787860062043242,0.010299770591557955,0.009669418766402371,0.008505180708384907,0.006222850978560235,0.00685403704311538
2025-05-30,0.0004258116366258058,-0.003905905698705414,-0.0041220513260240566,-0.001583535625303334,-0.0022854687665239126,-0.004308617092530276,0.0045887762711400715,0.002890722997051176
2025-06-02,0.00178157622727948,0.001511331005691563,0.001457156033489282,0.0008834983224135229,0.0013717711767058383,0.0051300507638156745,0.0006358304413398574,0.0009773499361844795
2025-06-03,0.0054685636863436304,0.004120548110640332,0.004331919144184626,0.002058168301669383,0.004538542926357136,0.0047666007155833245,-0.0018380305532191832,0.002839556569135704
2025-06-04,-0.0035103900623856266,-0.002003437300163391,-0.0018910884577901799,-0.001997385549105002,-0.0019558406033257647,-0.00027055870325976006,-0.003259553398669901,-0.00371625587023261
2025-06-05,-0.0027370130815087546,-0.007243237578762107,-0.007208412181242019,-0.007493113261286766,-0.006393024718388651,-0.005040687147892631,-0.004978897846641739,-0.003539220095453044
2025-06-06,0.012929807016773376,0.011037536821509653,0.011173133970953986,0.0100318443054217,0.01088123172455635,0.016387224708337644,0.010720405156345869,0.012180001926192396
2025-06-09,0.0019358129423052706,0.0028820165507479345,0.0030061287553408977,0.002592656990415554,0.0027215016944310833,0.004749660590945837,0.001972176435057982,0.001377714758216575
2025-06-10,0.007006826240597341,0.0063078149709687725,0.006211993463376642,0.006678050024087057,0.006485813278106489,0.006192305535704268,0.00688740508525254,0.007060163601138036
2025-06-11,-0.000842909262056657,-0.0029968826165157614,-0.002802717433068702,-0.005897861699423079,-0.003889964913228461,-0.004403055957417412,-0.000641839381626319,-0.0009591156699736425
2025-06-12,0.006155563552184162,0.005518893912336287,0.00534499798170307,0.005636380920404305,0.005828444559152324,0.006662142729929821,0.007819152322737999,0.006694292999666951
2025-06-13,-0.007479959432533545,-0.013200028821637622,-0.01344510424096046,-0.011160578130735233,-0.011497092541265741,-0.008348465632312396,-0.005508529524066774,-0.006856875409789076
2025-06-16,0.004838323840272274,0.009116852607691905,0.009638786252880616,0.005010016875607981,0.007235952923252853,0.008289467130092376,-0.0010812455883179029,0.002024936551400236
2025-06-17,-0.00650932858219655,-0.008871117873474055,-0.008703217597658575,-0.01044297765360147,-0.00880352073988433,-0.004697184847467395,-0.007340545123287079,-0.007331807401962376
2025-06-18,-0.00014653429282551755,0.0041272255336592956,0.004389637087814702,0.0007252470358940499,0.002144678986125692,-0.0015707645093026024,-0.004339752230394289,-0.001832789916346278
2025-06-20,0.00049451112151222,-0.0018214622740275743,-0.0017152398908439892,-0.002583589794527996,-0.0018457079850225933,-0.0027184896640954914,-0.0018005563086930243,-0.000111307386989834
2025-06-23,0.00333225499922829,0.0093316118833493,0.009283658592854183,0.009965198840775846,0.008294411918451372,0.0011390674163624936,0.005708771581627969,0.003942369548080027
2025-06-24,0.0061915573565203275,0.012314347989180074,0.012567348767381636,0.00977346938706991,0.010488670213534723,0.008033854806710483,0.001964396456140438,0.004681555757172884
2025-06-25,0.001620882540607882,0.009483197358003626,0.009499448599505245,0.005899960382119707,0.006625847148459485,0.005436968294312727,-0.0012225041428594041,-0.0005910612082796751
2025-06-26,0.009611143710738679,0.0075360081362911835,0.007995981337660218,0.005227352253632134,0.00776168788774001,0.009431678127912235,0.003808912243675966,0.007377176685952058
2025-06-27,0.005986492334560056,0.007818764353771934,0.007976588920052041,0.007288964908458873,0.007316835472615857,0.010971456445896699,0.005974603962837888,0.00589431474751434
2025-06-30,0.0020637943100896283,0.005394108843604695,0.0054848205965007946,0.0029762079091779636,0.003161027520159232,-0.00046498038332787317,0.0002056736434221662,0.0015439542321551425
2025-07-01,0.011978090596320268,-0.0005407825710574965,-0.0007920992929272286,0.002715355798063035,0.00401941005471107,0.006813147362553007,0.01189230822891929,0.014205348443404375
2025-07-02,0.002400471767674439,0.006084809478977382,0.006275651767275292,0.003810574724156135,0.004123406366264737,0.00409782025135641,-0.003435485590224996,-0.0005107900594680803
2025-07-03,0.0067973676159855945,0.009462142008423546,0.009477596047255066,0.00899603241662783,0.008717129519487443,0.008526757937308727,0.005839420370495008,0.005898813241977718
2025-07-07,-0.007967863665794717,-0.00864008120384252,-0.008727679983280834,-0.007644906037803323,-0.007959275233405338,-0.006229739221584096,-0.005903654051384266,-0.007237819771841902
2025-07-08,-0.0017153841789723234,-0.011352931023939417,-0.011345669254132273,-0.010095982865551467,-0.009024512442607824,0.001308828459078315,5.713111731497911e-05,-0.0017656087865068892
2025-07-09,0.004446244961036072,0.0021930089034924993,0.0023867907165460167,0.0014475834703013835,0.003810672021124617,0.007809393677666865,-0.00016345204341838837,0.002495323034599206
2025-07-10,0.006462883245193396,0.010113282139294189,0.010113791144633844,0.009292608786776402,0.008685773961759846,0.0033980580600625476,0.004352222950410045,0.005793017567481851
2025-07-11,-0.00014329073920260615,-0.0021073299152081226,-0.002079078358037778,-0.0021655995355696067,-0.0013460505530743516,0.0034961727553968203,-9.696581576157381e-05,-0.00038232764953183285
2025-07-14,-0.004030872267140939,-0.002299831920783757,-0.0022987681369124324,-0.0030420771777175393,-0.0020567681061316456,-0.005821279049606498,-0.007115679338169922,-0.005177355018001539
2025-07-15,-0.005521925299638797,0.0028066994303814763,0.0029431899626388702,0.0006075636752140845,0.00013629048052088422,0.0022166239735323945,-0.005991777204944815,-0.007030133040830111
2025-07-16,0.0047488810460236675,0.006138276883957738,0.005514582904144083,0.010028728842407464,0.006463028354510625,-0.0007028097566588176,0.01158143048614324,0.007047192406166136
2025-07-17,0.004399156428330553,0.009602895078111962,0.009921069338783006,0.008277656508914655,0.00821407437396271,0.004332356158167405,0.004401767147122149,0.004226751742533841
2025-07-18,-0.002408081373329707,-0.0008829835193510105,-0.0010508608239401251,-0.0011576508292483467,-0.0010318972311124108,-0.0015000555194918386,-0.006065896240504909,-0.00290241585850759
2025-07-21,0.002290494219441941,-0.0012705223709984503,-0.0013716951791163945,-0.00026651846954406366,0.0004787044170200261,0.0033325803097337126,0.0023723766731484908,0.0025330229151172556
2025-07-22,0.004471671812024791,-0.0030466223059608666,-0.0032257692649446668,0.0002324571476501891,9.209718384206589e-05,-0.001181122568769788,0.0060603924027748945,0.006324741663946698
2025-07-23,0.0059461892280876505,0.011349195914817312,0.011491904103736017,0.00919776505834169,0.008696542063141521,0.006409784200337443,0.00502701961617924,0.004428367129630129
2025-07-24,0.0012893171529313463,0.004693718383247836,0.004741009288806497,0.00415679243473166,0.003697648470173176,0.005663906299184118,0.001393777993341283,0.00018751307523179328
2025-07-25,0.0016589653500540535,0.002739917248235857,0.0029580336336763047,0.0012607592053237582,0.0021012529865689356,-0.0003224963071846165,-0.0008384129425397235,0.0008003260879247964
2025-07-28,-0.0007694839629709405,-0.002196824952833354,-0.0020555923840956947,-0.003695984606229663,-0.0020413973932220664,0.004354025292944375,-0.004801489787015778,-0.002627540293306474
2025-07-29,-0.0019984316853309814,0.002954815391014165,0.0027391477573834866,0.004087448515222469,0.0014452005120704214,-0.006589318398932065,0.0027911584099715725,-0.0010850779881107497
2025-07-30,-0.00402584549825824,0.000866608908851374,0.0010288838199579153,-0.0010000607987962207,9.165492246432372e-05,-0.002012495225440447,-0.006599856153866379,-0.0057277855869033445
2025-07-31,-0.006439840998901714,-0.009555149211498026,-0.009102306622913114,-0.00919394396435469,-0.007510762747813815,-0.0018635894022340782,-0.007288914103436239,-0.00850144652071716
2025-08-01,-0.015152122458575779,-0.01121830686112224,-0.012444004677260034,-0.006616719045678066,-0.014383021056700196,-0.026828234572986664,-0.0032730292649870707,-0.010754806005940587
2025-08-04,0.009683813131246222,0.018661492321502715,0.018179968326319296,0.014951014247289729,0.013672941896152091,0.007760792524433846,0.008487689942280552,0.008895440328249515
2025-08-05,0.0027443020683011188,-0.006511112419190779,-0.006243779844519737,-0.005427188980109521,-0.003226506378239735,0.003328869981226612,0.00026204632580850706,0.0031835758036615758
2025-08-06,0.004299907982927786,0.002729648510992,0.0030950631955470875,0.003186046002816356,0.004556235264052466,0.01395045025712105,0.001721084547402496,0.0035030964371023376
2025-08-07,0.001816242425820347,-0.001096633893397092,-0.0012581465476770859,0.0006138752955286986,-0.00018956619419663312,0.0056808067248350635,0.002323101972024011,0.0026092910533523916
2025-08-08,0.007859420027822805,0.004336037558504868,0.00417286786932447,0.004770367030326295,0.004225624046611198,0.01028068255907999,0.005415773326473694,0.0072961434967615535
2025-08-11,-0.0022611609992361226,0.00036792818591391274,9.491399222927299e-05,0.001934559411151282,-0.00014195895210911136,-0.0031030580766187033,0.0019850131596987897,-0.000696760976913513
2025-08-12,0.009148009955545655,0.009905350195520413,0.009948806224186368,0.0052494164984215885,0.007052541584755101,0.007678070196083686,0.004702033623890989,0.0075891266829126725
2025-08-13,0.007120520385439644,-0.004841194332922738,-0.0046250200887271165,-0.002995437018666669,-0.000666137726590077,0.007745496957812126,0.004178382302039152,0.007242367325517307
2025-08-14,0.0005708725874431497,0.0012555107740654936,0.0016407151535575704,-0.00023383756163430913,0.0022438163500355657,0.0030997485290966686,-0.0036111683436242936,-0.0010587527002091646
2025-08-15,0.008100731568545072,-0.00695515445108652,-0.007235274438795569,-0.0022461179101463946,-0.0024143512205174744,0.007023148550718394,0.010567588881459367,0.01117393634816044
2025-08-18,0.000706524258814234,6.933391613395123e-05,0.00024994612495077284,-1.0761950416382504e-05,0.001075654833892603,0.0008849784620530432,-0.0011582926239906977,0.00023773506014390655
2025-08-19,-0.00033834145791244996,-0.006894427163829264,-0.0070228064659009215,-0.0015217292399329896,-0.003355909242036881,-0.007791054894070393,0.004719759970758908,0.0022575138010989537
2025-08-20,-0.0015562737127653437,0.0024580530508704346,0.0023157006482694698,0.0038584720281842344,0.0017660304137920857,-0.00564882352414342,0.002508625687933863,-0.000311377132350632
2025-08-21,-0.0010565563317802562,-0.0025981580362733903,-0.0027401348318483176,-0.0016953296642349125,-0.002589600498825506,-0.001341187838763136,0.00010412391740000082,-0.0005477213932999492
2025-08-22,0.015214192981896968,0.012738850976730998,0.013406994382408888,0.007737308702030488,0.013094324251530676,0.015580731139601234,0.0055323883012170505,0.011737422921014318
2025-08-25,-0.005803429597729282,-0.004804427736550099,-0.004788278686413294,-0.005990647646935354,-0.005376422958656257,-0.0030426817228033087,-0.00800534053589963,-0.007060777573868582
2025-08-26,0.0005645594992265135,0.005308848475942485,0.005412922414686383,0.002937633523292016,0.003750370501556022,0.002018068513764293,-0.002586455242607699,-0.0006962515751126608
2025-08-27,0.003587325822444809,0.002190846835035787,0.0021319122582867944,0.0029622952155639037,0.002232211278055063,0.004343436512149745,0.0051851327729972585,0.003858085272045564
2025-08-28,-0.0008251794662373912,-0.0014051829278668437,-0.0011824071952626358,-0.002541890463043095,-0.00141558875376524,0.0007004947883249013,-0.003178844082609933,-0.0020274775989623794
2025-08-29,-0.0014651495202249176,-0.0060257831723731226,-0.006548920406992287,-0.0013358016480798929,-0.004869162143628425,-0.005140227738871683,0.005587182885221864,0.001660657841967339
2025-09-02,-0.003929796391239915,-0.006724434945882596,-0.006809081603551537,-0.0032526694748562512,-0.005279985599574655,-0.007680182505155675,0.0006278611998218331,-0.0019555999994179674
2025-09-03,-0.0018696141426021162,-0.0006075980612252341,-0.0005879045111722991,-0.0008386136014305601,-0.001615310497422029,0.0029411041421405493,-0.0034482096554290242,-0.0023911083753099804
2025-09-04,0.008152974959088732,0.0067905003035597655,0.006816908735305605,0.005065297068751695,0.007352054941008435,0.011879405599076742,0.0030685619133716813,0.006122593000736698
2025-09-05,-0.008180281082296958,-0.015683456537919582,-0.015901854725642206,-0.013741767679064543,-0.01321642237208187,-0.008993468578482267,-0.008361452350440945,-0.006790511407199662
2025-09-08,0.0015996555496808895,-0.0005620107311669065,-0.0005044304940662325,-0.0017390440875022506,-0.00018922169414603562,0.003943976029467944,0.00037948566139589524,0.0007617506775456917
2025-09-09,0.008721407382607627,0.010704298428284575,0.010856347929288246,0.0075073818304416395,0.009940029864151878,0.00847983366837246,0.006732537195417221,0.008396708849109258
2025-09-10,0.0012065896980950619,0.008966193882445905,0.009036802713151992,0.005088020680831695,0.0060056885644956814,-0.00430785987743143,-0.0002136974884552334,1.2989366478421971e-05
2025-09-11,0.010200364541308238,0.008852642106089048,0.00864291813063578,0.00788608970463911,0.008565035664934273,0.006490513654854091,0.006300441419762048,0.009669507587225068
2025-09-12,0.0001418601125653396,-0.0010770458437361352,-0.0008682570528477651,-0.0004718780387213961,-0.0005350278285363164,0.00039377307263777084,-0.0007595887080638075,-0.000651311253465181
2025-09-15,0.00181113557230006,0.0012024810291704213,0.0013431275488784422,0.00026923561285574493,0.0012907598010070132,0.0025073457834703383,-0.001233612009121532,0.0002625375473181979
2025-09-16,-0.0016674211626164226,-0.004526889389913857,-0.004513866014451362,-0.0028136972488090883,-0.003155274869188651,-0.0021710317307045424,-0.0011009323723221165,-0.001710531235945556
2025-09-17,0.0043623362127427345,0.0016632830467977477,0.001711318991985511,0.003823936483056789,0.00285901893718421,-0.0025698317044381414,0.005995038924395457,0.005610282503933917
2025-09-18,-0.000297107232612559,0.004234998186290584,0.004377662096114898,-0.001212969665263186,0.002461052025054311,0.00047146513463536266,-0.009951571757205069,-0.004099951017199843
2025-09-19,0.002997207728538731,0.004256425565780431,0.004197349511692261,0.0038861852139397968,0.002798848004729848,0.00480591643683681,0.0028351038249738725,0.0026016142415619115
2025-09-22,0.002904372028418978,0.0030363816130292154,0.003028965582638321,-0.0016373933398760032,0.001433788736499464,0.007346081440290364,-0.006124861453225217,1.3589209120867807e-05
2025-09-23,-0.0007721110148314336,-0.0018168740151937035,-0.0021984553236413795,-0.0005115894984786262,-0.002483091545439242,-0.01028330820312573,0.0038740478555052693,0.0014383625190337312
2025-09-24,-0.00035527441188287767,-0.0045239651804350745,-0.0045190165746991084,-0.0022517256729733814,-0.0023070816611726608,-0.002182052043304683,0.00029372599165533586,0.000249093984474813
2025-09-25,-0.00013013854804910796,0.0008773489489737329,0.0006894319726600262,0.00010890496872595357,-0.0002861423899631621,-2.348835607557387e-05,-0.0014326654036173059,-0.0004726233919144507
2025-09-26,0.004629971023517587,0.0054334641763393865,0.005344606146439723,0.005212705096288461,0.00533632464866951,0.0026451869099504144,0.004861074757638972,0.004382435271204299
2025-09-29,0.001463702698287772,0.007678649503964685,0.007600854397442625,0.0066383184641491955,0.00533021653864596,0.005704891724444883,0.0025434171523608384,0.0015758965098944255
2025-09-30,0.0010239910780127648,0.0087794558855403,0.00847560303254169,0.00819963594625972,0.0047186187599219664,0.002605913749973876,0.004913409328558105,0.0016834537148362472
2025-10-01,0.00021679431711696395,-0.0013887813204116473,-0.0013132018625694464,-0.0005263101505281753,-0.0007476646343146376,0.0036274077706279773,0.0003986261935899904,0.0005981246414590302
2025-10-02,-0.00021985588512940524,-0.0038793849563288907,-0.0038805275454146804,-0.004896622122283811,-0.0030608965653553533,0.0021996240995887373,-0.003969156844607302,-0.0013954048627042859
2025-10-03,0.006482896359660595,0.007338807078124621,0.0073665395409263645,0.006593903105062138,0.006591766469379978,0.001610134434580912,0.00753475038471807,0.007065345668320067
2025-10-06,0.0011262017073414565,-0.001766519121454202,-0.0015144072519548413,-0.0022149976338894373,-0.0012734482145627668,-0.001317542468895927,-0.0007307119698327647,0.00028398709717247783
2025-10-07,0.0012767430958413595,0.00021731777359357274,6.709098938628699e-05,0.0022262458629698223,0.0008159916360190866,0.003524668070434611,0.004304096165162807,0.0030282135692767387
2025-10-08,0.0023747111441581037,-0.0014378947664251962,-0.0013299616642454826,-0.002268197451387177,-0.00043316407795368495,0.006594997351156762,-0.0016357019410556672,0.0007189432398133633
2025-10-09,-0.0027275590003086325,0.007374668185402333,0.007343066214830607,0.004982828823632435,0.003828789781906039,0.0007745537651542289,-0.0002726985320046227,-0.00262830637824929
2025-10-10,-0.018814871062736604,-0.014903234277080624,-0.015005691118558095,-0.011325290979202318,-0.015280025170095635,-0.025963962839805843,-0.010261037717000376,-0.015039728417230891
2025-10-13,0.012270690149284835,0.014133841691245763,0.014286707063066562,0.008000726017923121,0.0120053399601312,0.010557136379864884,0.0027386279735397423,0.008751841787377312
2025-10-14,0.00037177023271861565,-0.013351325072051279,-0.01342933868069418,-0.00664869322972228,-0.0070720537052820776,-0.005763180236409315,0.002433262072155884,0.002201359380832324
2025-10-15,0.00016362801578284625,0.0008125558178848635,0.0009056566058109894,0.00013269669143700646,0.0007766755413129989,-0.001479660910293834,-0.003647891345286536,-0.0009473949225662359
2025-10-16,-0.003136837936315251,-0.0019046275428086235,-0.002039728600187085,4.347927803993734e-05,-0.0017247298396750876,0.00027271114664073615,0.001801621928193331,-0.001819116600643933
2025-10-17,0.003376098068887723,0.003329872553449409,0.0032626288173922546,0.005543177362126839,0.0033943794740085576,0.005888717669982446,0.008626435956563316,0.005065607330057453
2025-10-20,0.00873420621578247,0.005604858775486665,0.005620768116192609,0.004568407464560886,0.006191347633579092,0.009171257710991254,0.0038918361078419395,0.007381493091994207
2025-10-21,0.00028793801950177667,0.00046035821796452936,0.0004802288576892799,0.001580578689899248,0.0005741152994058751,0.00595158316576283,0.006508126878938647,0.0020852951237375628
2025-10-22,-0.005183303634435754,-0.005779630744325637,-0.005780547900787969,-0.002722153002111316,-0.005614987693218332,-0.006828103349051595,0.001860292008690534,-0.00333328307475933
2025-10-23,0.0029140996612153636,0.0004315647335249029,0.0004352209801528062,-0.0013153020068443766,0.0007994797496853057,0.003488905281042509,-0.0014344157210957054,0.0011955834923145225
2025-10-24,0.007375100543856261,0.012022507157547047,0.012006019996808837,0.00699963176108076,0.010293463917535384,0.008739814839254345,0.00020868052624933853,0.004742253376629479
2025-10-27,0.008390437119997651,0.01072959041243271,0.010879828450654383,0.008315384946726567,0.009702033211192118,0.012023924016447252,0.004610583893385201,0.006629619901537431
2025-10-28,0.0011370758920723478,0.007748736585800886,0.007873406955458018,0.005056218593024964,0.005589636504808926,0.009177400293017612,0.0004943745316694503,-0.0007679876439190547
2025-10-29,0.001636494166219693,-0.001550393797291827,-0.0014509341222702643,-0.004525770789300276,-0.0003849652700620432,-0.0003352906780209608,-0.008645449154294549,-0.003328423082680332
2025-10-30,-0.005708956345471972,0.0031577673773302006,0.002919422531249216,0.0024278928272885025,0.0004035579849301918,-0.010993667585748601,-0.003727214493189801,-0.0040106763026299674
2025-10-31,0.003551484585609943,-0.00031493689726957985,-0.00045326720565441736,-0.00044508032664902775,0.0010730249735415587,0.011913149231849163,-0.0007961535426013189,0.002116373712182096
2025-11-03,-0.004642845199159362,-0.0035181051159496324,-0.0034609237775733437,-0.006158396591864346,-0.0033968082139861355,0.00572515378919114,-0.009220292359114146,-0.007114733683381003
2025-11-04,-0.0044844608382208495,-0.008459290774525341,-0.008368584979395743,-0.006688202197499549,-0.007035734092648127,-0.010111195436363296,-0.00038845657227104535,-0.002213143945806517
2025-11-05,-0.0019392593041774875,0.0010700147619717715,0.0008578184021736934,-9.42575840781057e-05,-0.00027283162097047065,-0.0053659812921871275,-0.006681415213344422,-0.002986209732519951
2025-11-06,-0.006359711425320658,-0.0031729644647601196,-0.0034902768617850466,-0.0014923283487563443,-0.004038957744774252,-0.01440821082965793,-0.0020022695382680977,-0.004090381380647656
2025-11-07,0.006448252505341978,0.005201097617356876,0.005041671271418746,0.005621429984749682,0.005252532402973298,0.00676971252176628,0.008556175621172502,0.007717028057901754
2025-11-10,0.00894978288258308,0.016379457761500182,0.016603439935554576,0.01173951830027975,0.014010936283290976,0.014434719719845335,0.006070220061925591,0.0065110786066497894
2025-11-11,0.009004536490894388,0.0038617612575209126,0.0041010481881074146,0.007517784391153359,0.006056758530055939,0.005032976419054647,0.014623460484258777,0.011695649199954694
2025-11-12,0.002461597183019304,0.006476717562716505,0.006907429902799134,0.004242810347855119,0.005273845203244809,-0.0025276133226911357,0.0001315884805763723,0.0017358130608999822
2025-11-13,-0.01380971210200832,-0.02022675388596129,-0.020409284365732194,-0.015755570236598015,-0.01852301484907859,-0.015827902087475865,-0.005470650523390463,-0.010472225896539067
2025-11-14,-0.0032302401412945825,-0.0006183297287817302,-0.000626590745975153,5.198570004338876e-05,-0.0012876428960090225,-0.0016262876215022981,0.002154014229276857,-0.002542811568455372
2025-11-17,-0.007520895720425691,-0.002340988944387834,-0.002704876195851691,-0.0018278860997936741,-0.003706951883912679,-0.009451361812320869,-0.0037790055606210515,-0.005841176303663209
2025-11-18,-0.010850862707451836,-0.005268859304229712,-0.005200085989122583,-0.003728124722633508,-0.006653904367350139,-0.01719340644533396,-0.003981500783288627,-0.008024443712886575
2025-11-19,0.0006942735522024179,0.010883814258771274,0.011006586633729443,0.007744932879306665,0.008318918684521615,0.0030068117542871864,-0.00102136677669451,-0.0001222830189970825
2025-11-20,-0.008170922746138731,-0.00945403929423716,-0.009574065921349684,-0.006265037181872324,-0.008760481001896636,-0.011729837575848667,-0.002407233099009698,-0.005400982761733619
2025-11-21,0.008174793419993609,0.004604314967296519,0.004606175257606093,0.00649619906273613,0.005943242043985775,0.010554497525635975,0.009217996308531484,0.009556826585097156
2025-11-24,0.0027831148911123815,0.00776226617772946,0.008144035737385869,0.0030764254550124104,0.006239436621640726,0.006433761485387768,-0.003175255906492702,4.9980756210654675e-05
2025-11-25,0.007045172137716049,0.0033328309269855527,0.003238868170023057,0.0048667357716518644,0.004907467962733891,0.0028154700293880897,0.004986066629368846,0.0070351822555287935
2025-11-26,0.007578202464531669,0.00949515254778932,0.009564539525289018,0.007986124018301233,0.008806704527587916,0.004973951744529526,0.005858402237380211,0.006569255122838458
2025-11-28,0.0057163793211367775,0.0020969821862069082,0.0019741539879432057,0.0024344874203339195,0.003092007239503536,0.0031093164366193804,0.0033272018495174027,0.004980283972028765
2025-12-01,-0.004550709114059415,-0.007486488841617955,-0.007496039992869297,-0.007654878211819649,-0.006740615136716976,0.001819300868689755,-0.005576147568290946,-0.005368954870435205
2025-12-02,0.000297840714418518,0.0011494795959008375,0.0014268550933014268,-0.0006937652499194868,0.0004737811255963731,0.0012207154692134292,-0.005064531347494627,-0.0019427333639382427
2025-12-03,0.006674899687657776,0.004575137338726609,0.004816250403649969,0.0044386030468235305,0.004975637239841957,-0.0004843894421755479,0.0023709658284787327,0.00628919420319729
2025-12-04,-0.003922263796939385,0.0014470028803155177,0.001325976058064171,-0.00018845639262321523,-0.00026448743504592365,-0.005400057058312924,-0.00540256495822089,-0.0055167013024193245
2025-12-05,-0.002196457518663264,-0.0014875142521230122,-0.0009764134654747236,-0.0030301590257589828,-0.0012726941812053472,-0.003999007900937324,-0.0043049036476884295,-0.003416096725143758
2025-12-08,-0.006686018573434094,-0.000651450000055509,-0.00014710899570213876,-0.004188848108179211,-0.0016708565988552415,-0.006661952863768028,-0.0045401773814357504,-0.008012129005377733
2025-12-09,-0.0026935708665639657,-0.010649226142487755,-0.009384011785526614,-0.010237083758710463,-0.007946882982382442,0.00023420848988964238,0.00027913477888397153,-0.002249324635137495
2025-12-10,0.012128105112943377,0.018074172677383205,0.017598031194697716,0.01754087321961939,0.01660763990046421,0.005862373226277251,0.006973198147701476,0.0117441845509767
2025-12-11,0.007780892941738449,0.00489718178102394,0.004942851112467617,0.0050009000293838035,0.005403950476397856,0.001619939958197536,0.004834189269353084,0.0072430331879485
2025-12-12,-0.002738697822352254,-0.006493188063376176,-0.007198082994905652,-0.0027702896242302044,-0.00555532785851609,-0.0026814076367223105,0.0049459499642265925,0.001651953608226231
2025-12-15,-0.0013990406526133148,0.0038587834217271855,0.0038503194818211295,0.005016787977206949,0.002986867671413096,-0.0029827280697692915,0.0036080552342261374,0.0005625966715938624
2025-12-16,-0.0071304548778564625,-0.008443174768031914,-0.008392899034346812,-0.008353450175301425,-0.008655848512582609,-0.0007957655817637521,-0.010105553570563974,-0.00806210291121856
2025-12-17,-0.0033927441251556667,-0.012385289761681517,-0.012492175078523404,-0.00869294019977207,-0.009042510874456067,-0.006171335141245793,0.00531185207055529,-0.00011070465134532803
2025-12-18,-0.00014014365644021698,0.0009660980403558561,0.001219532082694652,-0.0011978206337495134,0.0005591116949019703,0.004851426752897847,-0.0036319518948126905,-0.0023038672381002767
2025-12-19,0.0027930449300603843,0.007389864621816011,0.007714444874543647,0.004660469625210606,0.005891344401289134,0.005263098108177822,-0.00208399876043619,1.9356880296417245e-05
2025-12-22,0.004599147178955043,0.009012347906866003,0.008771034187145865,0.007224029293149803,0.007526158563478935,0.0022709671155409783,0.0019325258056195338,0.003509663365316884
2025-12-23,0.0044481338267097215,0.003745041591787235,0.003731001811997592,0.002893991541754515,0.0037178502427883675,0.00952190814645637,0.0014169299290966997,0.0027303436137653403
2025-12-24,0.004438700634905146,0.005288336381269909,0.005280306864916096,0.005781308437177168,0.005332716292126616,0.0025863707966113925,0.004829686776928632,0.0048282618731019245
2025-12-26,0.0007476572186939645,-0.00015236955934994079,-0.00013943250679004926,-0.0002454473285119496,-0.00012541410834554512,0.0027981641500303134,0.00026821319607028826,0.0005176466406484614
2025-12-29,-0.0028144494936728215,-0.005402184804995769,-0.005550592700401147,-0.004452218112174777,-0.004771751607103525,-0.0025121664674039312,0.0004899807130007705,-0.0015744413206801866
2025-12-30,0.00017738062535932464,-0.0020833607184487235,-0.0022886140716855685,-0.001946828094983144,-0.0019674518201954205,0.00014087666372986085,-0.00043528076459031784,0.0001969820037623915
2025-12-31,-0.00471925305652765,-0.0035781953801522492,-0.0036364445153280744,-0.0034869776235054717,-0.0038388521915377893,-0.0054112895365502345,-0.00396821526571145,-0.004289602475262
2026-01-02,0.007764303575506837,0.010183472941531324,0.010475032764838188,0.00683506279167867,0.008489158655878182,-0.0010188699053084171,-0.0023998533471485395,0.004845326253190674
2026-01-05,0.010306401225365969,0.003454626067485256,0.003527992728202145,0.0010384030221408658,0.0033178418642580976,0.00569946146416811,-0.002746812900689899,0.006188279186689183
2026-01-06,0.0003642958354070913,0.001385878647367278,0.001432448261888597,-0.0012868156290900545,0.00011835242453028805,0.0055947399767133366,-0.0010203401131076983,-0.0003407668171592215
2026-01-07,-0.010342520120733445,-0.006648073198222804,-0.006592933391886047,-0.008028610944774917,-0.008649586123481545,-0.002925189844556808,-0.0030055533263485534,-0.009019971447893682
2026-01-08,0.011365493819749606,0.0015875040021622322,0.001480241424475226,0.0076919383830553745,0.006158466831895026,0.008666662766511735,0.011830379577495664,0.012839212023297186
2026-01-09,0.007492760229324658,0.0033367549237424132,0.0034207065714464413,0.004255117947555176,0.004345366257805683,0.006421559245097352,0.005603254265598601,0.007338666829422191
2026-01-12,0.003163438298772858,0.007274872548873379,0.007443347303180081,0.007265559223291973,0.00720173451140127,-0.0007205438918239659,0.005139671069884111,0.004125861951760568
2026-01-13,-8.853159148969336e-05,0.0007485992613158743,0.0010232709505400006,0.003884049639483189,0.0027062136816315974,-0.0025582221767019853,0.005980172348860169,0.002123721516136934
2026-01-14,0.0002442450537190055,0.0009727203965543829,0.0009717441570373797,0.00546155951275118,0.003203019164171206,-0.008180239076600149,0.00627965336665115,0.0029000027494798797
2026-01-15,0.0043144764423872495,0.010374193682824995,0.01061700979813418,0.003970802858845435,0.006211526511125998,0.0034229855674365872,-0.0034907315345868994,0.0013958825714630585
2026-01-16,-0.0008600665704666666,-0.0010764171752437601,-0.0012861405985287178,0.00011836738945403269,-0.00031523302766800487,-0.001843254210889711,-0.00023670392223740233,-0.0006286400548556337
2026-01-20,-0.010745565294154047,-0.013076183232045846,-0.013195815642365272,-0.007256842194114488,-0.01021436072282822,-0.018631747099544627,0.0019386200279372101,-0.005636500146199319
2026-01-21,0.00949249610460079,0.00882353455851681,0.009070602862665478,0.00773589971816202,0.008607286889404486,0.010339282146785811,0.002967192907719518,0.007622013880765888
2026-01-22,0.007107809035956869,0.004096580661124838,0.004046443762412588,0.005660878388146218,0.005295567754128205,0.009416312599625387,0.007753619113583854,0.007381727664336646
2026-01-23,0.002114762034783224,-0.0024237676097593752,-0.0025636069047362264,0.0011370608001703975,-0.0004483567272930422,0.011780272510002465,0.012150972242242153,0.004617584232733618
2026-01-26,0.004768739983729509,0.0038615786702997923,0.0038637699446164575,0.0024669272627821925,0.003664610380987421,0.0021966220611289167,0.0007599093394274892,0.0035532580438397687
2026-01-27,-0.0055532586551019225,0.009101184786952876,0.009062081492948737,0.008544585172504116,0.00723119270639061,-0.003706123443453113,0.0010842246293714108,-0.004891559952392988
2026-01-28,0.003390174607483587,0.006767930340465078,0.006837772118488683,0.00499935488484371,0.005542659193835453,0.0007525118123588026,0.0033361257908506303,0.0029576677500866566
2026-01-29,0.001259541082004656,0.006536814804993574,0.006598608740932654,0.00903567064605948,0.007475689187814716,-0.001541973526826168,-0.007804554173709177,0.0008457450520229504
2026-01-30,0.001766767338509334,0.0005370834678575243,0.0004588859738086093,0.002794430025500505,0.0012502394627880165,-6.15739588383235e-05,0.004757513581415518,0.003609195349031813
2026-02-02,0.004320093883155796,0.004565148608961511,0.004781217060876308,0.0037947306182055662,0.0036045699497737616,0.003513535022373171,0.0014127856338681521,0.004037939753862796
2026-02-03,0.006268165168700879,0.0074436368484340765,0.007337968290998198,0.011636856156302056,0.00931701224905579,-0.005036063731775786,0.008578367733193204,0.0085990702546761
2026-02-04,0.001948305463650879,-0.006446647973102015,-0.006605912035756889,-0.0007508995865415091,-0.002289701732010485,-0.005363566147562726,0.0057821185188908775,0.004359394558397955
2026-02-05,-0.014245588727976544,-0.004029820382145832,-0.004038846940835894,-0.0013445443067707785,-0.004266112842481018,-0.01949341733988652,-0.004342953008463102,-0.00982525780848198
2026-02-06,0.01646290667184802,0.0298269852664812,0.030263137680927477,0.025427732562859795,0.02619949876087979,0.011722790890051682,0.013493676393460108,0.013329289657103116
2026-02-09,0.004278784054059903,0.005443912007328411,0.005570929670081881,0.0029501548082622175,0.0036314912330290827,0.00581790147892125,0.0010660615050559485,0.0019340244218979397
2026-02-10,0.0005252591181599264,-0.0013135845638360122,-0.0014174847173762384,-0.0014133049380397056,-0.002266558609987257,-0.001950173173237868,-0.0017922697155232648,0.00036672436091245153
2026-02-11,0.008327342232576918,0.01340737721144869,0.013658632978268193,0.013969635244456935,0.011808798379818297,0.00478832001919316,0.00964703688171431,0.009339871496260699
2026-02-12,-0.010669661253046692,-0.00921336033687381,-0.009216926835151185,-0.0067168365570670074,-0.008303952365205758,-0.015284787194284055,-0.00024995056118692904,-0.006016359351793676
2026-02-13,0.001710745094823718,-0.00038670612874791566,-0.0004011984268026403,-0.0018638858385175983,-0.0015721571809820256,-0.0045279232710625505,-0.002786974875645054,0.0012170381854763601
2026-02-17,-0.00045548726535171724,0.002543159934261352,0.0025169604677512947,0.0010599355889606699,0.0023336614848830095,0.005768208219296911,-0.0018374598159662803,-0.0009443604214595114
2026-02-18,0.004387114471726461,0.00463242111653317,0.004537748047257928,0.0037787526798103155,0.004391305217785524,0.00829549018573239,0.003699805745725371,0.00315464704270374
2026-02-19,0.0002760107796722089,-0.0015931674590726752,-0.0014735898064948127,0.000587558410771738,2.796878952127102e-05,-0.0009698549614820529,0.002315177984270722,0.0011156575999669016
2026-02-20,0.003968541007251858,0.0006542397359836638,0.0006582600744571288,-0.00033369317300890877,0.0009993408625741385,0.010410862981960811,-0.0009891703704053567,0.0030220093843478235
2026-02-23,-0.002835775452429412,0.0027603173517156687,0.0027897313771703125,0.006995436882989869,0.003319407888909165,-0.00394217263840102,0.005301118247736936,0.0008589571749650915
2026-02-24,0.00644772587328557,0.008095282044401353,0.008106048509918917,0.005678947790541677,0.006342481832006586,0.009751143304042476,0.0026323369162006838,0.00546149387716488
2026-02-25,0.004960328566899763,0.003207842873105715,0.0031833768240887572,0.0008494436283905671,0.0027318895296641887,0.00744016139948811,0.0022423612586883745,0.0029322661055797283
2026-02-26,-0.007921201466356442,-0.01328348674162827,-0.013463200393163732,-0.011151589069582135,-0.012009329706086813,-0.015923108339212955,-0.0038260496201681926,-0.006440504879604014
2026-02-27,-0.000400179906889675,-0.00990066756657415,-0.009937878538807121,-0.00025838459732185903,-0.003434251687935208,-0.00842911241444222,0.010320549519593492,0.005220575660433768
2026-03-02,0.0006091972734303397,0.0017570667171493692,0.0018810433942584304,-0.0002464238064345814,0.0005347228329264375,0.002367060727516357,-0.0027234266341478186,-0.0018244731560845828
2026-03-03,-0.0087171463269059,-0.01220205030431265,-0.012232497881288107,-0.0126595724421108,-0.011333056116490381,-0.007369329330356278,-0.008845633436813105,-0.00917657530209981
2026-03-04,0.001428481161198869,-0.000785283908144363,-0.0007143452586045873,-0.002810769357995957,-0.001432078518624702,0.008839116606095265,-0.004226216070052025,-0.0012238191839060164
2026-03-05,-0.010888658452215982,-0.019095558694778192,-0.019135915606281917,-0.017832835659235213,-0.01772065541853396,-0.004881785760341484,-0.010414642884260528,-0.011689723930838891
2026-03-06,-0.010336964677812421,-0.009877441804432063,-0.010003691313118956,-0.007854015994097518,-0.00921127508337094,-0.015901981767160067,-0.003683569738084147,-0.007541742048928213
2026-03-09,0.0067418169456412436,0.014574116911360901,0.014647088096860772,0.012737810282469786,0.012622582969320284,0.007993583893317169,0.00632784228211114,0.006274091664330239
2026-03-10,-0.0008897665940226229,0.0031827206499785987,0.0032606075571350868,0.0024004849583780796,0.0023950967780961285,0.0020598501604225383,-0.0009724792768344148,-0.0011069319565687463
2026-03-11,0.00024580431367526856,-0.0020308182897874616,-0.002077240277667425,-0.001788815875373606,-0.0018394524106040144,-0.0005036783876809503,-0.0013261351783164788,-0.0002559490561927502
2026-03-12,-0.008991784620093424,-0.008363408459159394,-0.008516541217899798,-0.007535349488703824,-0.008399934927217134,-0.011911964665701436,-0.005873303968173871,-0.00731868426163218
2026-03-13,-0.0014231594330563757,-0.0006392744806401618,-0.0007601321301407005,0.00026342167373205605,-0.000802028331936766,-0.006454347518815351,-0.00023285139727535764,-0.00022431999574812345
2026-03-16,0.009446696509417318,0.008074950082867849,0.00814325708381558,0.008188105060647377,0.008349024302414687,0.012629741375413284,0.008796363162639986,0.00874883872613097
2026-03-17,0.0010538732790799088,-0.002975212648730241,-0.002955998904666246,-0.0033813522016413744,-0.0025653723473114676,0.002506767632133089,-0.004109366014859783,-0.0009027700738912792
2026-03-18,-0.012951205474445948,-0.010871405158463854,-0.010826157763478617,-0.012149649573364618,-0.011190983762139894,-0.015770581135397754,-0.015418255103696321,-0.013932081392965645
2026-03-19,-0.0017161699640875216,0.0004308160363961644,0.00034541030289614305,-0.0008667237913134729,-0.00037505036580975926,-0.004865851954656608,-0.004180640880397712,-0.0019694188332751716
2026-03-20,-0.010566572937998342,-0.012607733836128121,-0.01256273795993268,-0.010802040829327342,-0.01114254190431363,-0.01431429343874524,-0.00979201888394221,-0.01020555094403397
2026-03-23,0.009198627101926204,0.011867608458849821,0.011930153025644152,0.009772617680303464,0.010823361805930132,0.012067648632856365,0.003804439252539371,0.006903929875097248
2026-03-24,0.002913893460434691,0.0067157293273854,0.006644052655671695,0.0056922719138763345,0.005672424114178565,-0.0024523823177735604,-0.0023299593873594704,0.0018253950263777963
2026-03-25,0.005607707605182588,0.0070333149807226825,0.007131648922165557,0.006794620811445773,0.007140941972979986,0.011039227853836042,0.0062268484572813865,0.005828469427213934
2026-03-26,-0.00859548908042207,-0.01145600016528281,-0.011629450592258728,-0.009946104825052093,-0.010299226910809645,-0.015050574726265031,-0.0071330451016266005,-0.00702828359719021
2026-03-27,-0.009305361043722149,-0.00011970862017174344,-0.0002759361704031127,0.0022364090726625374,-0.0012282066430745475,-0.01739176234636175,-0.0004523992519763764,-0.005583907890270634
2026-03-30,0.0018402331747786604,-0.002019562010942555,-0.002094303207277437,0.0003336758701841802,-0.0007094724045987322,0.001152047035439585,0.00649677357512779,0.003959947712709244
2026-03-31,0.01929902216839241,0.021522091350145267,0.02176359085345103,0.016651983430561623,0.01986479710625244,0.026630536368144497,0.009917449560842728,0.014282172844460206
2026-04-01,-0.0009694386316728698,-0.001734659221830137,-0.001118226842133918,-0.0038321598208057583,-0.0014594952432613884,0.0020913808492082353,-0.006261289704167394,-0.0027770586269131314
2026-04-02,0.0008244352647335251,0.0009596695916831433,0.0008300633825106818,0.000996950518150852,0.0005864481551138834,0.0019714444761551597,0.002442225325128611,0.0011574867840764558
2026-04-06,0.004609477155278707,0.0025361526651586086,0.0024624261385275403,0.0028985912431085392,0.0024625089731382666,0.006324476805355861,0.0018719473650583573,0.003516874825342464
2026-04-07,0.0028370638200436726,-0.0036163125314158107,-0.0036034382470581106,-0.003762767197850292,-0.0028949090605087102,-0.0004241718476760692,-0.00276982714392926,0.0008309093054987837
2026-04-08,0.016677010700813844,0.015776363807914695,0.0165900107664827,0.012606513461320468,0.015910464604186325,0.020964839285364967,0.008354207212113884,0.014082656822616002
2026-04-09,0.007813340584717832,0.004068781837562652,0.0042973062630726755,0.003891193025928663,0.005106516113117188,0.01624537677598581,0.005301521237050633,0.006904649686486852
2026-04-10,-0.0014463135009418204,-0.003158174063604635,-0.0029669071682707493,-0.0039012026286253665,-0.0029382545942104876,0.006656586748873039,-0.007095440445801016,-0.0038740411009395848
2026-04-13,0.003789103848491404,-0.008064065308377444,-0.008001855714561468,-0.007642556467128303,-0.00537520290197635,0.004270816834685887,0.003479792309126317,0.0026738193642681374
2026-04-14,0.004153389629499404,0.0038690679882129597,0.004083255811697661,0.002288010488821657,0.0030390625639058477,0.015090230932483184,0.004238407431135016,0.002378266974749854
2026-04-15,-0.0013334643251192713,-0.006512971765592623,-0.006711260301893063,-0.005464825884647029,-0.005592318933137941,0.003409922918453434,0.0026774853935152,-0.0014192511436494915
2026-04-16,0.00349866245816699,-0.0003187490620208955,-0.0004300593058613744,-5.9124419130252015e-05,-0.00015523476452361518,0.0018340754938726,0.002532182653454784,0.0026657650965766777
2026-04-17,0.009281352455185132,0.005965700514720007,0.006425855435539196,0.004169816265092496,0.006273620255226264,0.01051753735435157,0.004416593332045693,0.007784785911445491
2026-04-20,0.0012241693420351751,0.001398054624700773,0.0013786889496860688,0.0010286330414155387,0.000932165560778575,0.0001346699246276284,-0.006590216656243264,-0.0010703385072646787
2026-04-21,-0.0018251251835108562,-0.010691892526072722,-0.010665665194720564,-0.010556550138377307,-0.00993555176911376,-0.004020573218908585,-0.002446197022776264,-0.0027348410078431584
2026-04-22,0.007885588287818601,0.0039022960706380783,0.003952381248681913,0.003963416182789947,0.00461620643738847,0.0121710962224304,0.006583685405846751,0.006426298400306285
2026-04-23,0.00815398833361014,0.017871436820176,0.018007149845922887,0.01860668640862273,0.016870218148166582,0.00035226687321432415,0.005515759240146023,0.010325308282583823
2026-04-24,0.0036092713027346957,-0.0011749889121877022,-0.0010587473922127888,-0.0016100682217246032,-0.0008258575571187254,0.016323254817825816,0.006668460519338559,0.003143297475118212
2026-04-27,-0.00014503324131998063,7.794607825339916e-05,0.00015105409207527565,-0.0008982657984062392,-0.0003723405855131645,0.0040278671655948894,-0.003558890726323316,-0.002133392597769679
2026-04-28,0.006138148362521578,0.00842118340123954,0.008156582120358857,0.009851411451387682,0.008405163914481095,0.0004917884519550775,0.01449720209086558,0.009511265748732844
2026-04-29,-0.004444866289271099,-0.005350644687753814,-0.005584755621703685,-0.003977557307455304,-0.0048311647962160365,-0.0035895683339755013,-0.0013420495492609819,-0.0037178946271863023
2026-04-30,0.007489384244363739,0.013876425263538605,0.014570609499909848,0.012786759781203694,0.013597102967189079,-0.005632919623162258,-0.005010066992053863,0.005763158141230518
2026-05-01,-7.962864724264662e-06,-0.0051537103796369665,-0.0051082811175195975,-0.004760769592655256,-0.0037126818134011197,0.0038094427817960685,-0.0019429884843912282,-0.0009808260006316516
2026-05-04,-0.009773015438231614,-0.010943944462277977,-0.010989454111327679,-0.008548270873608765,-0.00930322029915831,-0.005030313215466098,-0.008110198073818964,-0.010129423387208347
2026-05-05,0.0072192257606740196,0.010870677468895584,0.01086264021142247,0.008488542894011797,0.008819588660180289,0.0036007064918883724,0.0032193142036081035,0.0064164842658265275
2026-05-06,0.007330728683948129,0.012144633392062731,0.012485398618887089,0.00707515703924666,0.009081476180181403,0.01600164766179324,0.0034270690221693823,0.005136416989532044
2026-05-07,-0.009063447978205796,-0.013202105430655586,-0.013093802625765205,-0.012490191956037067,-0.011731170743218278,-0.002804922814958588,-0.006046084232117499,-0.009053375632133265
2026-05-08,0.0012554473501922292,0.00195812768687742,0.002084172994071043,0.00014060172145358152,0.0019200284872726847,0.00496603226643022,-0.0030083042681992023,-0.00014103050563241126
2026-05-11,0.006337181423031302,0.01464207226443981,0.01457056582355487,0.0114796373335877,0.010984604432067835,0.0019812370400065227,0.0019090559632040094,0.004933048295909792
2026-05-12,0.003892541331287802,0.003549674634702349,0.0035605144030350644,0.005636410192365826,0.005639896153307733,0.0022230777774767674,0.007193053522091208,0.005244598224288577
2026-05-13,0.0043255874613308265,0.008415586821644228,0.008482196350193094,0.008378856357702302,0.008869253505101815,0.008207541972249821,0.005475369912963712,0.004506423471866805
2026-05-14,0.0064182458628736505,0.013481817143697894,0.013591455507514727,0.009898467536559652,0.010092333381757523,0.008693961306710962,0.005069933142562988,0.005144783315845558
2026-05-15,-0.007227847117897035,-0.018596979321599982,-0.01880083708577951,-0.011814029444781826,-0.013806273444542216,-0.010846464059281025,0.001162494488633925,-0.004911207581008936
2026-05-18,-0.0006026377820985696,-0.00875724287345725,-0.008689356667975545,-0.004097758816476227,-0.005005627299056292,0.00026876804794562226,0.005983073518281756,0.0012491268601433347
2026-05-19,-0.0025258983620664033,0.0005643570298059508,0.00040564230677042623,0.001225035354037285,0.00020970004957732158,-0.00681129765974009,-0.00017232999871052979,-0.0009926698917964716
2026-05-20,0.004241423863438731,0.0054450583702927435,0.0058512989484951206,0.00031701701935671345,0.0034853399083936143,0.00951643568979077,-0.0025636978443189795,0.0011591311647103364
2026-05-21,0.0027716587007795557,-0.0005706003903941381,-0.0006246922593866611,0.0003077742193624555,0.0008412690407255674,0.0012262332521237873,0.0012925091685109802,0.0031244732241244577
2026-05-22,0.0030914675890618692,0.003278321905944015,0.0033067070842507373,0.002668320166677063,0.00326652104462144,-0.002092594914381296,0.0036782411335665177,0.003565994700325259
2026-05-26,-0.008631952194586012,-0.001875150006248938,-0.001772920033553116,-0.006544772150720912,-0.005709965274761308,-0.0079410037803469,-0.013071556523469807,-0.010470682030529366
2026-05-27,0.002945033288823007,0.00247562551161562,0.0024865569527350306,0.0028194964351075935,0.0026438358932572292,0.0055589633441541775,0.005459595755296975,0.00438678363410383
2026-05-28,-0.00020260182263354132,-0.0066976226623335355,-0.006597479347417945,-0.006266621519135929,-0.0048669216776293656,0.004322734230966185,-0.0004914502415549471,-0.0013429349299971527
2026-05-29,-0.0037273426674696575,-0.011396253844972448,-0.011317377423173736,-0.012263506837308036,-0.01046839241067754,-0.004639804863669439,-0.004776180274474018,-0.005388649699476056
2026-06-01,-0.0006980011948283238,0.006808131300549469,0.0066365006216331235,0.0031032439991995897,0.0020184480950764527,0.0042260329582402,0.0006852018147958105,-0.0023065514745739257
2026-06-02,0.004287363395729882,0.012386729877206015,0.012501258502668477,0.0063715070335521595,0.008008098193355906,-0.004323914154989672,-0.006423478400512939,0.001994439033502937
2026-06-03,-0.004174377533291307,-0.0007363476106121425,-0.0010703354428770462,-0.0017388025564342158,-0.00269031793004193,-0.013756000049851225,-0.0034932619143652754,-0.0025710849042132056
2026-06-04,0.01213063723193386,0.012589304055481199,0.012698306657300096,0.008981037673741143,0.011680277677462714,0.011114655347942204,0.0042212758901918335,0.008997623470886396
2026-06-05,-0.0077549286613174395,-0.013313105672797865,-0.013413376936914245,-0.007224913065659866,-0.007247518208004511,-0.018269022289846504,0.00802709060282325,-0.0002071629752795623
2026-06-08,-0.00047111795617760244,0.005007102802835339,0.004858855565695208,0.0023208776296657074,0.0022072503585091052,0.00024881145450117437,-0.0014417232113450584,-0.0013862957310415425
2026-06-09,0.0036578701381526635,0.002828809160730028,0.002841242704109348,0.0031771983273940485,0.0046898612597841005,0.001006504815389997,0.008892100618819176,0.006758758444465718
2026-06-10,-0.008958725460396555,-0.012841359509516148,-0.013017244418129237,-0.006333286622247303,-0.007983975012296418,-0.013362483194463759,0.0032229309366673675,-0.0036502459651619468
2026-06-11,0.005345079184767565,0.011668012175448217,0.011996444310841126,0.004244134497828345,0.006717638066630949,0.0077862971471003295,-0.006677843386481697,0.0011407110216461458
2026-06-12,0.0074358890476831085,0.009624875523303711,0.009566664891017984,0.007218521908311404,0.008092554762115345,0.0019561628677022824,0.00592264219397709,0.007208248561272779
2026-06-15,0.002319990821815443,-0.0007908178671106603,-0.0003156212130787095,-0.00355381094132845,-0.0012853924231147618,0.0129109609283391,-0.006274612514520772,-0.001638209302611493
2026-06-16,0.0034601443231672135,0.002033467459002569,0.001961085918007921,0.00033815638440626294,0.0008876667779944558,-0.0015746202839738155,-0.001091620797252446,0.002431861577987915
2026-06-17,-0.010236222833989062,-0.0002596468578544009,-0.0002823042572357437,-0.004644115494558676,-0.004114443538411061,-0.01702601873289522,-0.012231054395061447,-0.010518353579268558
2026-06-18,0.0012341828989193004,0.0004489482387246557,0.0007127643787812055,-0.0015070497104699987,-0.0006945838567429252,0.00934986963794282,-0.007564095044183539,-0.001991687034223255
2026-06-22,-0.0006156050323691264,0.011983153884812303,0.011901389569505927,0.00598913679952795,0.006931315399995697,-0.01275710491149451,-0.0031863701791710053,-0.0011010918927936153
2026-06-23,-5.231757170698348e-05,-0.004376031341335018,-0.004573884938558703,0.0016904216121456095,0.00011059701820737011,-0.004866256855110995,0.014000618591489378,0.00490333432823431
2026-06-24,0.0007051328990881345,-0.000638767268915208,-0.0005074854621284208,-0.0009100869844177462,-8.280721930375989e-07,-0.0004097867045336212,-0.0010341901361035077,0.0012601472355415755
2026-06-25,-0.001031948766415658,0.011652692645568452,0.011351758598050932,0.006250387655861278,0.00658838596344391,-0.014993401088425173,-0.0029100291618061602,-0.0010909075716311056
2026-06-26,0.0035185045317167596,-0.007303504175061093,-0.007174859660401434,0.00376914317991095,0.002206110776842518,0.008305487426910396,0.021539891025867508,0.009313136191919202
2026-06-29,0.0018518727963712234,0.011532446541524743,0.011562885624845087,0.00894857329394827,0.00832282450289945,0.003906748419559181,0.001091900568523263,0.0009648076252262161
2026-06-30,0.0007652726235325424,0.0015341122999414925,0.0016463320987372132,-0.0011818250183469603,-0.001284041439427397,0.0043196857419876,-0.007185092971560114,-0.0025070120492156622
2026-07-01,0.0027551507352359117,-0.01387437111244294,-0.013654370059558274,-0.012701248897928563,-0.008729375204633127,0.008333868186112925,0.004734668464023484,0.003713452614197532
2026-07-02,0.013866000360990727,0.01084125328119434,0.010729426178535562,0.011383296212694072,0.013129566042953122,0.012871406548645048,0.02080889238152861,0.017643255591538676
2026-07-06,-0.0028874574484538673,0.0011371185151645147,0.0011723981447693266,-0.0030415545118370746,-0.0027013170517199425,-0.0024573865384325266,-0.009917712837707149,-0.005932037614307162
2026-07-07,0.008397693893365199,0.005634585025039884,0.005487870597825184,0.008829062856357206,0.007963278058228385,0.007978747444878476,0.016892182227562502,0.01176895125742261
2026-07-08,-0.007353555766580477,-0.005569025252111559,-0.0056976106780421976,-0.005933124516153687,-0.0061897650217879185,-0.003701102424884195,-0.011136593518852878,-0.00937739035118379
2026-07-09,-0.0005902656975738108,-0.004943703373465391,-0.004764822303093497,-0.007382466249753583,-0.004975559930564644,0.0006039161197883836,-0.007705898562228364,-0.0031574264276207353
2026-07-10,0.00555226955096999,0.006089811233930265,0.006203001443770395,0.0060137675712153005,0.004946158324187877,0.008306885712048517,0.004029425662171793,0.004764738716587669
2026-07-13,0.0026761610621510723,-0.00039142587711304966,-0.0008496587398194588,0.0015455608109682384,0.0004232970997941621,-0.0011148494139179288,0.008799827195273613,0.005219490178187902
2026-07-14,0.005907691210504051,0.015802100103235794,0.015536254140533945,0.004944429120797844,0.005498933147761287,0.00492014267683083,-0.007454873611898005,0.0008114529894480693
2026-07-15,0.0036729420051391237,-0.00862621153346621,-0.008468768348361744,-0.00901239430789258,-0.007147522828684583,0.011365149736930702,-0.0014311253790114664,0.001347061526440596
2026-07-16,0.0012731906148184535,-0.00944938392937722,-0.00935472927524017,-0.0028121009663113483,-0.0020839390388917023,-0.00012784064146331708,0.012986571136520464,0.006540305808122593
2026-07-17,-0.00807134995875114,-0.011555522270989438,-0.011560351709840821,-0.008579393591595985,-0.009101895030359186,-0.01244316861696837,-0.010043870326557292,-0.008398071039284916
2026-07-20,-0.003137424954292256,-0.006587420185038773,-0.006630769281056437,-0.005358773097726588,-0.006131815548802599,0.0014904945790239488,0.0007698468157188998,-0.002463328793924968
2026-07-21,0.007555096668147021,0.015356223351041365,0.015244740947657043,0.012941201751365927,0.012154296386015062,0.0017396608989626028,0.0033648489921367375,0.0056258064139629305
2026-07-22,0.004842284535599761,0.010845939813388883,0.010807448403977293,0.009371953413670475,0.008159585076529474,0.0029297249146620352,0.005045376608667329,0.0053661669547584445
2026-07-23,-0.00840459395520543,-0.00198634767738215,-0.0018831337140499116,-0.0007731278686955445,-0.0029250648439383964,-0.017252808783537077,-0.00536639781859416,-0.006860580264944627
2026-07-24,0.00520945961439323,0.001800494954212306,0.002041440327047006,0.0037256098098219503,0.004777631669772964,0.004207322512434608,0.007122129708458713,0.006556714745953096
2026-07-27,-0.00382557152269003,-0.003145434684317938,-0.0029183837456094874,-0.001529147781486162,-0.0009016019854088952,-0.00658852427604395,0.005162950208092987,-0.0006144319964835887
2026-07-28,0.004485761310938363,0.0011735719560224123,0.0013996541296215081,0.0035876539802075502,0.005235692455386465,0.006364974855649352,0.011697583213999607,0.007480093073773064
2026-07-29,-0.013304297509694862,-0.019614334973526937,-0.02004424908931668,-0.015563267084161114,-0.01627641059159135,-0.013455449208040982,-0.00440721088793028,-0.009102457246056739
2026-07-30,0.013313468926229977,0.005399987450031896,0.005407841508376698,0.0026525579918166287,0.0026547140984285456,0.024184016391839425,0.015424963232754108,0.009549592994702927
2026-07-31,0.0032382489814186677,-0.0028322032532180907,-0.0025205459920526474,0.0014009908876271293,-0.0011105892468651346,0.0264893414764249,0.004957502492036747,0.0013773394690776986
2026-08-03,0.008090840926414877,0.004860286542245573,0.004874199140808111,0.005502806961553919,0.004235569341433099,0.013620079400196605,0.006043047948985469,0.005767099167159895
2026-08-04,0.009267170929190716,0.01306992507329241,0.01338648380545493,0.008847178760364338,0.00972887932199451,0.00930656961627152,0.005796607399324083,0.007330545581573755
2026-08-05,0.0008340754140254703,0.0010696108073389166,0.00143726931486432,-0.00044004022687182953,0.0014928414833923487,0.005059741575021093,-0.0003713734427754911,0.00012265074755735128
2026-08-06,-0.002421014629662932,-0.003965887512783706,-0.004305954168491555,-0.0006919836040054639,-0.003202534516343558,-0.002422398731723896,0.0027322805930036775,-0.001063810207084681
2026-08-07,0.001993809429534199,-0.0004433458160344461,-0.00017403952495731456,0.00024943014221689985,0.0015848021560871395,0.0059573373254511175,0.0005414891436397173,0.0013804517274209616
2026-08-10,0.004185371733905541,0.005859269983183868,0.0052433792365425,0.007682146385870503,0.004225227847816093,-0.001666368539296248,0.008318471791110227,0.005991167875216474
2026-08-11,-0.001990481897148899,-0.0019065494586749665,-0.0017614632071984992,-0.0018044700834340954,-0.0023157176340699026,-0.005250632124930488,-0.0037296150762535785,-0.00237506667291143
2026-08-12,-0.0025415326352807854,0.00552615400253087,0.005766616010643988,0.002863516084215423,0.003294482284702749,0.0015842141075681493,-0.0023490417198238633,-0.0031811602390524607
2026-08-13,0.00043740029292882454,0.00153164689965668,0.0015962922785655032,0.0019043036887067544,0.0023180038851029483,0.0016967316469509441,0.0022114789717000427,0.0009165568371827248
2026-08-14,0.001040388287448346,0.000422630998595519,0.0003165941413447726,0.0003719307739595834,0.00018591961231506637,-0.0003060612084970771,0.0009392194915238683,0.001234382719605076
2026-08-17,-0.001113018108049424,0.008947232867938526,0.00864111906792342,0.003782202529029721,0.003713598825406672,0.00016196517081312756,-0.0037601211729778594,-0.002048927986950555
2026-08-18,0.002034694989794694,0.0027751326743050697,0.0025090041843269795,0.007056272688148013,0.005377640272976381,-0.002768243536180659,0.01089766813167925,0.0061960392140603116
2026-08-19,0.0012732271214483948,-0.003295118454837098,-0.003458626597308778,-0.0003997021308699278,0.0002440721667620327,0.002239112533978904,0.00446104264079894,0.003131137883795043
2026-08-20,-0.009483036546347856,-0.0068444089788101126,-0.007107773434085085,-0.007001924095694334,-0.008568182943282876,-0.010107889946254778,-0.0070455194716047,-0.008898372401780041
2026-08-21,0.004209262595321839,0.008637405738170179,0.008585220693680062,0.005249577013642925,0.0060185792569691365,0.0025886621191679726,0.005435288060449794,0.004469481574750134
2026-08-24,0.0022511893624335144,-0.001771348106370918,-0.001622176439277423,0.0014134315578728796,0.0012888814275138216,-0.002811742518382898,0.005594944591378548,0.004072808310148002
2026-08-25,-0.00018843865332784926,0.0005235157140683899,0.0008684747121616709,-0.0002332225311970637,0.0011458995792685833,0.004213746856155609,-0.001792578511517262,-0.0014016044169624653
2026-08-26,-0.0026286193183239215,-0.008908157859591093,-0.00875201649659707,-0.007386943112294264,-0.0068221034048793205,-0.004583843276758204,-0.005390004721617214,-0.0035913537159908415
2026-08-27,-0.0012425375812562534,-0.004440673322513855,-0.004041179170726883,-0.004341564793981623,-0.0029302218716839024,0.012258698671686163,-0.004953112402635296,-0.0043211138264542814
2026-08-28,0.001975381736362136,-0.001977695794790235,-0.002149814518338289,0.00130133447908376,0.00033559318563902707,-0.0006027150458374209,0.0047450897846410545,0.003506216210604318
2026-08-31,-0.00110485599568233,-0.0015987369918444294,-0.001861910647098064,-0.0020405885210897923,-0.0029872717871138876,-0.0030306074292349994,-0.0016614710947304712,-0.0009679103143891421
2026-09-01,-0.00020097503904126235,-0.0011155570881530297,-0.0012840103196201103,0.0004022305397477499,0.0012047152653404947,-0.003504920110230181,0.0026285000709871387,0.0016966877574200456
2026-09-02,0.00511496478737361,0.007977482123733282,0.008116138640637871,0.006576376734699352,0.007014218727181776,0.008790257584029515,0.0058781128994429555,0.004937011541185754
2026-09-03,0.00880020896013134,0.010739859015233666,0.010676639300626345,0.009988687089945936,0.009644720426330133,0.012766895077823914,0.007037385196245527,0.007434729040041166
2026-09-04,-0.006329243640351256,-0.004310593029098642,-0.00417306453728139,-0.00675370166615874,-0.006512744873554799,-0.004752058010553228,-0.008499915903762645,-0.007387585375688732
2026-09-08,-0.005912219162787835,-0.0027912589582594904,-0.002981673198232504,-0.004181470518748953,-0.0047196457116776,-0.00773909719446042,-0.006157194682143707,-0.005895383717313907
2026-09-09,-0.005642715384142183,-0.0030849195183452194,-0.0032004723745220343,-0.0022886645696011954,-0.0032575896657460746,-0.007148411917016206,-0.005904509313805706,-0.0056909502854806115
2026-09-10,-0.0030856566584105405,-0.004512230286116248,-0.004490600646180232,-0.003014890867265585,-0.002645444565132493,-0.0032614768923897586,-0.002148022550352735,-0.002441963358799315
2026-09-11,0.006252572528997247,0.006375725910595431,0.00636224259739171,0.005789272206518925,0.00560745302837895,0.007588053587212595,0.00452678829589459,0.0055855637391224455
